geo,name,year,income,life_expectancy,fertility,population
afg,Afghanistan,1960,4.1454,52.3,7.282,9035043
afg,Afghanistan,1961,4.1441,52.6,7.284,9214083
afg,Afghanistan,1962,4.1742,52.9,7.292,9404406
afg,Afghanistan,1963,4.214,53.1,7.302,9604487
afg,Afghanistan,1964,4.2444,53.3,7.304,9814318
afg,Afghanistan,1965,4.2948,53.6,7.305,10036008
afg,Afghanistan,1966,4.2885,53.8,7.32,10266395
afg,Afghanistan,1967,4.3599,54.1,7.339,10505959
afg,Afghanistan,1968,4.4601,54.3,7.363,10756922
afg,Afghanistan,1969,4.4745,54.6,7.389,11017409
afg,Afghanistan,1970,4.5099,54.8,7.4,11290128
afg,Afghanistan,1971,4.4414,55,7.432,11567667
afg,Afghanistan,1972,3.6614,55.2,7.453,11853696
afg,Afghanistan,1973,3.7225,55.3,7.487,12157999
afg,Afghanistan,1974,3.874,55.4,7.526,12469127
afg,Afghanistan,1975,4.0552,55.6,7.542,12773954
afg,Afghanistan,1976,4.2251,55.8,7.561,13059851
afg,Afghanistan,1977,3.9573,55.9,7.591,13340756
afg,Afghanistan,1978,4.1956,53.7,7.599,13611441
afg,Afghanistan,1979,4.0621,51.9,7.612,13655567
afg,Afghanistan,1980,4.0975,51.4,7.643,13169311
afg,Afghanistan,1981,4.6584,51.9,7.617,11937581
afg,Afghanistan,1982,5.2369,50.5,7.6,10991378
afg,Afghanistan,1983,5.6248,46.9,7.57,10917982
afg,Afghanistan,1984,5.6537,43.8,7.554,11190221
afg,Afghanistan,1985,5.584,46.5,7.55,11426852
afg,Afghanistan,1986,5.8282,48,7.553,11420074
afg,Afghanistan,1987,5.318,50.3,7.548,11387818
afg,Afghanistan,1988,4.8961,52.9,7.551,11523298
afg,Afghanistan,1989,4.4988,57.7,7.559,11874088
afg,Afghanistan,1990,4.3916,59,7.576,12045660
afg,Afghanistan,1991,4.0686,58.8,7.631,12238879
afg,Afghanistan,1992,3.947,59.2,7.703,13278974
afg,Afghanistan,1993,2.7373,59.6,7.761,14943172
afg,Afghanistan,1994,2.0526,59.5,7.767,16250794
afg,Afghanistan,1995,3.0742,60.3,7.767,17065836
afg,Afghanistan,1996,2.9508,60.9,7.757,17763266
afg,Afghanistan,1997,2.8438,60.6,7.732,18452091
afg,Afghanistan,1998,2.7487,59.4,7.693,19159996
afg,Afghanistan,1999,2.6507,61.1,7.641,19887785
afg,Afghanistan,2000,2.5963,61.2,7.566,20130327
afg,Afghanistan,2001,2.3883,61.3,7.453,20284307
afg,Afghanistan,2002,3.0461,62.1,7.32,21378117
afg,Afghanistan,2003,3.1508,63.1,7.174,22733049
afg,Afghanistan,2004,3.1181,63.5,7.018,23560654
afg,Afghanistan,2005,3.3766,63.8,6.858,24404567
afg,Afghanistan,2006,3.45,64,6.686,25424094
afg,Afghanistan,2007,3.8815,64.3,6.508,25909852
afg,Afghanistan,2008,3.9639,64.7,6.392,26482622
afg,Afghanistan,2009,4.6545,65.2,6.295,27466101
afg,Afghanistan,2010,5.1846,65.6,6.195,28284089
afg,Afghanistan,2011,5.018,66,6.094,29347708
afg,Afghanistan,2012,5.4334,66.3,5.985,30560034
afg,Afghanistan,2013,5.5449,66.7,5.879,31622704
afg,Afghanistan,2014,5.4928,66.5,5.77,32792523
afg,Afghanistan,2015,5.4014,66.3,5.652,33831764
afg,Afghanistan,2016,5.3852,66.5,5.542,34700612
afg,Afghanistan,2017,5.3746,66.6,5.433,35688935
afg,Afghanistan,2018,5.2825,66.3,5.327,36743039
afg,Afghanistan,2019,5.3278,66.2,5.238,37856121
afg,Afghanistan,2020,5.041,64.6,5.145,39068979
afg,Afghanistan,2021,3.9025,62,5.039,40000412
afg,Afghanistan,2022,3.6068,68,4.932,40578842
afg,Afghanistan,2023,3.6107,68.5,4.84,41454761
afg,Afghanistan,2024,3.7066,68.81,4.761,42647492
ago,Angola,1960,5.1653,41.9,6.708,5231654
ago,Angola,1961,5.8166,40.5,6.79,5301583
ago,Angola,1962,5.6225,40.7,6.872,5354310
ago,Angola,1963,5.8749,40.8,6.954,5408320
ago,Angola,1964,6.4964,41,7.036,5464187
ago,Angola,1965,6.9396,41.3,7.116,5521981
ago,Angola,1966,7.295,41.7,7.194,5581386
ago,Angola,1967,7.6712,42,7.267,5641807
ago,Angola,1968,7.5054,42.3,7.332,5702699
ago,Angola,1969,7.6711,42.7,7.388,5763685
ago,Angola,1970,8.1069,43,7.434,5852788
ago,Angola,1971,8.2087,43.4,7.467,5991102
ago,Angola,1972,8.1428,43.8,7.488,6174262
ago,Angola,1973,8.5839,44.2,7.498,6388528
ago,Angola,1974,8.443,44.6,7.5,6613367
ago,Angola,1975,6.4677,44.9,7.494,6842947
ago,Angola,1976,5.936,45.2,7.485,7074664
ago,Angola,1977,5.9173,45.5,7.475,7317829
ago,Angola,1978,5.7911,45.8,7.467,7576734
ago,Angola,1979,5.7773,46.1,7.461,7847207
ago,Angola,1980,5.8378,46.4,7.459,8133872
ago,Angola,1981,5.8915,46.7,7.459,8435607
ago,Angola,1982,5.944,47,7.461,8751648
ago,Angola,1983,6.0967,47.2,7.462,9082983
ago,Angola,1984,6.4289,47.4,7.459,9425917
ago,Angola,1985,6.3066,47.7,7.451,9779120
ago,Angola,1986,6.2647,47.9,7.435,10139450
ago,Angola,1987,6.7717,48.2,7.409,10497858
ago,Angola,1988,7.5111,48.3,7.373,10861291
ago,Angola,1989,7.7284,49.3,7.328,11238562
ago,Angola,1990,7.7885,49.7,7.272,11626360
ago,Angola,1991,7.8882,50.4,7.208,12023529
ago,Angola,1992,7.4376,50.5,7.138,12423712
ago,Angola,1993,5.6503,49.2,7.065,12827135
ago,Angola,1994,5.7132,50.6,6.99,13249764
ago,Angola,1995,6.5385,51.6,6.918,13699778
ago,Angola,1996,7.3755,52.6,6.851,14170973
ago,Angola,1997,7.8477,53.1,6.789,14660413
ago,Angola,1998,8.139,53.1,6.732,15159370
ago,Angola,1999,8.2295,53.3,6.683,15667235
ago,Angola,2000,8.3803,54,6.639,16194869
ago,Angola,2001,8.2512,54.4,6.601,16747208
ago,Angola,2002,8.1241,55.1,6.567,17327699
ago,Angola,2003,7.999,55.8,6.533,17943712
ago,Angola,2004,7.8758,56.4,6.499,18600423
ago,Angola,2005,7.7545,57.1,6.461,19291161
ago,Angola,2006,7.6351,57.4,6.419,20015279
ago,Angola,2007,7.5175,58.3,6.372,20778561
ago,Angola,2008,7.4017,59,6.32,21578655
ago,Angola,2009,7.2738,59.5,6.26,22414773
ago,Angola,2010,7.1482,60,6.194,23294825
ago,Angola,2011,7.0247,60.5,6.12,24218352
ago,Angola,2012,6.9034,61.1,6.039,25177394
ago,Angola,2013,6.7841,61.7,5.953,26165620
ago,Angola,2014,6.6669,62.3,5.864,27160769
ago,Angola,2015,6.5517,62.7,5.774,28157798
ago,Angola,2016,6.4386,63,5.686,29183070
ago,Angola,2017,6.3274,63.3,5.6,30234839
ago,Angola,2018,6.2181,63.6,5.519,31297155
ago,Angola,2019,5.9687,63.8,5.442,32375632
ago,Angola,2020,5.4511,62.8,5.371,33451132
ago,Angola,2021,5.3437,61.8,5.304,34532429
ago,Angola,2022,5.3361,64,5.209,35635029
ago,Angola,2023,5.23,64.3,5.124,36749906
ago,Angola,2024,5.2976,64.5,5.048,37885849
alb,Albania,1960,4.4412,61.8,6.383,1649387
alb,Albania,1961,4.4634,62.4,6.273,1698791
alb,Albania,1962,4.5961,62.8,6.106,1743733
alb,Albania,1963,4.7374,63.4,5.927,1791285
alb,Albania,1964,4.8835,64,5.714,1841441
alb,Albania,1965,5.0456,64.6,5.474,1894312
alb,Albania,1966,5.2179,65.1,5.325,1950044
alb,Albania,1967,5.4004,65.6,5.31,2008521
alb,Albania,1968,5.576,66.1,5.317,2068841
alb,Albania,1969,5.7467,66.5,5.287,2126875
alb,Albania,1970,5.9404,67,5.158,2181220
alb,Albania,1971,6.0945,67.6,5.083,2234992
alb,Albania,1972,6.2456,68.1,4.979,2289265
alb,Albania,1973,6.4335,68.7,4.829,2344105
alb,Albania,1974,6.47,69.2,4.7,2399401
alb,Albania,1975,6.5109,69.7,4.566,2454859
alb,Albania,1976,6.5586,70.1,4.374,2510580
alb,Albania,1977,6.6033,70.5,4.204,2566599
alb,Albania,1978,6.6671,70.8,3.996,2624621
alb,Albania,1979,6.7274,71.1,3.782,2681385
alb,Albania,1980,6.768,71.3,3.59,2735416
alb,Albania,1981,7.28,71.4,3.468,2790413
alb,Albania,1982,7.5871,71.5,3.416,2846907
alb,Albania,1983,7.7329,71.5,3.319,2905130
alb,Albania,1984,7.916,71.5,3.282,2964958
alb,Albania,1985,7.9096,71.4,3.214,3026242
alb,Albania,1986,8.2196,71.6,3.141,3087652
alb,Albania,1987,8.2234,71.7,3.106,3148838
alb,Albania,1988,8.2557,71.7,3.069,3212919
alb,Albania,1989,8.9102,71.8,3.03,3260374
alb,Albania,1990,8.4136,71.9,3.014,3277966
alb,Albania,1991,6.1306,72.1,2.956,3282602
alb,Albania,1992,5.7768,72.5,2.885,3282501
alb,Albania,1993,6.369,72.9,2.811,3277825
alb,Albania,1994,6.9307,73.3,2.798,3269410
alb,Albania,1995,7.8085,73.6,2.762,3258567
alb,Albania,1996,8.442,73.7,2.666,3245678
alb,Albania,1997,8.4728,72.2,2.535,3229660
alb,Albania,1998,8.5037,74.5,2.425,3210133
alb,Albania,1999,8.5347,74.9,2.313,3188595
alb,Albania,2000,8.5658,75.1,2.217,3166148
alb,Albania,2001,8.597,75.5,2.141,3147943
alb,Albania,2002,8.6283,75.6,2.002,3134092
alb,Albania,2003,8.9883,75.7,2.006,3118088
alb,Albania,2004,9.3633,76,1.889,3098657
alb,Albania,2005,9.7539,76.3,1.787,3076159
alb,Albania,2006,10.054,76.9,1.686,3050809
alb,Albania,2007,10.3633,77.4,1.633,3022887
alb,Albania,2008,10.6821,77.6,1.616,2992930
alb,Albania,2009,10.5407,77.9,1.638,2961479
alb,Albania,2010,10.4012,78.1,1.653,2928722
alb,Albania,2011,10.2635,78.3,1.677,2911504
alb,Albania,2012,10.1277,78.4,1.719,2910004
alb,Albania,2013,10.4545,78.5,1.741,2907573
alb,Albania,2014,10.7918,78.5,1.721,2903749
alb,Albania,2015,13.0307,78.5,1.631,2898632
alb,Albania,2016,23.9186,78.7,1.555,2897867
alb,Albania,2017,24.2862,78.8,1.486,2898242
alb,Albania,2018,25.7669,78.9,1.415,2894231
alb,Albania,2019,14.6318,78.9,1.395,2885010
alb,Albania,2020,14.8472,77.4,1.371,2871954
alb,Albania,2021,16.3295,76.9,1.365,2849635
alb,Albania,2022,17.3271,78.7,1.355,2827608
alb,Albania,2023,18.2172,79.6,1.348,2811655
alb,Albania,2024,19.1577,79.8,1.341,2791765
and,Andorra,1960,21.6876,72.9,2.545,9510
and,Andorra,1961,23.5385,73.1,2.543,10283
and,Andorra,1962,25.5488,73.4,2.548,11086
and,Andorra,1963,27.7287,73.6,2.602,11915
and,Andorra,1964,30.0961,73.9,2.689,12764
and,Andorra,1965,32.6647,74.1,2.715,13634
and,Andorra,1966,35.453,74.3,2.759,14626
and,Andorra,1967,38.478,74.6,2.78,15837
and,Andorra,1968,41.7614,74.9,2.77,17176
and,Andorra,1969,45.3254,75.2,2.769,18555
and,Andorra,1970,49.1925,75.4,2.787,19977
and,Andorra,1971,49.1136,75.6,2.832,21442
and,Andorra,1972,50.7066,75.8,2.905,22957
and,Andorra,1973,52.2906,76.1,2.826,24523
and,Andorra,1974,53.0572,76.4,2.735,26130
and,Andorra,1975,51.4969,76.7,2.458,27773
and,Andorra,1976,51.6233,76.8,2.207,29436
and,Andorra,1977,51.7104,77.1,2.029,31097
and,Andorra,1978,51.1691,77.4,1.884,32735
and,Andorra,1979,49.8294,77.6,1.795,34306
and,Andorra,1980,49.3857,77.8,1.83,35782
and,Andorra,1981,47.6322,77.8,1.797,37169
and,Andorra,1982,46.4418,78,1.726,38764
and,Andorra,1983,45.4345,78.3,1.574,40565
and,Andorra,1984,44.442,78.5,1.475,42273
and,Andorra,1985,43.7301,78.6,1.434,43825
and,Andorra,1986,43.4788,78.7,1.397,45734
and,Andorra,1987,44.24,78.9,1.367,47653
and,Andorra,1988,44.8667,79.1,1.365,49416
and,Andorra,1989,45.4163,79.2,1.395,50620
and,Andorra,1990,45.5447,79.4,1.401,52597
and,Andorra,1991,43.9445,79.5,1.397,56667
and,Andorra,1992,42.13,79.7,1.373,60200
and,Andorra,1993,39.9385,79.8,1.334,63272
and,Andorra,1994,40.0987,80,1.317,64612
and,Andorra,1995,41.5222,80.1,1.319,63912
and,Andorra,1996,43.5058,80.3,1.329,63984
and,Andorra,1997,47.2127,80.4,1.354,64700
and,Andorra,1998,48.4973,80.6,1.383,65382
and,Andorra,1999,50.3931,80.7,1.421,65710
and,Andorra,2000,52.0255,80.8,1.273,65685
and,Andorra,2001,55.801,81.2,1.305,65852
and,Andorra,2002,57.8239,81.4,1.265,66506
and,Andorra,2003,60.7103,81.7,1.18,69486
and,Andorra,2004,61.8754,81.9,1.229,74325
and,Andorra,2005,63.2169,82.1,1.224,77421
and,Andorra,2006,64.8356,82.3,1.234,79585
and,Andorra,2007,64.2185,82.5,1.189,81877
and,Andorra,2008,59.6267,82.6,1.25,83495
and,Andorra,2009,56.3282,82.7,1.208,83888
and,Andorra,2010,57.4141,82.7,1.275,80706
and,Andorra,2011,59.5668,82.9,1.321,77783
and,Andorra,2012,57.3029,83.1,1.26,76834
and,Andorra,2013,56.4754,83.2,1.142,75194
and,Andorra,2014,59.0337,83.3,1.168,73737
and,Andorra,2015,61.1771,83.4,1.223,72174
and,Andorra,2016,63.4404,83.6,1.184,72181
and,Andorra,2017,62.2947,83.7,1.129,73763
and,Andorra,2018,62.1065,83.8,1.053,75162
and,Andorra,2019,62.2713,83.9,1.045,76474
and,Andorra,2020,54.6593,82.7,1.028,77380
and,Andorra,2021,58.4456,83.4,1.058,78364
and,Andorra,2022,62.9583,83.2,1.071,79705
and,Andorra,2023,63.6655,83.9,1.082,80856
and,Andorra,2024,64.9431,84.1,1.087,81938
are,UAE,1960,3.2799,52.4,6.499,131334
are,UAE,1961,3.7106,53.1,6.494,137989
are,UAE,1962,4.1977,53.8,6.489,144946
are,UAE,1963,5.5273,54.5,6.495,152211
are,UAE,1964,9.5279,55.3,6.494,159692
are,UAE,1965,16.4196,56.1,6.495,167103
are,UAE,1966,28.2965,56.9,6.495,173976
are,UAE,1967,48.762,57.7,6.51,179700
are,UAE,1968,59.429,58.4,6.529,199416
are,UAE,1969,72.4261,59.1,6.524,239660
are,UAE,1970,82.8101,59.5,6.519,286536
are,UAE,1971,83.1676,60.5,6.519,335027
are,UAE,1972,82.6518,61.2,6.502,385014
are,UAE,1973,82.2015,61.8,6.464,436399
are,UAE,1974,87.5969,62.3,6.411,489087
are,UAE,1975,79.5724,62.9,6.353,542856
are,UAE,1976,80.0338,63.4,6.291,615866
are,UAE,1977,82.5816,63.9,6.223,710209
are,UAE,1978,71.5155,64.3,6.151,809274
are,UAE,1979,80.1563,64.6,6.059,912010
are,UAE,1980,92.1111,65.1,5.953,1015700
are,UAE,1981,95.9896,65.8,5.814,1099855
are,UAE,1982,87.414,66.5,5.658,1166370
are,UAE,1983,82.212,66.8,5.482,1235305
are,UAE,1984,82.7045,67.9,5.303,1305996
are,UAE,1985,78.9631,68.5,5.125,1377911
are,UAE,1986,61.8848,69,4.999,1467383
are,UAE,1987,63.8665,69.4,4.883,1574244
are,UAE,1988,56.687,69.7,4.768,1681788
are,UAE,1989,64.4833,70,4.65,1789851
are,UAE,1990,79.925,70.4,4.506,1898220
are,UAE,1991,79.6653,70.8,4.251,2006626
are,UAE,1992,80.8241,71.2,4.088,2114730
are,UAE,1993,80.7736,71.4,3.819,2222093
are,UAE,1994,85.2567,71.6,3.761,2328188
are,UAE,1995,89.6675,71.9,3.278,2434662
are,UAE,1996,91.7678,72.2,3.06,2597564
are,UAE,1997,94.6126,72.4,2.825,2817410
are,UAE,1998,90.5015,72.4,2.765,3040421
are,UAE,1999,88.907,72.5,2.793,3266009
are,UAE,2000,94.172,72.7,2.733,3493575
are,UAE,2001,91.1722,72.9,2.622,3723590
are,UAE,2002,89.1158,73.4,2.541,3956826
are,UAE,2003,92.4061,73.9,2.491,4192457
are,UAE,2004,96.3325,74.2,2.385,4428967
are,UAE,2005,96.0616,74.6,2.232,4664790
are,UAE,2006,98.3575,74.9,1.958,5009100
are,UAE,2007,90.5908,75.1,1.792,5624635
are,UAE,2008,83.5265,75.4,1.516,6302664
are,UAE,2009,74.3155,75.9,1.582,6707058
are,UAE,2010,73.5858,76.5,1.565,6938363
are,UAE,2011,75.578,77,1.539,7199423
are,UAE,2012,73.9697,77.5,1.532,7497118
are,UAE,2013,74.6629,78,1.527,7831847
are,UAE,2014,75.9233,78.3,1.483,8236874
are,UAE,2015,77.2049,78.5,1.417,8674633
are,UAE,2016,78.5081,78.9,1.366,9030873
are,UAE,2017,79.8334,79.2,1.35,9234327
are,UAE,2018,81.181,79.5,1.288,9346870
are,UAE,2019,81.2197,79.8,1.247,9377847
are,UAE,2020,77.5611,79.5,1.289,9448524
are,UAE,2021,79.4669,79.5,1.162,9789048
are,UAE,2022,81.1961,80.1,1.148,10242086
are,UAE,2023,80.8539,80.1,1.2,10642081
are,UAE,2024,80.8623,80.29,1.213,11027129
arg,Argentina,1960,11.2364,65.2,3.136,20386045
arg,Argentina,1961,11.7032,65.5,3.12,20726276
arg,Argentina,1962,11.3947,65.6,3.126,21072538
arg,Argentina,1963,10.8865,65.6,3.109,21421705
arg,Argentina,1964,11.7138,65.7,3.075,21769453
arg,Argentina,1965,12.5708,65.9,3.005,22112629
arg,Argentina,1966,12.4281,66.4,2.966,22453893
arg,Argentina,1967,12.561,66.4,2.982,22799059
arg,Argentina,1968,12.931,66.1,3.011,23150583
arg,Argentina,1969,13.8407,65.9,3.049,23508711
arg,Argentina,1970,14.2091,66.3,3.085,23878327
arg,Argentina,1971,14.5608,66.7,3.108,24257208
arg,Argentina,1972,14.6678,67,3.135,24644328
arg,Argentina,1973,15.1066,67.2,3.17,25046005
arg,Argentina,1974,15.701,67,3.216,25461351
arg,Argentina,1975,15.2901,67.2,3.271,25874107
arg,Argentina,1976,14.9854,66.8,3.317,26282283
arg,Argentina,1977,15.6242,67.8,3.359,26701805
arg,Argentina,1978,14.7636,69.1,3.359,27132158
arg,Argentina,1979,15.5241,69.8,3.339,27568895
arg,Argentina,1980,15.4615,70,3.301,28011596
arg,Argentina,1981,15.0667,70.3,3.253,28463959
arg,Argentina,1982,14.8604,71.1,3.204,28924262
arg,Argentina,1983,15.5392,70.9,3.148,29391332
arg,Argentina,1984,15.9552,70.9,3.116,29863093
arg,Argentina,1985,14.9364,71.7,3.066,30336441
arg,Argentina,1986,16.0231,72,3.054,30811980
arg,Argentina,1987,16.5182,71.9,3.037,31291762
arg,Argentina,1988,16.4043,72,3.046,31780532
arg,Argentina,1989,15.5458,72.2,3.022,32270948
arg,Argentina,1990,15.558,72.3,3.034,32755901
arg,Argentina,1991,16.8677,72.6,3.012,33230294
arg,Argentina,1992,18.1298,72.6,2.987,33693527
arg,Argentina,1993,19.341,72.8,2.966,34152717
arg,Argentina,1994,20.2755,73.3,2.935,34613491
arg,Argentina,1995,19.5157,73.2,2.864,35070020
arg,Argentina,1996,20.4113,73.4,2.781,35513793
arg,Argentina,1997,21.8738,73.6,2.706,35947791
arg,Argentina,1998,22.5224,73.6,2.662,36372860
arg,Argentina,1999,21.5768,73.6,2.643,36794682
arg,Argentina,2000,21.2266,74.2,2.591,37213984
arg,Argentina,2001,20.1247,74.3,2.531,37624825
arg,Argentina,2002,17.7882,74.3,2.493,38029349
arg,Argentina,2003,19.2083,74.3,2.451,38424282
arg,Argentina,2004,20.7785,74.8,2.43,38815916
arg,Argentina,2005,22.4351,75.2,2.426,39216789
arg,Argentina,2006,24.0428,75.4,2.4,39622115
arg,Argentina,2007,26.0011,75.1,2.37,40016763
arg,Argentina,2008,26.8318,75.6,2.432,40424148
arg,Argentina,2009,25.0194,75.8,2.4,40854831
arg,Argentina,2010,27.3047,75.7,2.411,41288694
arg,Argentina,2011,28.6375,76,2.393,41730660
arg,Argentina,2012,28.0538,76.1,2.304,42161721
arg,Argentina,2013,28.4448,76.3,2.335,42582455
arg,Argentina,2014,27.4454,76.6,2.386,43024071
arg,Argentina,2015,27.9013,76.6,2.35,43477012
arg,Argentina,2016,27.0574,76.4,2.241,43900313
arg,Argentina,2017,27.5759,76.9,2.168,44288894
arg,Argentina,2018,26.634,77.2,2.067,44654882
arg,Argentina,2019,25.9162,77.5,1.882,44973465
arg,Argentina,2020,23.2375,76.4,1.601,45191965
arg,Argentina,2021,25.5958,74.6,1.585,45312281
arg,Argentina,2022,26.8879,76.3,1.482,45407904
arg,Argentina,2023,26.3789,77.6,1.5,45538401
arg,Argentina,2024,25.8359,77.7,1.504,45696159
arm,Armenia,1960,12.5019,61.3,4.786,1863705
arm,Armenia,1961,12.9097,62,4.67,1927484
arm,Armenia,1962,12.9666,62.7,4.521,1991689
arm,Armenia,1963,12.4011,63.3,4.345,2056023
arm,Armenia,1964,13.7228,64,4.15,2120135
arm,Armenia,1965,14.2286,64.6,3.988,2183635
arm,Armenia,1966,14.6514,65.3,3.829,2246159
arm,Armenia,1967,15.0326,65.8,3.731,2307492
arm,Armenia,1968,15.6425,66.3,3.622,2367319
arm,Armenia,1969,15.5982,66.8,3.488,2424030
arm,Armenia,1970,16.5172,67.1,3.328,2475633
arm,Armenia,1971,16.5906,67.4,3.286,2525345
arm,Armenia,1972,16.3156,67.7,3.198,2577079
arm,Armenia,1973,17.3001,68,3.081,2630860
arm,Armenia,1974,16.9858,68.3,2.984,2686445
arm,Armenia,1975,16.6773,68.5,2.921,2743660
arm,Armenia,1976,16.3743,68.8,2.844,2818165
arm,Armenia,1977,16.0769,69.2,2.739,2912827
arm,Armenia,1978,15.7848,69.6,2.617,3012807
arm,Armenia,1979,15.4981,70.2,2.53,3078501
arm,Armenia,1980,15.2166,70.7,2.48,3107415
arm,Armenia,1981,15.4722,71.1,2.48,3135349
arm,Armenia,1982,15.7272,71.3,2.503,3163144
arm,Armenia,1983,15.6498,71.3,2.558,3191539
arm,Armenia,1984,15.9804,71.4,2.603,3224547
arm,Armenia,1985,16.2836,71.4,2.644,3260432
arm,Armenia,1986,15.9717,71.4,2.662,3294847
arm,Armenia,1987,14.8831,71.4,2.664,3328520
arm,Armenia,1988,13.9917,55.6,2.675,3355125
arm,Armenia,1989,15.6656,70.9,2.705,3443100
arm,Armenia,1990,14.2394,70.4,2.708,3552128
arm,Armenia,1991,12.1278,69.9,2.643,3613977
arm,Armenia,1992,7.0331,69.4,2.499,3571861
arm,Armenia,1993,6.4567,69.4,2.286,3453332
arm,Armenia,1994,6.8963,69.8,2.084,3364610
arm,Armenia,1995,7.4098,70.2,2.067,3307581
arm,Armenia,1996,7.7797,70.7,2.06,3278735
arm,Armenia,1997,7.0797,71.4,1.9,3246289
arm,Armenia,1998,6.4426,72,1.81,3208401
arm,Armenia,1999,5.8629,72.3,1.534,3167286
arm,Armenia,2000,5.715,72.6,1.3,3125628
arm,Armenia,2001,5.5709,72.8,1.2,3084349
arm,Armenia,2002,5.8437,72.8,1.2,3055630
arm,Armenia,2003,6.006,72.9,1.3,3038968
arm,Armenia,2004,7.4464,73,1.4,3022541
arm,Armenia,2005,8.205,73.2,1.3,3006351
arm,Armenia,2006,7.9199,73.3,1.3,2990377
arm,Armenia,2007,8.822,73.3,1.4,2974819
arm,Armenia,2008,9.017,73.5,1.4,2959990
arm,Armenia,2009,8.0142,73.8,1.5,2945517
arm,Armenia,2010,8.1821,74,1.5,2931078
arm,Armenia,2011,8.3525,74.3,1.5,2923271
arm,Armenia,2012,8.6527,74.6,1.6,2922528
arm,Armenia,2013,8.9781,75.1,1.6,2922518
arm,Armenia,2014,9.2083,75.4,1.7,2922422
arm,Armenia,2015,9.8715,75.8,1.6,2921177
arm,Armenia,2016,10.3922,76,1.6,2918793
arm,Armenia,2017,10.110900000000001,76.4,1.6,2914963
arm,Armenia,2018,10.1083,77,1.6,2909965
arm,Armenia,2019,9.0877,77.3,1.6,2903972
arm,Armenia,2020,8.5898,70.7,1.7,2890892
arm,Armenia,2021,8.9416,75,1.7,2870349
arm,Armenia,2022,8.8647,77.6,1.7,2880874
arm,Armenia,2023,8.8485,79.6,1.9,2943393
arm,Armenia,2024,9.1568,79.71,1.7,2973840
atg,Antigua and Barbuda,1960,4.8423,63.1,4.602,55603
atg,Antigua and Barbuda,1961,4.9675,63.8,4.559,56540
atg,Antigua and Barbuda,1962,5.0947,64.3,4.547,57336
atg,Antigua and Barbuda,1963,5.2248,64.9,4.536,58138
atg,Antigua and Barbuda,1964,5.3588,65.4,4.484,59020
atg,Antigua and Barbuda,1965,5.4955,65.9,4.416,59970
atg,Antigua and Barbuda,1966,5.6358,66.4,4.322,60900
atg,Antigua and Barbuda,1967,5.7785,66.9,4.178,61837
atg,Antigua and Barbuda,1968,5.9247,67.4,4.014,62809
atg,Antigua and Barbuda,1969,6.0752,67.9,3.829,63819
atg,Antigua and Barbuda,1970,6.2279,68.3,3.628,64528
atg,Antigua and Barbuda,1971,6.5846,68.7,3.455,64729
atg,Antigua and Barbuda,1972,6.9842,69.1,3.287,64615
atg,Antigua and Barbuda,1973,7.5084,69.3,3.126,64342
atg,Antigua and Barbuda,1974,7.7045,69.5,2.932,64058
atg,Antigua and Barbuda,1975,7.2294,69.6,2.77,63839
atg,Antigua and Barbuda,1976,6.5323,69.8,2.78,63762
atg,Antigua and Barbuda,1977,6.956,69.9,2.784,63862
atg,Antigua and Barbuda,1978,7.1503,70.2,2.573,64038
atg,Antigua and Barbuda,1979,7.8746,70.5,2.632,64274
atg,Antigua and Barbuda,1980,8.368,70.9,2.311,64513
atg,Antigua and Barbuda,1981,9.2119,71.2,2.166,64665
atg,Antigua and Barbuda,1982,9.6157,71.5,2.087,64785
atg,Antigua and Barbuda,1983,10.5287,71.8,2.116,64934
atg,Antigua and Barbuda,1984,11.8881,72.1,2.038,64882
atg,Antigua and Barbuda,1985,13.231,72.3,2.151,64591
atg,Antigua and Barbuda,1986,15.0132,72.5,2.032,64276
atg,Antigua and Barbuda,1987,16.6207,72.7,2.067,63946
atg,Antigua and Barbuda,1988,18.2576,72.9,2.132,63623
atg,Antigua and Barbuda,1989,19.8776,73,2.199,63325
atg,Antigua and Barbuda,1990,21.0085,73.3,2.249,63066
atg,Antigua and Barbuda,1991,21.2784,73.4,2.036,63387
atg,Antigua and Barbuda,1992,21.1493,73.6,2.126,64404
atg,Antigua and Barbuda,1993,21.8259,73.7,2.036,65587
atg,Antigua and Barbuda,1994,22.803,73.9,2.069,66843
atg,Antigua and Barbuda,1995,21.344,73.8,2.159,68189
atg,Antigua and Barbuda,1996,22.2566,74.1,2.266,69612
atg,Antigua and Barbuda,1997,22.9656,73.1,2.19,71053
atg,Antigua and Barbuda,1998,23.5643,74.4,2.017,72412
atg,Antigua and Barbuda,1999,23.9846,74.7,1.956,73666
atg,Antigua and Barbuda,2000,25.033,75.1,2.196,74912
atg,Antigua and Barbuda,2001,23.4893,75.2,2.018,76069
atg,Antigua and Barbuda,2002,23.4039,75.5,1.94,77032
atg,Antigua and Barbuda,2003,24.5227,75.7,1.887,77884
atg,Antigua and Barbuda,2004,25.6284,75.9,1.852,78719
atg,Antigua and Barbuda,2005,26.9475,76.1,1.832,79611
atg,Antigua and Barbuda,2006,29.9637,76.5,1.831,80604
atg,Antigua and Barbuda,2007,32.2792,76.7,1.86,81704
atg,Antigua and Barbuda,2008,31.7738,77,2.042,82912
atg,Antigua and Barbuda,2009,27.5282,77.4,2.006,84173
atg,Antigua and Barbuda,2010,25.0072,77.5,1.785,85320
atg,Antigua and Barbuda,2011,24.23,77.7,1.746,86332
atg,Antigua and Barbuda,2012,24.7809,77.7,1.655,87260
atg,Antigua and Barbuda,2013,24.4071,77.6,1.537,88064
atg,Antigua and Barbuda,2014,24.7467,77.7,1.526,88765
atg,Antigua and Barbuda,2015,24.9177,77.7,1.567,89409
atg,Antigua and Barbuda,2016,25.7829,77.6,1.458,89969
atg,Antigua and Barbuda,2017,26.3362,77.6,1.485,90468
atg,Antigua and Barbuda,2018,27.9624,77.8,1.371,90926
atg,Antigua and Barbuda,2019,28.7111,77.9,1.468,91364
atg,Antigua and Barbuda,2020,23.1714,77.3,1.569,91846
atg,Antigua and Barbuda,2021,24.9287,76.3,1.58,92349
atg,Antigua and Barbuda,2022,27.0553,77.3,1.58,92840
atg,Antigua and Barbuda,2023,27.5707,77.8,1.578,93316
atg,Antigua and Barbuda,2024,28.6239,78,1.582,93772
aus,Australia,1960,26.9822,71,3.453,10280813
aus,Australia,1961,26.4619,71.2,3.54,10500443
aus,Australia,1962,27.4544,71.2,3.442,10707236
aus,Australia,1963,28.4847,71.1,3.332,10913265
aus,Australia,1964,29.6335,70.9,3.146,11128251
aus,Australia,1965,30.0767,71,2.977,11357477
aus,Australia,1966,30.528,71,2.881,11592485
aus,Australia,1967,31.6326,71.1,2.848,11810519
aus,Australia,1968,32.8287,71,2.888,12030013
aus,Australia,1969,34.0166,71.1,2.886,12272380
aus,Australia,1970,34.8477,71,2.859,12599411
aus,Australia,1971,35.3839,71.3,2.961,12997964
aus,Australia,1972,35.5172,71.7,2.744,13304896
aus,Australia,1973,36.4684,71.8,2.491,13518685
aus,Australia,1974,36.4199,71.8,2.397,13719495
aus,Australia,1975,36.7031,72.3,2.148,13893989
aus,Australia,1976,37.4555,72.6,2.06,14046755
aus,Australia,1977,37.1674,73.1,2.007,14203508
aus,Australia,1978,37.8007,73.6,1.949,14367098
aus,Australia,1979,38.632,74.1,1.907,14533035
aus,Australia,1980,38.9568,74.4,1.891,14721347
aus,Australia,1981,41.7144,74.6,1.935,14949202
aus,Australia,1982,42.0574,74.7,1.929,15192485
aus,Australia,1983,42.4032,75.1,1.924,15414893
aus,Australia,1984,42.7519,75.3,1.84,15620653
aus,Australia,1985,43.1034,75.4,1.923,15835747
aus,Australia,1986,43.3992,75.8,1.868,16069633
aus,Australia,1987,43.6969,76,1.845,16322269
aus,Australia,1988,43.9968,76.1,1.831,16594099
aus,Australia,1989,44.2986,76.2,1.838,16869362
aus,Australia,1990,43.6938,76.8,1.902,17126298
aus,Australia,1991,43.0971,77.2,1.849,17353193
aus,Australia,1992,42.5087,77.4,1.888,17549288
aus,Australia,1993,41.9282,77.7,1.859,17722911
aus,Australia,1994,41.3557,77.8,1.842,17897433
aus,Australia,1995,40.791,78.1,1.822,18095344
aus,Australia,1996,41.7652,78.3,1.796,18305307
aus,Australia,1997,42.7626,78.6,1.778,18504912
aus,Australia,1998,43.7838,78.9,1.762,18701717
aus,Australia,1999,44.8294,79.2,1.755,18909981
aus,Australia,2000,45.9,79.6,1.756,19132471
aus,Australia,2001,46.9962,79.9,1.739,19365433
aus,Australia,2002,47.7255,80.1,1.756,19595355
aus,Australia,2003,48.4661,80.5,1.748,19819454
aus,Australia,2004,52.7492,80.8,1.768,20046677
aus,Australia,2005,55.935,81.2,1.807,20294490
aus,Australia,2006,59.3132,81.4,1.908,20590559
aus,Australia,2007,62.8954,81.4,1.959,20954549
aus,Australia,2008,66.694,81.4,1.984,21370589
aus,Australia,2009,66.5739,81.7,1.971,21783011
aus,Australia,2010,66.454,82,1.928,22141581
aus,Australia,2011,67.5723,82.1,1.926,22479775
aus,Australia,2012,68.7095,82.4,1.92,22852644
aus,Australia,2013,69.8659,82.5,1.855,23236270
aus,Australia,2014,71.0417,82.5,1.826,23595601
aus,Australia,2015,70.2165,82.6,1.814,23948002
aus,Australia,2016,69.4009,82.8,1.752,24329963
aus,Australia,2017,69.8488,83.1,1.741,24731038
aus,Australia,2018,70.2995,83.3,1.74,25119706
aus,Australia,2019,70.7727,83.3,1.657,25482714
aus,Australia,2020,69.8215,83.8,1.581,25743791
aus,Australia,2021,71.1952,83.7,1.7,25956417
aus,Australia,2022,73.277,83.1,1.63,26200984
aus,Australia,2023,73.9836,83.9,1.499,26451124
aus,Australia,2024,73.5197,84.1,1.481,26713205
aut,Austria,1960,18.7756,68.9,2.69,7047274
aut,Austria,1961,19.6026,69.4,2.78,7086057
aut,Austria,1962,19.8716,69.5,2.8,7129579
aut,Austria,1963,20.5069,69.7,2.82,7175493
aut,Austria,1964,21.5373,70,2.79,7223395
aut,Austria,1965,21.9314,69.9,2.7,7270415
aut,Austria,1966,22.9318,70.1,2.66,7321519
aut,Austria,1967,23.4042,70,2.62,7376289
aut,Austria,1968,24.2376,70,2.58,7414623
aut,Austria,1969,25.6101,69.9,2.49,7440301
aut,Austria,1970,27.2558,70,2.29,7466319
aut,Austria,1971,28.4386,70.3,2.2,7499635
aut,Austria,1972,29.9666,70.6,2.08,7543259
aut,Austria,1973,31.1983,71,1.94,7585105
aut,Austria,1974,32.269,71.2,1.91,7597967
aut,Austria,1975,32.0781,71.3,1.83,7577830
aut,Austria,1976,33.4704,71.7,1.69,7564457
aut,Austria,1977,35.0076,72,1.63,7567336
aut,Austria,1978,34.8441,72.2,1.6,7561204
aut,Austria,1979,36.6748,72.5,1.6,7548341
aut,Austria,1980,37.3166,72.7,1.65,7548406
aut,Austria,1981,39.1124,72.9,1.67,7567556
aut,Austria,1982,41.1979,73.1,1.66,7573078
aut,Austria,1983,43.457,73.3,1.56,7561163
aut,Austria,1984,44.5671,73.8,1.52,7560715
aut,Austria,1985,46.4673,74.1,1.47,7564309
aut,Austria,1986,48.1657,74.6,1.45,7569395
aut,Austria,1987,49.7691,75,1.43,7574315
aut,Austria,1988,51.7859,75.4,1.45,7585342
aut,Austria,1989,55.2548,75.6,1.45,7620407
aut,Austria,1990,58.857,75.8,1.46,7679624
aut,Austria,1991,60.5034,75.9,1.51,7757140
aut,Austria,1992,61.3158,76.1,1.51,7842712
aut,Austria,1993,61.3481,76.3,1.5,7907495
aut,Austria,1994,62.7938,76.6,1.47,7938155
aut,Austria,1995,61.4582,76.8,1.42,7950322
aut,Austria,1996,58.9656,77,1.45,7960914
aut,Austria,1997,58.9066,77.4,1.39,7969803
aut,Austria,1998,61.768,77.7,1.37,7978466
aut,Austria,1999,63.6051,78,1.34,7993892
aut,Austria,2000,61.8158,78.3,1.36,8012928
aut,Austria,2001,63.0549,78.6,1.33,8042233
aut,Austria,2002,64.3188,78.8,1.39,8081636
aut,Austria,2003,65.6081,78.9,1.38,8122602
aut,Austria,2004,69.2369,79.3,1.42,8173491
aut,Austria,2005,66.1724,79.5,1.41,8229204
aut,Austria,2006,67.7437,79.8,1.41,8269898
aut,Austria,2007,70.5561,80,1.38,8296952
aut,Austria,2008,71.7359,80.2,1.42,8323253
aut,Austria,2009,74.2867,80.2,1.39,8345066
aut,Austria,2010,75.0374,80.4,1.44,8365092
aut,Austria,2011,73.6303,80.7,1.43,8393270
aut,Austria,2012,71.9471,80.8,1.44,8431601
aut,Austria,2013,75.4719,81,1.44,8481406
aut,Austria,2014,74.3084,81.2,1.46,8547817
aut,Austria,2015,74.0309,81.2,1.49,8644039
aut,Austria,2016,77.3843,81.4,1.53,8737915
aut,Austria,2017,76.3484,81.6,1.52,8798778
aut,Austria,2018,77.1486,81.7,1.47,8841650
aut,Austria,2019,78.6956,81.9,1.46,8880876
aut,Austria,2020,78.8999,81.3,1.44,8921405
aut,Austria,2021,78.7537,81.2,1.48,8967057
aut,Austria,2022,82.4267,81.5,1.41,9064677
aut,Austria,2023,80.8358,81.9,1.32,9130429
aut,Austria,2024,79.4805,82,1.31,9120813
aze,Azerbaijan,1960,8.9038,51.2,5.878,3982706
aze,Azerbaijan,1961,9.2911,52.3,5.937,4108980
aze,Azerbaijan,1962,9.43,53.3,5.961,4239407
aze,Azerbaijan,1963,9.1175,54.3,5.945,4372048
aze,Azerbaijan,1964,10.2021,55.4,5.888,4503654
aze,Azerbaijan,1965,10.6974,56.5,5.792,4630313
aze,Azerbaijan,1966,11.1391,57.5,5.663,4751900
aze,Azerbaijan,1967,11.562,58.5,5.377,4867301
aze,Azerbaijan,1968,12.1707,59.4,5.222,4976483
aze,Azerbaijan,1969,12.2809,60,5.065,5081774
aze,Azerbaijan,1970,13.1589,60.6,4.913,5183825
aze,Azerbaijan,1971,13.4343,61,4.769,5283505
aze,Azerbaijan,1972,13.436,61.3,4.615,5380917
aze,Azerbaijan,1973,14.4896,61.7,4.451,5476609
aze,Azerbaijan,1974,14.536,61.9,4.33,5572225
aze,Azerbaijan,1975,14.5825,62.2,4.176,5669260
aze,Azerbaijan,1976,14.6292,62.5,4.018,5791041
aze,Azerbaijan,1977,14.676,62.8,3.869,5937641
aze,Azerbaijan,1978,14.723,63.2,3.73,6075078
aze,Azerbaijan,1979,14.7701,63.8,3.605,6187133
aze,Azerbaijan,1980,14.8174,64.3,3.497,6284708
aze,Azerbaijan,1981,15.5088,64.8,3.41,6385604
aze,Azerbaijan,1982,16.2352,65.2,3.343,6491435
aze,Azerbaijan,1983,16.627,65.4,3.293,6602326
aze,Azerbaijan,1984,17.3752,65.4,3.259,6706282
aze,Azerbaijan,1985,17.8089,65.4,2.91,6799814
aze,Azerbaijan,1986,18.05,65.4,2.9,6891347
aze,Azerbaijan,1987,18.7651,65.5,2.9026,6977658
aze,Azerbaijan,1988,19.4841,65.7,2.8,7081406
aze,Azerbaijan,1989,17.6116,66.1,2.8,7167585
aze,Azerbaijan,1990,15.483,66.1,2.74,7231077
aze,Azerbaijan,1991,15.2323,65.9,2.87,7314308
aze,Azerbaijan,1992,11.6572,64.5,2.74,7405780
aze,Azerbaijan,1993,8.8599,64.6,2.7,7504115
aze,Azerbaijan,1994,7.041,64.5,2.52,7608893
aze,Azerbaijan,1995,6.1378,65,2.29,7719282
aze,Azerbaijan,1996,6.3454,65.8,2.06,7830982
aze,Azerbaijan,1997,6.56,66.6,2.07,7936221
aze,Azerbaijan,1998,6.7818,67.3,2,8025804
aze,Azerbaijan,1999,7.0112,67.9,2.07,8100471
aze,Azerbaijan,2000,7.2483,68.5,2,8174785
aze,Azerbaijan,2001,7.4934,69.1,1.8,8251771
aze,Azerbaijan,2002,9.4573,69.3,1.8,8326133
aze,Azerbaijan,2003,9.8527,69.3,1.9,8400530
aze,Azerbaijan,2004,10.1393,69.5,2.0535,8489874
aze,Azerbaijan,2005,11.2746,69.7,2,8597248
aze,Azerbaijan,2006,15.0038,70,1.97,8711380
aze,Azerbaijan,2007,18.6142,70.6,1.97,8828311
aze,Azerbaijan,2008,20.1648,70.9,1.9,8942638
aze,Azerbaijan,2009,21.5933,71.2,1.82,9046336
aze,Azerbaijan,2010,22.3388,71.5,1.92,9146851
aze,Azerbaijan,2011,21.7028,71.6,1.96,9256150
aze,Azerbaijan,2012,21.8881,71.7,2,9376181
aze,Azerbaijan,2013,22.8694,72,1.98,9504409
aze,Azerbaijan,2014,23.2176,72.2,1.97,9631138
aze,Azerbaijan,2015,23.1835,72.4,1.94,9752850
aze,Azerbaijan,2016,22.2234,72.5,1.9,9868428
aze,Azerbaijan,2017,22.0402,72.7,1.75,9968510
aze,Azerbaijan,2018,22.1779,72.9,1.73,10039784
aze,Azerbaijan,2019,22.5363,72.9,1.81,10110475
aze,Azerbaijan,2020,21.4427,70.1,1.7,10181730
aze,Azerbaijan,2021,22.5474,70.9,1.52,10234371
aze,Azerbaijan,2022,23.6011,73.1,1.67,10295304
aze,Azerbaijan,2023,23.892,72.6,1.55,10318207
aze,Azerbaijan,2024,24.7456,72.8,1.43,10336577
bdi,Burundi,1960,1.1856,43.1,7.003,2764258
bdi,Burundi,1961,0.9857,43.3,7.023,2835119
bdi,Burundi,1962,1.0425,43.5,7.038,2907943
bdi,Burundi,1963,1.0662,43.7,7.067,2969841
bdi,Burundi,1964,1.0948,43.9,7.09,3055650
bdi,Burundi,1965,1.1034,44.1,7.113,3141367
bdi,Burundi,1966,1.1139,44.4,7.135,3217960
bdi,Burundi,1967,1.2004,44.8,7.156,3300690
bdi,Burundi,1968,1.1588,45.1,7.18,3380387
bdi,Burundi,1969,1.1137,45.3,7.215,3454590
bdi,Burundi,1970,1.3611,45.6,7.214,3530432
bdi,Burundi,1971,1.3698,46,7.213,3617289
bdi,Burundi,1972,1.2872,18.6,7.21,3617128
bdi,Burundi,1973,1.356,46.3,7.215,3611991
bdi,Burundi,1974,1.3225,46.5,7.222,3703590
bdi,Burundi,1975,1.2881,46.7,7.244,3796612
bdi,Burundi,1976,1.3851,46.9,7.248,3882626
bdi,Burundi,1977,1.4672,47.3,7.245,3983582
bdi,Burundi,1978,1.4897,47.6,7.259,4100338
bdi,Burundi,1979,1.4519,47.8,7.307,4203530
bdi,Burundi,1980,1.3702,48.1,7.353,4383706
bdi,Burundi,1981,1.5492,48.3,7.329,4566014
bdi,Burundi,1982,1.5426,48.6,7.314,4681390
bdi,Burundi,1983,1.5837,48.7,7.298,4808528
bdi,Burundi,1984,1.5721,48.7,7.295,4926465
bdi,Burundi,1985,1.7396,48.8,7.294,5034042
bdi,Burundi,1986,1.7729,48.9,7.32,5129414
bdi,Burundi,1987,1.8366,48.8,7.38,5247787
bdi,Burundi,1988,1.9155,48.7,7.383,5365327
bdi,Burundi,1989,1.9387,48.4,7.387,5471706
bdi,Burundi,1990,2.0013,48,7.365,5587052
bdi,Burundi,1991,2.0532,47.6,7.336,5703857
bdi,Burundi,1992,2.0159,47.1,7.301,5858407
bdi,Burundi,1993,1.9877,44,7.272,5676843
bdi,Burundi,1994,1.9598,42.9,7.23,5713854
bdi,Burundi,1995,1.9324,42.9,7.184,6066316
bdi,Burundi,1996,1.9053,43.2,7.123,6070506
bdi,Burundi,1997,1.8786,43.3,7.04,6070042
bdi,Burundi,1998,1.8523,43.8,6.958,6187108
bdi,Burundi,1999,1.8975,44.5,6.897,6337155
bdi,Burundi,2000,1.9438,45.4,6.872,6470194
bdi,Burundi,2001,1.9913,46.5,6.849,6634365
bdi,Burundi,2002,2.0399,47.8,6.819,6824132
bdi,Burundi,2003,2.0897,49.1,6.785,7043154
bdi,Burundi,2004,2.1407,50.4,6.746,7310656
bdi,Burundi,2005,2.1929,51.5,6.708,7587299
bdi,Burundi,2006,2.2464,55.6,6.659,7865547
bdi,Burundi,2007,2.2888,56.7,6.588,8161874
bdi,Burundi,2008,2.3319,57.4,6.515,8505637
bdi,Burundi,2009,2.3759,58.2,6.409,8947646
bdi,Burundi,2010,2.4206,59,6.26,9376444
bdi,Burundi,2011,2.4662,59.5,6.108,9717978
bdi,Burundi,2012,2.5127,59.9,5.991,10071028
bdi,Burundi,2013,2.5601,60.3,5.889,10439341
bdi,Burundi,2014,2.5681,60.7,5.794,10799785
bdi,Burundi,2015,2.5762,60.8,5.695,11047580
bdi,Burundi,2016,2.5844,61.2,5.587,11239451
bdi,Burundi,2017,2.5925,61.5,5.481,11506762
bdi,Burundi,2018,2.6007,61.8,5.38,11859446
bdi,Burundi,2019,2.6089,62,5.271,12255336
bdi,Burundi,2020,2.6171,61.2,5.177,12617036
bdi,Burundi,2021,2.6257,59.5,5.078,12965481
bdi,Burundi,2022,2.6029,61.6,4.98,13321097
bdi,Burundi,2023,2.6004,61.8,4.878,13689450
bdi,Burundi,2024,2.6225,61.9,4.789,14047786
bel,Belgium,1960,17.2225,70,2.54,9102171
bel,Belgium,1961,17.9019,70.3,2.63,9158211
bel,Belgium,1962,18.6456,70.3,2.59,9217669
bel,Belgium,1963,19.247,70.2,2.68,9275197
bel,Belgium,1964,20.3307,70.6,2.71,9337684
bel,Belgium,1965,20.7731,70.6,2.61,9399858
bel,Belgium,1966,21.1936,70.7,2.52,9455003
bel,Belgium,1967,21.8108,70.7,2.41,9505919
bel,Belgium,1968,22.5822,70.6,2.31,9549700
bel,Belgium,1969,23.8833,70.7,2.27,9589188
bel,Belgium,1970,25.2368,70.9,2.25,9630504
bel,Belgium,1971,25.9849,71.1,2.21,9666531
bel,Belgium,1972,27.1426,71.4,2.09,9694853
bel,Belgium,1973,28.5986,71.6,1.95,9718035
bel,Belgium,1974,29.5905,71.9,1.83,9735806
bel,Belgium,1975,28.9995,72,1.74,9748476
bel,Belgium,1976,30.4483,72.2,1.73,9758901
bel,Belgium,1977,30.4599,72.6,1.71,9774014
bel,Belgium,1978,31.1478,72.8,1.69,9791817
bel,Belgium,1979,31.7005,73.1,1.69,9811365
bel,Belgium,1980,32.938,73.2,1.68,9833093
bel,Belgium,1981,34.3216,73.4,1.66,9850669
bel,Belgium,1982,35.8182,73.7,1.61,9862327
bel,Belgium,1983,36.6602,73.8,1.57,9869132
bel,Belgium,1984,38.3692,74.2,1.54,9874586
bel,Belgium,1985,39.6455,74.4,1.51,9880337
bel,Belgium,1986,40.3156,74.7,1.54,9886984
bel,Belgium,1987,40.997,75.4,1.54,9899147
bel,Belgium,1988,41.6899,75.6,1.57,9916565
bel,Belgium,1989,42.4611,75.7,1.58,9936573
bel,Belgium,1990,43.2465,76,1.62,9960968
bel,Belgium,1991,44.0465,76.2,1.66,9998961
bel,Belgium,1992,44.8613,76.4,1.65,10045987
bel,Belgium,1993,47.6502,76.4,1.61,10084931
bel,Belgium,1994,50.6124,76.7,1.56,10116005
bel,Belgium,1995,53.7588,76.9,1.56,10137265
bel,Belgium,1996,53.3076,77.1,1.59,10156969
bel,Belgium,1997,52.8602,77.4,1.6,10181464
bel,Belgium,1998,56.1716,77.5,1.6,10203182
bel,Belgium,1999,59.6904,77.6,1.62,10226682
bel,Belgium,2000,63.4297,77.9,1.67,10251717
bel,Belgium,2001,61.1583,78.2,1.67,10287004
bel,Belgium,2002,58.9683,78.3,1.65,10332973
bel,Belgium,2003,56.8567,78.5,1.67,10376260
bel,Belgium,2004,61.3511,78.9,1.72,10421292
bel,Belgium,2005,61.281,79.1,1.76,10478886
bel,Belgium,2006,60.2434,79.5,1.8,10548442
bel,Belgium,2007,61.994,79.6,1.82,10625493
bel,Belgium,2008,62.8256,79.7,1.85,10709708
bel,Belgium,2009,63.4765,79.8,1.84,10812935
bel,Belgium,2010,63.008,80,1.86,10936626
bel,Belgium,2011,61.4728,80.2,1.81,11038631
bel,Belgium,2012,63.2195,80.3,1.8,11107518
bel,Belgium,2013,63.088,80.5,1.76,11160276
bel,Belgium,2014,63.8445,80.9,1.74,11210119
bel,Belgium,2015,64.6002,80.9,1.7,11275335
bel,Belgium,2016,63.9019,81.1,1.68,11332701
bel,Belgium,2017,64.6086,81.3,1.65,11376581
bel,Belgium,2018,66.1236,81.5,1.62,11428605
bel,Belgium,2019,68.4186,81.8,1.6,11490618
bel,Belgium,2020,68.1417,80.4,1.55,11540107
bel,Belgium,2021,70.8382,81.5,1.6,11570844
bel,Belgium,2022,68.3912,81.6,1.53,11641820
bel,Belgium,2023,68.5835,82.1,1.47,11712893
bel,Belgium,2024,68.7607,82.3,1.44,11738763
ben,Benin,1960,1.9428,44.5,6.282,2517286
ben,Benin,1961,1.94,44.8,6.402,2559223
ben,Benin,1962,1.8202,45.1,6.457,2604659
ben,Benin,1963,1.8548,45.4,6.51,2652908
ben,Benin,1964,1.9083,45.8,6.565,2704003
ben,Benin,1965,1.9486,46.1,6.605,2757936
ben,Benin,1966,1.9584,46.5,6.625,2814317
ben,Benin,1967,1.9598,46.8,6.643,2872997
ben,Benin,1968,1.9856,47.1,6.669,2934257
ben,Benin,1969,2.005,47.4,6.705,2998222
ben,Benin,1970,1.984,47.6,6.735,3065057
ben,Benin,1971,1.9684,47.8,6.766,3134767
ben,Benin,1972,2.0989,48.1,6.799,3207543
ben,Benin,1973,2.1267,48.4,6.809,3283496
ben,Benin,1974,2.206,48.7,6.822,3362633
ben,Benin,1975,1.9938,48.9,6.83,3445407
ben,Benin,1976,1.9611,49.3,6.83,3532196
ben,Benin,1977,1.9838,49.6,6.832,3623202
ben,Benin,1978,1.9133,49.9,6.824,3718305
ben,Benin,1979,2.0023,50.2,6.905,3818528
ben,Benin,1980,2.1205,50.6,6.989,3925251
ben,Benin,1981,2.2301,50.9,7.056,4038307
ben,Benin,1982,2.3522,51.2,7.055,4156596
ben,Benin,1983,2.258,51.4,7.045,4278978
ben,Benin,1984,2.3026,51.7,7.031,4405895
ben,Benin,1985,2.3917,52.1,7.003,4538012
ben,Benin,1986,2.4,52.5,6.962,4675420
ben,Benin,1987,2.3143,52.9,6.918,4818486
ben,Benin,1988,2.3658,53.3,6.871,4967341
ben,Benin,1989,2.3029,53.6,6.815,5121657
ben,Benin,1990,2.4925,54.2,6.741,5281479
ben,Benin,1991,2.5089,54.5,6.666,5446932
ben,Benin,1992,2.4952,55.1,6.593,5617844
ben,Benin,1993,2.5164,55.5,6.51,5872706
ben,Benin,1994,2.4615,55.9,6.419,6096506
ben,Benin,1995,2.5655,56.3,6.33,6226773
ben,Benin,1996,2.5977,56.5,6.279,6391858
ben,Benin,1997,2.6593,57,6.23,6583365
ben,Benin,1998,2.6743,57.2,6.136,6789489
ben,Benin,1999,2.7256,57.7,6.032,7002818
ben,Benin,2000,2.7924,58,5.937,7221619
ben,Benin,2001,2.8484,58.6,5.848,7445596
ben,Benin,2002,2.8877,59.2,5.793,7675426
ben,Benin,2003,2.8951,59.8,5.763,7913070
ben,Benin,2004,2.9252,60.6,5.718,8159094
ben,Benin,2005,2.9556,61,5.692,8426144
ben,Benin,2006,2.9862,61.3,5.673,8693242
ben,Benin,2007,3.0172,61.7,5.627,8953969
ben,Benin,2008,3.0485,62.1,5.548,9228466
ben,Benin,2009,3.0802,62.3,5.491,9509423
ben,Benin,2010,3.1122,62.5,5.452,9797484
ben,Benin,2011,3.1445,62.5,5.436,10093623
ben,Benin,2012,3.1474,62.6,5.429,10397657
ben,Benin,2013,3.1503,62.7,5.41,10708834
ben,Benin,2014,3.1533,62.9,5.374,11030004
ben,Benin,2015,3.1562,63.1,5.32,11360681
ben,Benin,2016,3.6521,63.7,5.254,11697842
ben,Benin,2017,4.2258,64.1,5.155,12039780
ben,Benin,2018,4.8897,64.6,5.031,12383347
ben,Benin,2019,5.0123,64.9,4.9,12726755
ben,Benin,2020,5.138,65.1,4.795,13070169
ben,Benin,2021,5.2668,65.4,4.707,13413417
ben,Benin,2022,5.4554,65.9,4.634,13759501
ben,Benin,2023,5.6574,66.2,4.556,14111034
ben,Benin,2024,5.9313,66.42,4.48,14462724
bfa,Burkina Faso,1960,1.4467,45,6.248,4778621
bfa,Burkina Faso,1961,1.402,45.1,6.286,4848224
bfa,Burkina Faso,1962,1.4538,45.2,6.322,4919672
bfa,Burkina Faso,1963,1.4027,45.3,6.356,4993623
bfa,Burkina Faso,1964,1.402,45.4,6.419,5071034
bfa,Burkina Faso,1965,1.3975,45.4,6.471,5152833
bfa,Burkina Faso,1966,1.3667,45.5,6.527,5237933
bfa,Burkina Faso,1967,1.4489,45.6,6.585,5326348
bfa,Burkina Faso,1968,1.4636,45.6,6.645,5418644
bfa,Burkina Faso,1969,1.4519,45.6,6.664,5513177
bfa,Burkina Faso,1970,1.4255,45.8,6.685,5610304
bfa,Burkina Faso,1971,1.4114,45.8,6.698,5707999
bfa,Burkina Faso,1972,1.5351,46,6.719,5807234
bfa,Burkina Faso,1973,1.4143,46.1,6.77,5911927
bfa,Burkina Faso,1974,1.3949,46.3,6.842,6024904
bfa,Burkina Faso,1975,1.3417,46.6,6.913,6147569
bfa,Burkina Faso,1976,1.2895,46.9,6.952,6280635
bfa,Burkina Faso,1977,1.3381,47.2,7.046,6428734
bfa,Burkina Faso,1978,1.4458,47.6,7.148,6590984
bfa,Burkina Faso,1979,1.4093,48,7.194,6763903
bfa,Burkina Faso,1980,1.3848,48.5,7.222,6947900
bfa,Burkina Faso,1981,1.4568,48.8,7.256,7140271
bfa,Burkina Faso,1982,1.484,49.4,7.253,7340197
bfa,Burkina Faso,1983,1.4502,49.6,7.251,7551129
bfa,Burkina Faso,1984,1.4556,49.9,7.245,7772256
bfa,Burkina Faso,1985,1.6059,50.1,7.242,7999935
bfa,Burkina Faso,1986,1.7353,50.3,7.218,8228847
bfa,Burkina Faso,1987,1.6878,50.3,7.168,8457109
bfa,Burkina Faso,1988,1.7764,50.2,7.109,8687435
bfa,Burkina Faso,1989,1.7799,50.2,7.047,8921175
bfa,Burkina Faso,1990,1.7519,50,7.009,9159356
bfa,Burkina Faso,1991,1.8377,50.2,6.973,9394632
bfa,Burkina Faso,1992,1.7735,50.2,6.936,9629275
bfa,Burkina Faso,1993,1.7676,50.3,6.889,9871713
bfa,Burkina Faso,1994,1.7256,50.5,6.843,10123798
bfa,Burkina Faso,1995,1.8092,50.7,6.814,10386722
bfa,Burkina Faso,1996,1.8969,50.1,6.779,10655942
bfa,Burkina Faso,1997,1.9888,51.1,6.724,10934223
bfa,Burkina Faso,1998,2.0852,52.1,6.661,11240664
bfa,Burkina Faso,1999,2.2477,52.7,6.586,11574928
bfa,Burkina Faso,2000,2.4229,53.3,6.519,11925546
bfa,Burkina Faso,2001,2.6117,54.1,6.431,12295001
bfa,Burkina Faso,2002,2.8153,54.9,6.339,12680897
bfa,Burkina Faso,2003,3.0347,56,6.28,13082532
bfa,Burkina Faso,2004,3.0402,56.9,6.216,13500533
bfa,Burkina Faso,2005,3.0456,57.9,6.182,13932123
bfa,Burkina Faso,2006,3.0511,58.8,6.17,14373707
bfa,Burkina Faso,2007,3.0565,59.8,6.11,14816307
bfa,Burkina Faso,2008,3.062,61.1,6.05,15258093
bfa,Burkina Faso,2009,3.0675,62.1,5.992,15710066
bfa,Burkina Faso,2010,3.1573,63.1,5.936,16176498
bfa,Burkina Faso,2011,3.2498,64.1,5.869,16661908
bfa,Burkina Faso,2012,3.345,64.8,5.793,17172287
bfa,Burkina Faso,2013,3.4429,65.4,5.697,17695409
bfa,Burkina Faso,2014,3.5438,66,5.595,18229461
bfa,Burkina Faso,2015,3.7891,66.3,5.478,18777487
bfa,Burkina Faso,2016,4.0514,66.6,5.331,19334856
bfa,Burkina Faso,2017,4.3319,66.9,5.17,19894407
bfa,Burkina Faso,2018,4.6318,67.4,4.921,20438288
bfa,Burkina Faso,2019,4.5779,67.5,4.681,20961952
bfa,Burkina Faso,2020,4.5247,67.2,4.44,21478690
bfa,Burkina Faso,2021,4.4721,67.2,4.361,21995243
bfa,Burkina Faso,2022,4.4354,67.8,4.275,22509038
bfa,Burkina Faso,2023,4.4643,67.7,4.186,23025776
bfa,Burkina Faso,2024,4.5827,67.92,4.11,23548781
bgd,Bangladesh,1960,3.0769,47,6.742,51828660
bgd,Bangladesh,1961,3.1109,47.1,6.78,53310348
bgd,Bangladesh,1962,3.1144,47,6.806,54881146
bgd,Bangladesh,1963,3.3184,45.8,6.798,56504402
bgd,Bangladesh,1964,3.2796,45,6.785,58178374
bgd,Bangladesh,1965,3.3113,42.9,6.771,59902519
bgd,Bangladesh,1966,3.3042,44.2,6.766,61669806
bgd,Bangladesh,1967,3.1218,44.3,6.79,63510929
bgd,Bangladesh,1968,3.2943,45.2,6.791,65408276
bgd,Bangladesh,1969,3.2982,46.8,6.806,67294133
bgd,Bangladesh,1970,3.419,42.2,6.839,69058894
bgd,Bangladesh,1971,3.1772,41.5,6.831,70276758
bgd,Bangladesh,1972,2.7209,49.1,6.816,71641519
bgd,Bangladesh,1973,2.7177,50.1,6.8,73722294
bgd,Bangladesh,1974,2.9647,49.9,6.778,75839348
bgd,Bangladesh,1975,2.8294,50.8,6.728,77854351
bgd,Bangladesh,1976,2.9094,51,6.66,79855318
bgd,Bangladesh,1977,2.8822,51.3,6.583,81867264
bgd,Bangladesh,1978,3.0056,51.6,6.509,83889655
bgd,Bangladesh,1979,3.0655,52.1,6.421,85935072
bgd,Bangladesh,1980,3.0074,52.5,6.326,88016432
bgd,Bangladesh,1981,3.1983,52.9,6.237,90303105
bgd,Bangladesh,1982,3.3039,53.3,6.118,92814507
bgd,Bangladesh,1983,3.4546,53.8,5.906,95335155
bgd,Bangladesh,1984,3.6296,54.2,5.732,97814966
bgd,Bangladesh,1985,3.8135,54.3,5.539,100253825
bgd,Bangladesh,1986,3.7066,55,5.302,102635572
bgd,Bangladesh,1987,3.6027,55.4,5.075,104959291
bgd,Bangladesh,1988,3.5017,55.9,4.849,107216008
bgd,Bangladesh,1989,3.4754,56.4,4.695,109433799
bgd,Bangladesh,1990,3.4493,57,4.506,111633717
bgd,Bangladesh,1991,3.4234,54.8,4.261,113787109
bgd,Bangladesh,1992,3.5935,58.3,4.027,115952192
bgd,Bangladesh,1993,3.7721,59.1,3.832,118132360
bgd,Bangladesh,1994,3.9595,59.8,3.737,120343179
bgd,Bangladesh,1995,4.1563,60.4,3.588,122600370
bgd,Bangladesh,1996,4.1831,61.1,3.505,124862179
bgd,Bangladesh,1997,4.2101,61.8,3.502,127198069
bgd,Bangladesh,1998,4.2372,62.4,3.427,129622332
bgd,Bangladesh,1999,4.2645,63,3.357,132108065
bgd,Bangladesh,2000,4.2921,63.6,3.279,134544304
bgd,Bangladesh,2001,4.3875,64.2,3.203,136805810
bgd,Bangladesh,2002,4.485,64.6,3.126,138933658
bgd,Bangladesh,2003,4.5847,65,3.029,140970351
bgd,Bangladesh,2004,4.6866,65.6,2.94,142902856
bgd,Bangladesh,2005,4.7908,66.1,2.846,144715786
bgd,Bangladesh,2006,4.8564,66.6,2.755,146405973
bgd,Bangladesh,2007,4.9228,67,2.666,147989278
bgd,Bangladesh,2008,4.9902,67.7,2.577,149474264
bgd,Bangladesh,2009,5.0585,68,2.484,150873714
bgd,Bangladesh,2010,5.1278,68.3,2.38,152201981
bgd,Bangladesh,2011,5.2067,68.7,2.309,153591076
bgd,Bangladesh,2012,5.2869,69,2.263,155070101
bgd,Bangladesh,2013,5.3682,69.3,2.247,156532141
bgd,Bangladesh,2014,5.4509,69.5,2.228,157964929
bgd,Bangladesh,2015,5.5348,69.9,2.227,159383179
bgd,Bangladesh,2016,5.6199,70.1,2.227,160811932
bgd,Bangladesh,2017,5.8982,70.3,2.205,162186147
bgd,Bangladesh,2018,6.1902,70.5,2.193,163523103
bgd,Bangladesh,2019,6.4967,70.8,2.18,164913055
bgd,Bangladesh,2020,6.8184,69.6,2.175,166298024
bgd,Bangladesh,2021,7.1559,68.4,2.173,167658854
bgd,Bangladesh,2022,7.5102,70.9,2.179,169384897
bgd,Bangladesh,2023,7.8475,71.1,2.163,171466990
bgd,Bangladesh,2024,8.0802,71.29,2.138,173562364
bgr,Bulgaria,1960,8.9949,68.3,2.31,7862926
bgr,Bulgaria,1961,9.3725,69.1,2.29,7938300
bgr,Bulgaria,1962,9.9285,69.5,2.24,8008325
bgr,Bulgaria,1963,10.1725,70,2.21,8073731
bgr,Bulgaria,1964,10.7502,70.4,2.19,8140084
bgr,Bulgaria,1965,11.1792,70.7,2.09,8202416
bgr,Bulgaria,1966,11.83,70.8,2.03,8258785
bgr,Bulgaria,1967,12.2374,70.6,2.02,8311124
bgr,Bulgaria,1968,12.2223,70.6,2.27,8370638
bgr,Bulgaria,1969,12.5628,70.6,2.27,8435276
bgr,Bulgaria,1970,13.0284,70.7,2.17,8490825
bgr,Bulgaria,1971,13.417,70.8,2.1,8538898
bgr,Bulgaria,1972,13.989,70.9,2.03,8579913
bgr,Bulgaria,1973,14.5698,71,2.15,8624800
bgr,Bulgaria,1974,15.0807,70.9,2.29,8682755
bgr,Bulgaria,1975,16.123,70.9,2.23,8723148
bgr,Bulgaria,1976,16.6569,70.9,2.24,8759438
bgr,Bulgaria,1977,16.8892,70.8,2.21,8804686
bgr,Bulgaria,1978,17.3802,70.9,2.15,8813746
bgr,Bulgaria,1979,18.13,71,2.16,8824992
bgr,Bulgaria,1980,18.2784,71.1,2.05,8859537
bgr,Bulgaria,1981,19.8874,71.2,2,8887801
bgr,Bulgaria,1982,21.2366,71.2,2.01,8912732
bgr,Bulgaria,1983,21.8398,71.2,2.01,8933326
bgr,Bulgaria,1984,23.142,71.3,2.01,8952604
bgr,Bulgaria,1985,23.5475,71.2,1.97,8958854
bgr,Bulgaria,1986,24.8701,71.3,2.02,8963469
bgr,Bulgaria,1987,26.0918,71.3,1.96,8976204
bgr,Bulgaria,1988,27.1632,71.2,1.97,8985715
bgr,Bulgaria,1989,27.7805,71.3,1.9,8936380
bgr,Bulgaria,1990,26.3177,71.3,1.82,8822365
bgr,Bulgaria,1991,24.932,71.2,1.66,8695797
bgr,Bulgaria,1992,23.6192,71.2,1.55,8559101
bgr,Bulgaria,1993,19.4623,70.9,1.46,8466533
bgr,Bulgaria,1994,16.037,70.9,1.37,8416917
bgr,Bulgaria,1995,14.85,70.8,1.23,8357574
bgr,Bulgaria,1996,11.1334,70.8,1.23,8291398
bgr,Bulgaria,1997,8.347,70.7,1.09,8217102
bgr,Bulgaria,1998,9.099,71,1.11,8138194
bgr,Bulgaria,1999,9.9187,71.4,1.23,8067462
bgr,Bulgaria,2000,10.8122,71.6,1.26,8000520
bgr,Bulgaria,2001,11.7863,71.9,1.21,7928452
bgr,Bulgaria,2002,11.4066,72.1,1.23,7861943
bgr,Bulgaria,2003,11.0392,72.4,1.26,7804409
bgr,Bulgaria,2004,11.4443,72.6,1.33,7749430
bgr,Bulgaria,2005,11.8643,72.6,1.37,7695050
bgr,Bulgaria,2006,12.2998,72.7,1.44,7640294
bgr,Bulgaria,2007,32.1106,73,1.49,7586888
bgr,Bulgaria,2008,19.1398,73.5,1.56,7535592
bgr,Bulgaria,2009,19.9726,73.8,1.66,7488011
bgr,Bulgaria,2010,19.126,74,1.57,7437599
bgr,Bulgaria,2011,17.722,74.3,1.51,7380025
bgr,Bulgaria,2012,18.6305,74.6,1.5,7317014
bgr,Bulgaria,2013,20.8038,74.9,1.54,7264600
bgr,Bulgaria,2014,22.1738,74.9,1.62,7223449
bgr,Bulgaria,2015,21.1634,75,1.64,7177517
bgr,Bulgaria,2016,25.2901,75.2,1.67,7127434
bgr,Bulgaria,2017,25.1663,75.3,1.71,7075636
bgr,Bulgaria,2018,29.1821,75.5,1.73,7024745
bgr,Bulgaria,2019,30.1493,75.5,1.79,6975469
bgr,Bulgaria,2020,33.9415,74.2,1.77,6933652
bgr,Bulgaria,2021,33.4834,72.2,1.8,6877225
bgr,Bulgaria,2022,35.4106,74.5,1.78,6825864
bgr,Bulgaria,2023,36.1823,75.9,1.81,6795803
bgr,Bulgaria,2024,37.2122,76.1,1.72,6757689
bhr,Bahrain,1960,8.0484000000000009,55.7,7.262,165477
bhr,Bahrain,1961,8.2852,56.4,7.231,172346
bhr,Bahrain,1962,8.5567,57.1,7.185,179349
bhr,Bahrain,1963,8.8756,57.8,7.137,186501
bhr,Bahrain,1964,9.2513,58.6,7.091,193816
bhr,Bahrain,1965,9.7019,59.3,7.027,200866
bhr,Bahrain,1966,10.1934,60,6.944,207543
bhr,Bahrain,1967,10.7275,60.6,6.843,214189
bhr,Bahrain,1968,11.2717,61.3,6.708,219337
bhr,Bahrain,1969,11.8568,62,6.57,222469
bhr,Bahrain,1970,12.5091,62.7,6.428,224809
bhr,Bahrain,1971,12.9505,63.4,6.284,230733
bhr,Bahrain,1972,13.9311,64.1,6.139,242113
bhr,Bahrain,1973,15.0473,64.8,5.965,255320
bhr,Bahrain,1974,15.8668,65.5,5.787,269038
bhr,Bahrain,1975,13.845,66.1,5.618,283243
bhr,Bahrain,1976,16.3431,66.6,5.454,297863
bhr,Bahrain,1977,17.3618,67.2,5.287,312823
bhr,Bahrain,1978,17.3511,66.8,5.12,328046
bhr,Bahrain,1979,17.0699,68,4.937,343457
bhr,Bahrain,1980,17.4197,68.4,4.762,358978
bhr,Bahrain,1981,18.4068,68.7,4.602,373524
bhr,Bahrain,1982,19.9125,69,4.505,386983
bhr,Bahrain,1983,21.4416,69.3,4.406,400707
bhr,Bahrain,1984,22.4851,69.4,4.303,415154
bhr,Bahrain,1985,22.4225,69.6,4.281,430358
bhr,Bahrain,1986,22.6247,69.2,4.254,446286
bhr,Bahrain,1987,22.6295,69.7,4.133,462854
bhr,Bahrain,1988,24.0261,69.8,4.04,479929
bhr,Bahrain,1989,24.7005,69.8,3.956,497327
bhr,Bahrain,1990,26.1414,69.9,3.817,514797
bhr,Bahrain,1991,29.9923,70.1,3.625,531869
bhr,Bahrain,1992,32.6094,70.2,3.548,547749
bhr,Bahrain,1993,36.9582,70.4,3.461,562809
bhr,Bahrain,1994,37.6746,70.5,3.291,577952
bhr,Bahrain,1995,39.4152,70.5,3.128,593222
bhr,Bahrain,1996,41.3112,70.5,2.986,608593
bhr,Bahrain,1997,42.7761,70.6,2.924,624005
bhr,Bahrain,1998,44.9734,70.7,2.889,639378
bhr,Bahrain,1999,47.0532,71,2.899,654614
bhr,Bahrain,2000,49.5551,70.7,2.798,669581
bhr,Bahrain,2001,50.115,71.6,2.653,699956
bhr,Bahrain,2002,49.4164,71.8,2.699,752197
bhr,Bahrain,2003,49.8687,72,2.778,811276
bhr,Bahrain,2004,50.3872,72.3,2.774,871442
bhr,Bahrain,2005,50.5615,72.7,2.67,932604
bhr,Bahrain,2006,50.368,72.9,2.464,994618
bhr,Bahrain,2007,50.8424,73.6,2.282,1057405
bhr,Bahrain,2008,51.1864,74.1,2.152,1120714
bhr,Bahrain,2009,49.383,74.5,2.047,1183605
bhr,Bahrain,2010,49.5475,74.9,1.987,1213244
bhr,Bahrain,2011,51.9196,75.2,2.025,1206728
bhr,Bahrain,2012,53.2725,75.5,2.11,1216303
bhr,Bahrain,2013,54.1124,75.8,2.166,1257203
bhr,Bahrain,2014,53.8089,76.2,2.149,1312848
bhr,Bahrain,2015,52.9139,76.3,2.113,1369650
bhr,Bahrain,2016,52.8721,76.5,2.042,1429604
bhr,Bahrain,2017,52.6304,76.7,1.984,1481995
bhr,Bahrain,2018,53.6401,76.9,1.911,1497626
bhr,Bahrain,2019,55.4546,77,1.843,1485670
bhr,Bahrain,2020,52.5859,76.1,1.86,1483077
bhr,Bahrain,2021,53.7003,75.5,1.852,1501764
bhr,Bahrain,2022,56.2589,77,1.839,1533459
bhr,Bahrain,2023,56.5001,77.2,1.824,1569666
bhr,Bahrain,2024,57.7795,77.29,1.805,1607049
bhs,Bahamas,1960,18.3575,63.6,5.093,116317
bhs,Bahamas,1961,19.3031,63.5,5.156,122197
bhs,Bahamas,1962,20.2417,63.2,5.125,128493
bhs,Bahamas,1963,21.2438,63,5.062,135087
bhs,Bahamas,1964,22.3275,63.2,4.969,141528
bhs,Bahamas,1965,23.508,62.3,4.884,147952
bhs,Bahamas,1966,24.5052,64.3,4.788,154874
bhs,Bahamas,1967,25.732,65,4.689,162267
bhs,Bahamas,1968,26.8126,65.6,4.556,170089
bhs,Bahamas,1969,28.1939,66,4.38,177981
bhs,Bahamas,1970,25.7755,66.4,4.212,184982
bhs,Bahamas,1971,25.3051,66.8,4.058,190857
bhs,Bahamas,1972,23.6765,67.1,3.886,196055
bhs,Bahamas,1973,24.7496,67.5,3.726,200791
bhs,Bahamas,1974,20.0335,67.6,3.572,205342
bhs,Bahamas,1975,16.5872,67.6,3.424,209886
bhs,Bahamas,1976,16.9416,67.6,3.297,214501
bhs,Bahamas,1977,17.9473,67.7,3.167,219157
bhs,Bahamas,1978,19.8776,67.9,3.052,223761
bhs,Bahamas,1979,24.3184,68,2.937,228230
bhs,Bahamas,1980,25.1171,68.2,2.842,232526
bhs,Bahamas,1981,24.2991,68.4,2.771,236614
bhs,Bahamas,1982,26.0494,68.8,2.708,240614
bhs,Bahamas,1983,27.3808,69.3,2.652,244698
bhs,Bahamas,1984,29.08,69.8,2.591,248863
bhs,Bahamas,1985,30.3154,70.4,2.546,253154
bhs,Bahamas,1986,30.7213,70.8,2.529,257536
bhs,Bahamas,1987,31.6153,71.1,2.52,261935
bhs,Bahamas,1988,32.3338,71.2,2.519,266448
bhs,Bahamas,1989,33.7037,71.1,2.523,271178
bhs,Bahamas,1990,33.9815,71,2.52,275945
bhs,Bahamas,1991,31.8913,70.9,2.51,280731
bhs,Bahamas,1992,30.0124,70.8,2.71,285927
bhs,Bahamas,1993,29.4517,70.8,2.61,291339
bhs,Bahamas,1994,29.7554,71,2.472,296509
bhs,Bahamas,1995,30.4574,71.1,2.419,301461
bhs,Bahamas,1996,31.1604,71.1,2.353,306268
bhs,Bahamas,1997,31.053,71.4,2.293,310904
bhs,Bahamas,1998,31.9658,71.5,2.232,315368
bhs,Bahamas,1999,33.6869,71.3,2.134,319614
bhs,Bahamas,2000,34.506100000000004,71.2,2.06,323835
bhs,Bahamas,2001,34.8466,71.2,2.02,327836
bhs,Bahamas,2002,35.2407,71.4,1.984,331614
bhs,Bahamas,2003,34.2463,71.6,1.971,335618
bhs,Bahamas,2004,33.9972,71.5,1.98,339782
bhs,Bahamas,2005,34.6055,71.8,2.008,343894
bhs,Bahamas,2006,34.9009,72,2.019,348375
bhs,Bahamas,2007,34.7972,72.4,2.035,353334
bhs,Bahamas,2008,33.4318,72.4,1.999,358120
bhs,Bahamas,2009,31.53,72.3,2.011,362810
bhs,Bahamas,2010,31.5204,72.4,1.837,367478
bhs,Bahamas,2011,31.351,72.6,1.791,371729
bhs,Bahamas,2012,32.4417,72.8,1.761,375469
bhs,Bahamas,2013,31.2231,72.9,1.738,378953
bhs,Bahamas,2014,31.5216,72.8,1.687,382298
bhs,Bahamas,2015,31.584,72.6,1.574,385346
bhs,Bahamas,2016,31.0009,72.8,1.495,388055
bhs,Bahamas,2017,31.8466,72.9,1.424,390485
bhs,Bahamas,2018,32.4251,72.9,1.404,392717
bhs,Bahamas,2019,31.9935,70,1.397,394675
bhs,Bahamas,2020,25.4894,71.2,1.386,395863
bhs,Bahamas,2021,29.9336,67.4,1.382,396373
bhs,Bahamas,2022,33.0924,71.5,1.379,397538
bhs,Bahamas,2023,33.9389,72.8,1.373,399440
bhs,Bahamas,2024,34.9244,72.9,1.374,401283
bih,Bosnia and Herzegovina,1960,4.8487,62.1,3.963,3281381
bih,Bosnia and Herzegovina,1961,4.8572,62.6,3.888,3348035
bih,Bosnia and Herzegovina,1962,4.6828,63,3.805,3407532
bih,Bosnia and Herzegovina,1963,5.0957,63.5,3.7,3461942
bih,Bosnia and Herzegovina,1964,5.476,64.1,3.6,3513441
bih,Bosnia and Herzegovina,1965,5.5395,64.5,3.53,3562834
bih,Bosnia and Herzegovina,1966,5.8145,65,3.394,3610562
bih,Bosnia and Herzegovina,1967,5.5881,65.3,3.219,3656223
bih,Bosnia and Herzegovina,1968,5.679,65.4,3.076,3698794
bih,Bosnia and Herzegovina,1969,5.9944,65.6,2.954,3737765
bih,Bosnia and Herzegovina,1970,6.0638,65.9,2.791,3773247
bih,Bosnia and Herzegovina,1971,6.2975,66.2,2.749,3809376
bih,Bosnia and Herzegovina,1972,6.4279,66.8,2.672,3848271
bih,Bosnia and Herzegovina,1973,6.5101,67.3,2.539,3887376
bih,Bosnia and Herzegovina,1974,6.8157,67.8,2.454,3926472
bih,Bosnia and Herzegovina,1975,6.8785,68.2,2.389,3965743
bih,Bosnia and Herzegovina,1976,6.7904,68.5,2.314,4004552
bih,Bosnia and Herzegovina,1977,7.1571,68.8,2.197,4042124
bih,Bosnia and Herzegovina,1978,7.4485,69.1,2.081,4078240
bih,Bosnia and Herzegovina,1979,7.8126,69.4,1.993,4113300
bih,Bosnia and Herzegovina,1980,7.9372,69.5,1.98,4148426
bih,Bosnia and Herzegovina,1981,8.0104,69.6,2.024,4184217
bih,Bosnia and Herzegovina,1982,7.9683,69.9,2.052,4221100
bih,Bosnia and Herzegovina,1983,7.757,70.1,2.049,4258728
bih,Bosnia and Herzegovina,1984,7.7059,70.6,2.015,4295536
bih,Bosnia and Herzegovina,1985,7.6123,70.9,1.96,4330364
bih,Bosnia and Herzegovina,1986,7.6928,71.4,1.909,4362115
bih,Bosnia and Herzegovina,1987,7.3713,71.8,1.879,4390246
bih,Bosnia and Herzegovina,1988,7.0184,72.1,1.849,4414404
bih,Bosnia and Herzegovina,1989,6.9454,72.3,1.792,4433983
bih,Bosnia and Herzegovina,1990,5.9967,72.4,1.786,4448652
bih,Bosnia and Herzegovina,1991,5.278,72.7,1.782,4458343
bih,Bosnia and Herzegovina,1992,4.7632,59.1,1.758,4234616
bih,Bosnia and Herzegovina,1993,4.5718,65,1.729,3904482
bih,Bosnia and Herzegovina,1994,5.1803,68.9,1.698,3725412
bih,Bosnia and Herzegovina,1995,5.8855,62.1,1.669,3715564
bih,Bosnia and Herzegovina,1996,8.706,74,1.652,3875246
bih,Bosnia and Herzegovina,1997,11.222,74.3,1.686,4018227
bih,Bosnia and Herzegovina,1998,12.7484,74.6,1.561,4089356
bih,Bosnia and Herzegovina,1999,13.7392,74.7,1.366,4130305
bih,Bosnia and Herzegovina,2000,14.257,74.8,1.282,4159771
bih,Bosnia and Herzegovina,2001,14.4711,74.9,1.23,4179438
bih,Bosnia and Herzegovina,2002,16.6129,75.1,1.231,4188002
bih,Bosnia and Herzegovina,2003,19.0716,75.2,1.219,4178523
bih,Bosnia and Herzegovina,2004,21.8943,75.3,1.221,4140987
bih,Bosnia and Herzegovina,2005,22.5303,75.3,1.203,4096493
bih,Bosnia and Herzegovina,2006,23.1848,75.5,1.18,4063272
bih,Bosnia and Herzegovina,2007,23.8584,75.6,1.19,4013424
bih,Bosnia and Herzegovina,2008,23.5768,75.8,1.21,3947544
bih,Bosnia and Herzegovina,2009,23.2986,76,1.267,3879794
bih,Bosnia and Herzegovina,2010,23.0237,76.2,1.26,3811472
bih,Bosnia and Herzegovina,2011,22.7521,76.3,1.209,3741798
bih,Bosnia and Herzegovina,2012,23.0058,76.5,1.252,3670113
bih,Bosnia and Herzegovina,2013,23.9328,76.7,1.278,3610859
bih,Bosnia and Herzegovina,2014,24.5216,76.8,1.262,3564829
bih,Bosnia and Herzegovina,2015,25.9161,76.8,1.322,3518541
bih,Bosnia and Herzegovina,2016,27.1072,77,1.36,3473003
bih,Bosnia and Herzegovina,2017,28.3484,77,1.419,3428682
bih,Bosnia and Herzegovina,2018,29.7956,77.1,1.504,3387000
bih,Bosnia and Herzegovina,2019,31.0359,77.1,1.509,3345533
bih,Bosnia and Herzegovina,2020,30.5215,75.8,1.515,3299349
bih,Bosnia and Herzegovina,2021,33.3269,74.6,1.49,3244907
bih,Bosnia and Herzegovina,2022,35.1703,76.6,1.481,3204802
bih,Bosnia and Herzegovina,2023,36.0939,77.7,1.486,3185073
bih,Bosnia and Herzegovina,2024,37.2324,77.8,1.492,3164253
blr,Belarus,1960,4.0495,70.2,2.67,8207998
blr,Belarus,1961,4.1843,70.7,2.59,8320433
blr,Belarus,1962,4.205,70.9,2.5,8424480
blr,Belarus,1963,4.0266,71.5,2.4,8517704
blr,Belarus,1964,4.4952,72.1,2.31,8602838
blr,Belarus,1965,4.7024,72.4,2.27,8679929
blr,Belarus,1966,4.8862,72.4,2.29,8752970
blr,Belarus,1967,5.0578,72.4,2.26,8823254
blr,Belarus,1968,5.3124,72.4,2.22,8891328
blr,Belarus,1969,5.3459,72.2,2.26,8954597
blr,Belarus,1970,5.7142,72.1,2.31,9014897
blr,Belarus,1971,5.8195,72.1,2.31,9079747
blr,Belarus,1972,5.8056,72.1,2.28,9144633
blr,Belarus,1973,6.2438,72.1,2.25,9205712
blr,Belarus,1974,6.3402,72.1,2.21,9265678
blr,Belarus,1975,6.4381,71.8,2.17,9324281
blr,Belarus,1976,6.5375,71.6,2.12,9380086
blr,Belarus,1977,6.6384,71.4,2.08,9434943
blr,Belarus,1978,6.7409,71.2,2.06,9485805
blr,Belarus,1979,6.845,71,2.05,9537705
blr,Belarus,1980,6.9507,70.9,2.03,9603171
blr,Belarus,1981,7.1901,71,2.02,9678048
blr,Belarus,1982,7.4397,71,2.05,9748282
blr,Belarus,1983,7.7435,70.9,2.11,9815555
blr,Belarus,1984,7.9297,70.8,2.11,9881694
blr,Belarus,1985,7.9364,71,2.09,9944186
blr,Belarus,1986,8.0775,71.6,2.09,10004288
blr,Belarus,1987,8.1008,71.8,2.03,10057605
blr,Belarus,1988,8.0051,71.7,2.031,10107637
blr,Belarus,1989,8.4759,71.5,2.026,10158785
blr,Belarus,1990,8.1473,71,1.913,10186261
blr,Belarus,1991,7.9915,70.5,1.805,10193889
blr,Belarus,1992,7.1665,70,1.764,10217561
blr,Belarus,1993,6.5707,69.2,1.623,10241320
blr,Belarus,1994,8.0286,68.8,1.533,10230187
blr,Belarus,1995,9.8099,68.5,1.406,10197463
blr,Belarus,1996,7.398,68.5,1.335,10164028
blr,Belarus,1997,5.5791,68.4,1.25,10122364
blr,Belarus,1998,4.2074,68.3,1.3,10080578
blr,Belarus,1999,4.464,68.3,1.31,10039223
blr,Belarus,2000,4.9552,68.5,1.317,9991313
blr,Belarus,2001,6.1512,68.4,1.286,9938065
blr,Belarus,2002,6.7569,68.2,1.24,9873450
blr,Belarus,2003,6.9718,68.4,1.232,9803176
blr,Belarus,2004,7.8297,68.7,1.233,9735091
blr,Belarus,2005,9.6294,69,1.252,9667838
blr,Belarus,2006,11.1341,69.5,1.335,9608036
blr,Belarus,2007,12.7956,70.1,1.429,9563133
blr,Belarus,2008,13.2961,70.4,1.488,9529358
blr,Belarus,2009,13.4285,70.5,1.509,9507337
blr,Belarus,2010,15.1495,70.6,1.494,9490752
blr,Belarus,2011,15.5189,71.1,1.515,9472735
blr,Belarus,2012,17.3791,72,1.62,9463076
blr,Belarus,2013,19.3747,72.7,1.668,9464453
blr,Belarus,2014,20.1774,73.3,1.696,9472708
blr,Belarus,2015,18.0743,73.8,1.724,9487293
blr,Belarus,2016,17.364,74.2,1.733,9499064
blr,Belarus,2017,17.8317,74.4,1.541,9495790
blr,Belarus,2018,19.36,74.4,1.448,9480031
blr,Belarus,2019,20.4058,74.5,1.382,9435419
blr,Belarus,2020,20.5472,74.2,1.369,9350944
blr,Belarus,2021,21.2234,73.9,1.371,9251365
blr,Belarus,2022,20.3981,73.8,1.326,9173237
blr,Belarus,2023,21.355,74.5,1.208,9115680
blr,Belarus,2024,22.3198,74.7,1.217,9056696
blz,Belize,1960,3.6759,63.2,6.5,91318
blz,Belize,1961,3.7291,58.3,6.48,93632
blz,Belize,1962,3.7784,64.3,6.46,96042
blz,Belize,1963,3.8299,64.8,6.44,98704
blz,Belize,1964,3.8937,65.3,6.42,101603
blz,Belize,1965,3.9711,65.7,6.4,104675
blz,Belize,1966,4.0545,66.1,6.379,107906
blz,Belize,1967,4.154,66.5,6.358,111272
blz,Belize,1968,4.3677,67,6.337,114713
blz,Belize,1969,4.5088,67.5,6.316,118040
blz,Belize,1970,4.6491,67.9,6.299,120736
blz,Belize,1971,4.8247,68.3,6.288,122805
blz,Belize,1972,4.9204,68.6,6.284,124676
blz,Belize,1973,4.7747,68.9,6.285,126445
blz,Belize,1974,5.1027,69.2,6.287,128185
blz,Belize,1975,5.026,69.4,6.278,130387
blz,Belize,1976,4.8884,69.5,6.25,133099
blz,Belize,1977,4.9887,69.8,6.195,135887
blz,Belize,1978,5.2691,70,6.109,138713
blz,Belize,1979,5.3449,70.5,5.992,141678
blz,Belize,1980,5.4308,70.9,5.849,145062
blz,Belize,1981,5.6631,71.2,5.684,148786
blz,Belize,1982,5.4446,71.6,5.497,152548
blz,Belize,1983,5.5435,71.9,5.309,156297
blz,Belize,1984,5.9193,72.2,5.115,160044
blz,Belize,1985,5.8297,72.5,4.997,163796
blz,Belize,1986,6.0955,72.7,4.937,167554
blz,Belize,1987,7.1322,72.9,4.883,171338
blz,Belize,1988,7.8879,73,4.868,175180
blz,Belize,1989,9.0742,73,4.864,179107
blz,Belize,1990,10.116,73.2,4.802,183076
blz,Belize,1991,11.097,73.1,4.595,187040
blz,Belize,1992,12.2787,73.5,4.429,190983
blz,Belize,1993,12.8201,73.3,4.206,194902
blz,Belize,1994,12.464,72.9,3.973,199097
blz,Belize,1995,15.8215,72.6,3.876,204146
blz,Belize,1996,10.0206,72.2,3.755,210310
blz,Belize,1997,10.3573,71.7,3.737,217446
blz,Belize,1998,9.4337,71.2,3.752,225173
blz,Belize,1999,9.457,70.8,3.726,233059
blz,Belize,2000,9.8353,70.3,3.633,240799
blz,Belize,2001,10.2286,70.6,3.526,248379
blz,Belize,2002,10.6377,71.3,3.43,256009
blz,Belize,2003,11.0632,71.5,3.335,263780
blz,Belize,2004,11.5057,71.9,3.252,271688
blz,Belize,2005,11.9659,72.2,3.173,279731
blz,Belize,2006,12.4445,72.7,3.021,287878
blz,Belize,2007,12.9422,73,2.885,296100
blz,Belize,2008,13.4599,73.4,2.78,304361
blz,Belize,2009,13.9982,73.6,2.659,312614
blz,Belize,2010,14.5581,73.8,2.552,320245
blz,Belize,2011,15.1404,73.9,2.531,327298
blz,Belize,2012,15.7459,74.1,2.51,334414
blz,Belize,2013,16.3757,74.2,2.498,341627
blz,Belize,2014,17.0307,74.1,2.474,348923
blz,Belize,2015,17.7118,74.1,2.433,356333
blz,Belize,2016,18.4203,74.1,2.396,364705
blz,Belize,2017,19.157,74.2,2.368,373202
blz,Belize,2018,19.9232,74.3,2.343,380226
blz,Belize,2019,20.471800000000002,74.4,2.142,385829
blz,Belize,2020,17.4009,73.2,2.04,390812
blz,Belize,2021,20.2539,71.6,1.837,395346
blz,Belize,2022,21.8016,73.8,1.949,402733
blz,Belize,2023,21.603,75.2,2.007,411106
blz,Belize,2024,23.0298,75.3,2.021,417072
bol,Bolivia,1960,9.0472,43.3,6.273,3702323
bol,Bolivia,1961,9.0315,44,6.257,3778731
bol,Bolivia,1962,9.3472,44.6,6.246,3857493
bol,Bolivia,1963,9.7414,45.3,6.232,3938913
bol,Bolivia,1964,9.988,46.1,6.21,4022996
bol,Bolivia,1965,10.2367,46.8,6.182,4109796
bol,Bolivia,1966,10.7208,47.6,6.158,4199550
bol,Bolivia,1967,11.209,48.3,6.133,4292572
bol,Bolivia,1968,10.857,49.1,6.101,4388944
bol,Bolivia,1969,10.9842,49.9,6.058,4488232
bol,Bolivia,1970,10.9471,50.6,6.004,4590010
bol,Bolivia,1971,11.126,51.3,5.947,4694342
bol,Bolivia,1972,11.5312,52,5.885,4800978
bol,Bolivia,1973,11.9511,52.7,5.847,4910200
bol,Bolivia,1974,12.1183,53.4,5.796,5022475
bol,Bolivia,1975,12.6282,54.1,5.748,5137539
bol,Bolivia,1976,13.0615,54.7,5.739,5256496
bol,Bolivia,1977,13.3056,55.5,5.673,5379166
bol,Bolivia,1978,13.308,56.1,5.61,5504123
bol,Bolivia,1979,12.9796,56.8,5.542,5630849
bol,Bolivia,1980,12.5176,57.5,5.474,5758900
bol,Bolivia,1981,12.5299,58.2,5.408,5888109
bol,Bolivia,1982,12.1819,58.9,5.346,6018088
bol,Bolivia,1983,11.6985,59.4,5.289,6149060
bol,Bolivia,1984,11.7469,60.2,5.242,6281868
bol,Bolivia,1985,11.5848,60.8,5.153,6416185
bol,Bolivia,1986,11.1787,61.3,5.115,6552479
bol,Bolivia,1987,11.4129,61.8,5.063,6692162
bol,Bolivia,1988,11.8107,62.2,5.025,6835508
bol,Bolivia,1989,12.2997,62.6,4.965,6981766
bol,Bolivia,1990,12.962,63,4.9,7130142
bol,Bolivia,1991,13.3803,63.2,4.846,7280289
bol,Bolivia,1992,13.3402,63.5,4.713,7430336
bol,Bolivia,1993,13.6529,64,4.592,7579195
bol,Bolivia,1994,14.0326,64.5,4.494,7727322
bol,Bolivia,1995,14.4316,65,4.409,7874676
bol,Bolivia,1996,14.8044,65.3,4.336,8021736
bol,Bolivia,1997,15.2798,65.8,4.219,8167900
bol,Bolivia,1998,14.299,66.1,4.149,8313394
bol,Bolivia,1999,13.3812,66.5,4.09,8459806
bol,Bolivia,2000,12.4956,66.8,3.991,8606326
bol,Bolivia,2001,12.9573,67.1,3.89,8752736
bol,Bolivia,2002,12.9507,67.3,3.802,8900355
bol,Bolivia,2003,13.8901,67.6,3.721,9050700
bol,Bolivia,2004,14.8976,67.8,3.633,9204287
bol,Bolivia,2005,15.8482,68,3.558,9360754
bol,Bolivia,2006,16.8822,68.2,3.533,9521689
bol,Bolivia,2007,16.8175,68.5,3.447,9685960
bol,Bolivia,2008,17.6352,68.8,3.364,9850858
bol,Bolivia,2009,18.6425,69.1,3.287,10016275
bol,Bolivia,2010,19.5396,69.4,3.213,10182345
bol,Bolivia,2011,20.4799,69.6,3.143,10348929
bol,Bolivia,2012,20.9618,69.8,3.076,10515807
bol,Bolivia,2013,23.1076,70,3.01,10682608
bol,Bolivia,2014,23.2352,70.3,2.947,10848888
bol,Bolivia,2015,22.3993,70.6,2.886,11014705
bol,Bolivia,2016,21.3417,70.8,2.829,11180020
bol,Bolivia,2017,21.5631,71.1,2.777,11344587
bol,Bolivia,2018,21.1858,71.3,2.73,11508368
bol,Bolivia,2019,22.1584,71.5,2.688,11671386
bol,Bolivia,2020,22.1432,63.8,2.651,11816299
bol,Bolivia,2021,22.0928,64.6,2.618,11937360
bol,Bolivia,2022,21.7198,70.6,2.584,12077154
bol,Bolivia,2023,22.9324,71.9,2.547,12244159
bol,Bolivia,2024,22.9331,72,2.523,12413315
bra,Brazil,1960,4.1382,57.5,6.051,72388126
bra,Brazil,1961,4.4082,57.8,6.022,74605447
bra,Brazil,1962,4.5244,58.2,5.984,76865323
bra,Brazil,1963,4.4805,58.6,5.93,79164235
bra,Brazil,1964,4.4928,58.9,5.818,81488595
bra,Brazil,1965,4.5216,59.3,5.677,83817583
bra,Brazil,1966,4.6261,59.7,5.516,86139359
bra,Brazil,1967,4.6958,60.1,5.336,88446124
bra,Brazil,1968,5.0217,60.6,5.165,90741240
bra,Brazil,1969,5.2698,61,5.041,93045777
bra,Brazil,1970,5.6553,61.5,4.934,95375651
bra,Brazil,1971,6.1161,62,4.838,97739273
bra,Brazil,1972,6.6554,62.6,4.735,100146797
bra,Brazil,1973,7.3752,63.1,4.638,102600976
bra,Brazil,1974,7.7577,63.4,4.502,105089675
bra,Brazil,1975,7.9382,63.7,4.415,107619565
bra,Brazil,1976,8.5161,63.9,4.339,110213349
bra,Brazil,1977,8.6962,64.7,4.267,112875292
bra,Brazil,1978,8.8844,65.2,4.195,115600942
bra,Brazil,1979,9.2317,65.4,4.12,118380821
bra,Brazil,1980,9.8164,65.9,4.037,121207461
bra,Brazil,1981,9.6465,67.2,3.943,124063109
bra,Brazil,1982,9.8303,67.8,3.838,126923155
bra,Brazil,1983,8.3023,67.6,3.723,129790077
bra,Brazil,1984,8.2498,67.5,3.6,132658864
bra,Brazil,1985,8.7042,67.9,3.48,135515595
bra,Brazil,1986,15.564,68.1,3.361,138336370
bra,Brazil,1987,12.2222,68.5,3.232,141104944
bra,Brazil,1988,12.0503,68.5,3.112,143826357
bra,Brazil,1989,13.9898,69.1,3.007,146502972
bra,Brazil,1990,10.9706,69.7,2.896,149143223
bra,Brazil,1991,9.7903,70.3,2.805,151724256
bra,Brazil,1992,8.7369,70.3,2.71,154275079
bra,Brazil,1993,10.9895,70,2.66,156794577
bra,Brazil,1994,12.7232,70.3,2.603,159265006
bra,Brazil,1995,14.7304,70.7,2.567,161735073
bra,Brazil,1996,14.8111,71,2.511,164202549
bra,Brazil,1997,14.6395,71.5,2.468,166661659
bra,Brazil,1998,15.0853,71.8,2.418,169159655
bra,Brazil,1999,14.1471,72.1,2.335,171641543
bra,Brazil,2000,14.9717,72.4,2.247,174018282
bra,Brazil,2001,15.8444,72.7,2.162,176301203
bra,Brazil,2002,16.088,73,2.081,178503484
bra,Brazil,2003,15.3026,73.2,2.006,180622688
bra,Brazil,2004,15.3794,73.4,1.973,182675143
bra,Brazil,2005,16.1565,74,1.942,184688101
bra,Brazil,2006,17.355,74.3,1.896,186653106
bra,Brazil,2007,17.9462,74.5,1.854,188552320
bra,Brazil,2008,18.9088,74.7,1.815,190367302
bra,Brazil,2009,19.4889,74.8,1.799,192079951
bra,Brazil,2010,20.2208,74.9,1.786,193701929
bra,Brazil,2011,20.9802,75,1.777,195284734
bra,Brazil,2012,22.5046,75.3,1.766,196876111
bra,Brazil,2013,23.4604,75.5,1.761,198478299
bra,Brazil,2014,23.9522,75.7,1.775,200085127
bra,Brazil,2015,23.2356,75.8,1.777,201675532
bra,Brazil,2016,23.2233,75.8,1.727,203218114
bra,Brazil,2017,23.1863,76.1,1.74,204703445
bra,Brazil,2018,23.9931,76.5,1.744,206107261
bra,Brazil,2019,24.1099,76.7,1.705,207455459
bra,Brazil,2020,24.0204,75.2,1.653,208660842
bra,Brazil,2021,21.8979,73.3,1.638,209550294
bra,Brazil,2022,24.361,76.1,1.629,210306415
bra,Brazil,2023,25.5327,76.9,1.619,211140729
bra,Brazil,2024,26.2929,77.1,1.614,211998573
brb,Barbados,1960,6.1116,65.2,4.706,230893
brb,Barbados,1961,6.5187,66.1,4.153,233148
brb,Barbados,1962,6.7729,66.8,4.3,235224
brb,Barbados,1963,6.6916,67.3,4.304,237557
brb,Barbados,1964,6.9384,67.6,4.214,239958
brb,Barbados,1965,7.1926,67.9,4.176,242417
brb,Barbados,1966,7.4889,68.2,4.144,244996
brb,Barbados,1967,8.2467,68.6,3.599,247091
brb,Barbados,1968,9.0522,68.9,3.574,248540
brb,Barbados,1969,9.8625,69.2,3.342,249444
brb,Barbados,1970,10.8093,69.3,3.079,249387
brb,Barbados,1971,11.0801,69.5,3.199,249168
brb,Barbados,1972,11.0664,69.6,3.153,249658
brb,Barbados,1973,11.0621,69.9,2.865,250322
brb,Barbados,1974,10.409,70.2,2.652,250777
brb,Barbados,1975,10.3749,70.6,2.447,251175
brb,Barbados,1976,10.7125,70.2,2.241,251442
brb,Barbados,1977,10.9758,71.3,2.201,251626
brb,Barbados,1978,11.3887,71.7,1.839,251551
brb,Barbados,1979,12.1588,72.2,1.862,251269
brb,Barbados,1980,12.5655,72.7,1.777,251524
brb,Barbados,1981,12.8807,73,1.846,252270
brb,Barbados,1982,12.5901,73.3,1.859,253095
brb,Barbados,1983,12.8535,73.5,1.856,253992
brb,Barbados,1984,13.5208,73.7,1.752,254920
brb,Barbados,1985,13.856,73.8,1.769,255820
brb,Barbados,1986,14.667,74,1.694,256618
brb,Barbados,1987,15.2114,74.1,1.611,257279
brb,Barbados,1988,16.0373,74.1,1.58,257763
brb,Barbados,1989,16.9785,74.1,1.638,258109
brb,Barbados,1990,16.7765,74,1.842,258582
brb,Barbados,1991,16.0152,74,1.838,259373
brb,Barbados,1992,15.0052,74,1.804,260267
brb,Barbados,1993,15.0356,74,1.769,261027
brb,Barbados,1994,15.2637,74.1,1.733,261620
brb,Barbados,1995,15.5107,74.1,1.704,262039
brb,Barbados,1996,16.0783,74.3,1.673,262284
brb,Barbados,1997,16.7979,74.4,1.645,262392
brb,Barbados,1998,17.3926,74.9,1.62,262436
brb,Barbados,1999,17.4249,75.2,1.779,262517
brb,Barbados,2000,18.2149,75.3,1.933,262063
brb,Barbados,2001,17.7559,75.6,1.955,262425
brb,Barbados,2002,17.7942,75.7,1.862,264148
brb,Barbados,2003,18.0878,75.6,1.856,265776
brb,Barbados,2004,18.2617,75.8,1.797,267298
brb,Barbados,2005,18.9144,76.1,1.738,268706
brb,Barbados,2006,19.9976,76.2,1.702,270002
brb,Barbados,2007,20.3565,76.3,1.755,271288
brb,Barbados,2008,20.4277,76.5,1.756,272714
brb,Barbados,2009,19.3594,76.8,1.77,274123
brb,Barbados,2010,18.9076,77.1,1.785,275243
brb,Barbados,2011,18.7084,77.2,1.758,276139
brb,Barbados,2012,18.596,77.4,1.731,276938
brb,Barbados,2013,18.3599,77.4,1.729,277665
brb,Barbados,2014,18.3299,77.4,1.727,278348
brb,Barbados,2015,18.133,77.3,1.726,278990
brb,Barbados,2016,18.4178,77.3,1.724,279598
brb,Barbados,2017,18.4037,77.3,1.724,280171
brb,Barbados,2018,18.1527,77.2,1.72,280711
brb,Barbados,2019,18.2389,77.1,1.715,281207
brb,Barbados,2020,15.4662,76.5,1.708,281698
brb,Barbados,2021,15.4022,75.5,1.709,282147
brb,Barbados,2022,18.1378,75.6,1.712,282318
brb,Barbados,2023,18.8792,76.7,1.708,282336
brb,Barbados,2024,19.5875,76.8,1.708,282467
brn,Brunei,1960,94.0054,55.2,7.322,88347
brn,Brunei,1961,95.7863,56.3,7.185,92517
brn,Brunei,1962,97.5979,56.4,7.03,96719
brn,Brunei,1963,99.441,58.5,6.893,101159
brn,Brunei,1964,101.314,59.4,6.773,105922
brn,Brunei,1965,103.2216,60.2,6.647,110838
brn,Brunei,1966,105.1597,61,6.514,115874
brn,Brunei,1967,107.1328,61.7,6.372,121017
brn,Brunei,1968,109.1382,62.4,6.204,126222
brn,Brunei,1969,111.1791,63.2,6.008,131446
brn,Brunei,1970,113.254,63.9,5.801,135138
brn,Brunei,1971,118.5528,64.6,5.619,137921
brn,Brunei,1972,124.347,65.3,5.5,142189
brn,Brunei,1973,129.8842,65.9,5.355,147369
brn,Brunei,1974,138.3099,66.4,5.183,152656
brn,Brunei,1975,132.7529,66.9,4.99,158070
brn,Brunei,1976,152.8084,67.3,4.784,163607
brn,Brunei,1977,162.625,67.7,4.58,169277
brn,Brunei,1978,166.9351,68,4.389,174884
brn,Brunei,1979,196.9662,68.4,4.216,180422
brn,Brunei,1980,176.6922,68.8,4.067,186111
brn,Brunei,1981,136.8816,69.2,3.943,191977
brn,Brunei,1982,137.6836,69.6,3.841,198165
brn,Brunei,1983,134.0319,69.9,3.751,204741
brn,Brunei,1984,130.6629,70.3,3.68,211661
brn,Brunei,1985,124.7246,70.5,3.612,218919
brn,Brunei,1986,115.9993,70.8,3.549,226495
brn,Brunei,1987,115.7944,71.1,3.491,233860
brn,Brunei,1988,115.6136,71.4,3.435,240913
brn,Brunei,1989,115.9776,71.7,3.364,248064
brn,Brunei,1990,116.9884,71.8,3.29,255292
brn,Brunei,1991,117.1804,72.1,3.206,262596
brn,Brunei,1992,112.7518,72.3,3.111,269839
brn,Brunei,1993,109.2948,72.6,3.007,276971
brn,Brunei,1994,108.0224,72.9,2.901,284091
brn,Brunei,1995,107.3781,73,2.787,291195
brn,Brunei,1996,105.2462,73.3,2.681,298276
brn,Brunei,1997,107.6043,73.5,2.6,305341
brn,Brunei,1998,99.1882,73.7,2.533,312385
brn,Brunei,1999,100.8083,74,2.461,319411
brn,Brunei,2000,101.854,74.1,2.398,326424
brn,Brunei,2001,101.2441,74.4,2.337,333345
brn,Brunei,2002,103.0097,74.6,2.264,340099
brn,Brunei,2003,104.4733,74.9,2.185,346637
brn,Brunei,2004,102.6253,75.1,2.104,352911
brn,Brunei,2005,100.7976,75.3,2.024,358916
brn,Brunei,2006,103.1487,75.6,1.969,364663
brn,Brunei,2007,97.6366,75.9,1.933,370873
brn,Brunei,2008,91.9781,76.1,1.918,377793
brn,Brunei,2009,88.3348,76.4,1.921,384952
brn,Brunei,2010,88.8092,76.5,1.937,392332
brn,Brunei,2011,90.5066,76.8,1.957,399389
brn,Brunei,2012,89.944,77,1.973,405557
brn,Brunei,2013,86.8243,77,1.978,411202
brn,Brunei,2014,83.52,77.2,1.969,416750
brn,Brunei,2015,82.1161,77.3,1.947,422212
brn,Brunei,2016,79.0789,77.4,1.915,427564
brn,Brunei,2017,79.1653,77.6,1.881,432772
brn,Brunei,2018,78.2954,77.8,1.848,437810
brn,Brunei,2019,80.4298,78,1.819,442680
brn,Brunei,2020,80.4827,78,1.796,447404
brn,Brunei,2021,78.4455,77.7,1.778,451721
brn,Brunei,2022,76.5498,77.4,1.764,455370
brn,Brunei,2023,76.8093,78.1,1.747,458949
brn,Brunei,2024,79.3831,78.31,1.731,462721
btn,Bhutan,1960,1.2668,40.5,6.704,224084
btn,Bhutan,1961,1.2792,41,6.698,230602
btn,Bhutan,1962,1.2941,41.4,6.692,237636
btn,Bhutan,1963,1.3088,41.9,6.687,245156
btn,Bhutan,1964,1.3233,42.4,6.682,252987
btn,Bhutan,1965,1.3377,42.9,6.679,261200
btn,Bhutan,1966,1.3532,43.5,6.674,269820
btn,Bhutan,1967,1.3672,44,6.669,278852
btn,Bhutan,1968,1.3823,44.5,6.664,288311
btn,Bhutan,1969,1.3973,45.1,6.658,298214
btn,Bhutan,1970,1.412,45.6,6.65,308528
btn,Bhutan,1971,1.3961,46.2,6.643,319211
btn,Bhutan,1972,1.3604,46.7,6.639,330264
btn,Bhutan,1973,1.3298,47.2,6.633,341705
btn,Bhutan,1974,1.3478,47.7,6.618,353538
btn,Bhutan,1975,1.2554,48.2,6.62,365791
btn,Bhutan,1976,1.3173,48.8,6.616,378490
btn,Bhutan,1977,1.3684,49.4,6.605,391639
btn,Bhutan,1978,1.4131,50,6.584,405243
btn,Bhutan,1979,1.4286,50.6,6.553,419200
btn,Bhutan,1980,1.4491,51.3,6.511,433404
btn,Bhutan,1981,1.6681,52.1,6.46,447836
btn,Bhutan,1982,1.777,53,6.402,462485
btn,Bhutan,1983,1.9091,53.9,6.336,477460
btn,Bhutan,1984,2.036,54.8,6.262,492784
btn,Bhutan,1985,2.1149,55.5,6.176,508392
btn,Bhutan,1986,2.2834,56.5,6.103,524324
btn,Bhutan,1987,2.7723,57.4,5.999,540557
btn,Bhutan,1988,3.079,58.1,5.88,556986
btn,Bhutan,1989,3.2896,58.7,5.757,573586
btn,Bhutan,1990,3.6647,59.4,5.604,589287
btn,Bhutan,1991,3.6,59.7,5.451,599784
btn,Bhutan,1992,3.876,60.2,5.267,577774
btn,Bhutan,1993,4.0868,60.6,5.072,554673
btn,Bhutan,1994,4.3006,61,4.866,554497
btn,Bhutan,1995,4.6522,61.5,4.624,547989
btn,Bhutan,1996,4.9043,62,4.369,548784
btn,Bhutan,1997,5.0878,62.3,4.088,558697
btn,Bhutan,1998,5.2971,63,3.853,569435
btn,Bhutan,1999,5.6044,63.6,3.607,582579
btn,Bhutan,2000,5.6971,63.4,3.378,596863
btn,Bhutan,2001,5.9951,64.5,3.188,610794
btn,Bhutan,2002,6.4925,65,3.012,624409
btn,Bhutan,2003,6.8656,65.4,2.865,637663
btn,Bhutan,2004,7.1999,65.9,2.781,650544
btn,Bhutan,2005,7.5505,66.4,2.726,661865
btn,Bhutan,2006,7.9181,67,2.66,670799
btn,Bhutan,2007,8.3036,67.6,2.589,678641
btn,Bhutan,2008,8.8407,68.2,2.481,686351
btn,Bhutan,2009,9.4125,68.8,2.364,693988
btn,Bhutan,2010,10.0213,69.4,2.252,701632
btn,Bhutan,2011,10.6695,69.8,2.155,709377
btn,Bhutan,2012,11.3596,70.1,2.068,717279
btn,Bhutan,2013,11.5498,70.5,2,725273
btn,Bhutan,2014,11.7432,70.8,1.923,733139
btn,Bhutan,2015,11.9398,71.1,1.835,740618
btn,Bhutan,2016,12.1397,71.4,1.738,747866
btn,Bhutan,2017,12.343,71.7,1.621,754335
btn,Bhutan,2018,13.3213,71.9,1.517,759759
btn,Bhutan,2019,14.3771,72.2,1.448,764824
btn,Bhutan,2020,15.5166,72.3,1.502,770006
btn,Bhutan,2021,16.7464,72.5,1.488,775442
btn,Bhutan,2022,18.0737,72.4,1.478,780914
btn,Bhutan,2023,18.8243,72.6,1.462,786385
btn,Bhutan,2024,19.9294,72.9,1.449,791524
bwa,Botswana,1960,0.7262,48.1,6.595,516165
bwa,Botswana,1961,0.7489,48.4,6.564,527942
bwa,Botswana,1962,0.7693,48.7,6.536,540186
bwa,Botswana,1963,0.7843,48.9,6.578,552966
bwa,Botswana,1964,0.8073,49.3,6.613,566266
bwa,Botswana,1965,0.7972,49.5,6.604,574664
bwa,Botswana,1966,0.8558,49.9,6.606,577866
bwa,Botswana,1967,0.958,50.3,6.598,580933
bwa,Botswana,1968,1.0567,50.8,6.582,583966
bwa,Botswana,1969,1.0979,51.3,6.559,587066
bwa,Botswana,1970,1.194,51.8,6.55,590334
bwa,Botswana,1971,1.4633,52.4,6.544,600481
bwa,Botswana,1972,1.7914,53.2,6.563,622407
bwa,Botswana,1973,2.0972,53.9,6.587,652408
bwa,Botswana,1974,2.1953,54.7,6.614,685448
bwa,Botswana,1975,2.284,55.3,6.613,720380
bwa,Botswana,1976,2.4206,56,6.599,758508
bwa,Botswana,1977,2.5607,56.7,6.543,799574
bwa,Botswana,1978,2.7386,57.3,6.479,849239
bwa,Botswana,1979,3.0035,58,6.395,901742
bwa,Botswana,1980,3.2447,58.7,6.292,937485
bwa,Botswana,1981,3.6599,59.4,6.163,969996
bwa,Botswana,1982,4.1378,60.2,5.97,1009269
bwa,Botswana,1983,4.5644,60.9,5.785,1046137
bwa,Botswana,1984,4.9373,61.7,5.625,1083660
bwa,Botswana,1985,5.2881,62.4,5.482,1121945
bwa,Botswana,1986,5.5151,63.1,5.332,1160650
bwa,Botswana,1987,5.7518,63.6,5.104,1199167
bwa,Botswana,1988,5.9987,63.7,4.878,1235476
bwa,Botswana,1989,6.2562,64.4,4.666,1270274
bwa,Botswana,1990,6.5247,64.4,4.509,1305696
bwa,Botswana,1991,6.8048,64,4.365,1341756
bwa,Botswana,1992,7.0969,63.3,4.255,1380033
bwa,Botswana,1993,7.4015,62.3,4.152,1420115
bwa,Botswana,1994,7.657,61,4.021,1460023
bwa,Botswana,1995,7.9213,59.5,3.792,1498836
bwa,Botswana,1996,8.1948,57.5,3.573,1535914
bwa,Botswana,1997,8.4777,55.1,3.431,1571691
bwa,Botswana,1998,8.7703,52.6,3.362,1606899
bwa,Botswana,1999,9.0731,50.7,3.313,1641997
bwa,Botswana,2000,9.3863,48.8,3.294,1677382
bwa,Botswana,2001,9.7103,47.3,3.248,1712254
bwa,Botswana,2002,10.0455,48.2,3.175,1744763
bwa,Botswana,2003,10.2653,51.9,3.106,1775736
bwa,Botswana,2004,10.4898,57.1,3.063,1807146
bwa,Botswana,2005,10.7193,60.8,3.082,1839877
bwa,Botswana,2006,10.9538,61,3.114,1874516
bwa,Botswana,2007,11.1934,63.7,3.127,1911201
bwa,Botswana,2008,11.4383,64.4,3.131,1949970
bwa,Botswana,2009,11.6885,65.1,3.133,1990673
bwa,Botswana,2010,11.5874,65.8,3.135,2033111
bwa,Botswana,2011,11.4872,66.3,3.103,2073535
bwa,Botswana,2012,11.3879,66.9,3.07,2108617
bwa,Botswana,2013,11.2894,67.3,3.045,2140682
bwa,Botswana,2014,11.1918,67.8,3.027,2172044
bwa,Botswana,2015,11.095,68,3.008,2203273
bwa,Botswana,2016,11.7267,68.3,2.99,2234776
bwa,Botswana,2017,12.037,68.8,2.969,2266747
bwa,Botswana,2018,12.3645,69,2.941,2299141
bwa,Botswana,2019,12.5594,69.2,2.906,2332083
bwa,Botswana,2020,11.2993,69,2.861,2365894
bwa,Botswana,2021,12.4585,65.8,2.827,2401441
bwa,Botswana,2022,12.9349,69.3,2.785,2439892
bwa,Botswana,2023,13.1327,70.1,2.732,2480244
bwa,Botswana,2024,12.5334,70.2,2.703,2521139
caf,Central African Republic,1960,2.4882,43.5,5.948,1702346
caf,Central African Republic,1961,2.5214,43.7,5.958,1734580
caf,Central African Republic,1962,2.3697,43.9,5.97,1768115
caf,Central African Republic,1963,2.3012,44.1,5.985,1803063
caf,Central African Republic,1964,2.2733,44.3,6.005,1839583
caf,Central African Republic,1965,2.2226,44.5,6.028,1877854
caf,Central African Republic,1966,2.1441,44.7,6.057,1918082
caf,Central African Republic,1967,2.1491,44.9,6.076,1960444
caf,Central African Republic,1968,2.1215,45.2,6.101,2005100
caf,Central African Republic,1969,2.1923,45.4,6.063,2051515
caf,Central African Republic,1970,2.1955,45.6,6.027,2097505
caf,Central African Republic,1971,2.0674,45.8,5.993,2141450
caf,Central African Republic,1972,1.9721,46.1,5.959,2183769
caf,Central African Republic,1973,2.0101,46.3,5.925,2226008
caf,Central African Republic,1974,1.8991,46.5,5.899,2269338
caf,Central African Republic,1975,1.877,46.7,5.877,2313916
caf,Central African Republic,1976,1.9001,46.9,5.936,2348566
caf,Central African Republic,1977,1.99,47.2,5.986,2372930
caf,Central African Republic,1978,1.9504,47.4,6.039,2397961
caf,Central African Republic,1979,1.8383,47.6,6.09,2423794
caf,Central African Republic,1980,1.6965,47.8,6.13,2450535
caf,Central African Republic,1981,1.8634,47.9,6.167,2478402
caf,Central African Republic,1982,1.8458,48.1,6.16,2507375
caf,Central African Republic,1983,1.723,48.2,6.151,2537399
caf,Central African Republic,1984,1.8589,48.3,6.138,2568610
caf,Central African Republic,1985,1.9031,48.6,6.119,2600932
caf,Central African Republic,1986,1.9764,48.8,6.106,2634258
caf,Central African Republic,1987,1.9294,49,6.12,2669155
caf,Central African Republic,1988,1.9707,49,6.098,2713965
caf,Central African Republic,1989,2.0384,48.9,6.073,2783970
caf,Central African Republic,1990,2.0406,48.5,6.049,2871910
caf,Central African Republic,1991,1.9804,47.8,6.03,2963191
caf,Central African Republic,1992,1.8226,47.1,5.964,3058831
caf,Central African Republic,1993,1.9062,46.2,5.926,3157839
caf,Central African Republic,1994,1.9936,45.5,5.919,3257954
caf,Central African Republic,1995,2.085,45,5.943,3348052
caf,Central African Republic,1996,2.1805,44.4,5.963,3435965
caf,Central African Republic,1997,2.2805,44.1,5.924,3531700
caf,Central African Republic,1998,2.385,44,5.889,3628827
caf,Central African Republic,1999,2.4944,44.1,5.875,3729450
caf,Central African Republic,2000,2.6087,44.4,5.851,3833416
caf,Central African Republic,2001,2.7283,44.7,5.807,3919487
caf,Central African Republic,2002,2.8534,45.2,5.785,4006077
caf,Central African Republic,2003,2.9842,45.9,5.799,4103086
caf,Central African Republic,2004,3.121,46.5,5.784,4192826
caf,Central African Republic,2005,3.2641,47.3,5.812,4288810
caf,Central African Republic,2006,3.4137,48.1,5.84,4377579
caf,Central African Republic,2007,3.5702,49.1,5.867,4462770
caf,Central African Republic,2008,3.7339,50.3,5.902,4558984
caf,Central African Republic,2009,3.6473,50.8,5.936,4529047
caf,Central African Republic,2010,3.5628,50.8,5.963,4492995
caf,Central African Republic,2011,3.4803,50.8,6.009,4565021
caf,Central African Republic,2012,3.3996,51.4,6.047,4610848
caf,Central African Republic,2013,3.3208,50.5,6.075,4642419
caf,Central African Republic,2014,3.2439,50.9,6.099,4623182
caf,Central African Republic,2015,3.1687,52.4,6.126,4629320
caf,Central African Republic,2016,3.0953,52.9,6.126,4713663
caf,Central African Republic,2017,3.0236,52.6,6.127,4793511
caf,Central African Republic,2018,2.9535,53.5,6.108,4878657
caf,Central African Republic,2019,2.8851,53.8,6.09,4944703
caf,Central African Republic,2020,2.8182,53.8,6.059,5026628
caf,Central African Republic,2021,2.7529,53.9,6.052,5112100
caf,Central African Republic,2022,2.773,54.6,6.023,5098039
caf,Central African Republic,2023,2.763,55,6.012,5152421
caf,Central African Republic,2024,2.7117,55.29,5.954,5330690
can,Canada,1960,26.7652,71,3.811,17898790
can,Canada,1961,26.8672,71.2,3.753,18263074
can,Canada,1962,28.0661,71.3,3.681,18613601
can,Canada,1963,28.805,71.4,3.607,18964262
can,Canada,1964,29.96,71.6,3.456,19321666
can,Canada,1965,31.2099,71.8,3.115,19685518
can,Canada,1966,32.4964,71.9,2.749,20053671
can,Canada,1967,32.6821,72.1,2.528,20408780
can,Canada,1968,33.6978,72.3,2.386,20734172
can,Canada,1969,34.7987,72.5,2.334,21037618
can,Canada,1970,35.0368,72.7,2.258,21440022
can,Canada,1971,36.0419,72.9,2.141,21895691
can,Canada,1972,38.1887,72.9,1.98,22230880
can,Canada,1973,40.4633,73.1,1.89,22512227
can,Canada,1974,42.7385,73.3,1.837,22824082
can,Canada,1975,45.1416,73.6,1.824,23148986
can,Canada,1976,46.421,73.9,1.796,23455781
can,Canada,1977,47.7367,74.2,1.782,23730340
can,Canada,1978,48.6235,74.5,1.768,23978738
can,Canada,1979,49.5268,74.9,1.754,24237173
can,Canada,1980,50.7523,75.1,1.74,24533776
can,Canada,1981,52.0081,75.5,1.7,24844974
can,Canada,1982,50.9757,75.7,1.69,25140164
can,Canada,1983,51.0176,76,1.68,25412608
can,Canada,1984,51.0595,76.3,1.65,25670375
can,Canada,1985,52.438,76.3,1.67,25927465
can,Canada,1986,51.8567,76.5,1.675,26211031
can,Canada,1987,52.9741,76.8,1.68,26540921
can,Canada,1988,54.2744,76.9,1.68,26927945
can,Canada,1989,55.0883,77.1,1.77,27366050
can,Canada,1990,54.8046,77.4,1.83,27789443
can,Canada,1991,53.0472,77.6,1.72,28157158
can,Canada,1992,53.6236,77.8,1.71,28500059
can,Canada,1993,51.9833,77.8,1.69,28830637
can,Canada,1994,53.0905,77.9,1.69,29147381
can,Canada,1995,52.9486,78.1,1.67,29459131
can,Canada,1996,50.9137,78.3,1.63,29767206
can,Canada,1997,51.7388,78.5,1.57,30059089
can,Canada,1998,53.6156,78.7,1.56,30329969
can,Canada,1999,54.9738,79,1.55,30599456
can,Canada,2000,56.72,79.3,1.51,30891803
can,Canada,2001,58.876,79.6,1.54,31213577
can,Canada,2002,59.3823,79.7,1.52,31535577
can,Canada,2003,59.4689,79.9,1.55,31836482
can,Canada,2004,60.7996,80.2,1.56,32132678
can,Canada,2005,62.279,80.4,1.58,32440173
can,Canada,2006,64.0493,80.7,1.63,32759171
can,Canada,2007,66.5823,80.8,1.67,33092171
can,Canada,2008,67.757,80.9,1.7,33449085
can,Canada,2009,68.0736,81.2,1.69,33826370
can,Canada,2010,68.0568,81.5,1.65,34196899
can,Canada,2011,68.4332,81.7,1.63,34555452
can,Canada,2012,69.1436,81.9,1.63,34922516
can,Canada,2013,70.4739,81.9,1.61,35293433
can,Canada,2014,70.7789,82,1.61,35634264
can,Canada,2015,71.3355,82,1.6,35962234
can,Canada,2016,70.7239,82.1,1.59,36353343
can,Canada,2017,73.2997,82.1,1.55,36808497
can,Canada,2018,73.5714,82.2,1.51,37295005
can,Canada,2019,73.5657,82.3,1.47,37782935
can,Canada,2020,77.792,81.6,1.41,38171902
can,Canada,2021,81.9657,81.5,1.44,38454057
can,Canada,2022,83.8726,81.2,1.34,38821259
can,Canada,2023,82.7169,81.9,1.27,39299105
can,Canada,2024,81.5297,82,1.25,39742430
che,Switzerland,1960,45.6987,71.7,2.44,5327780
che,Switzerland,1961,48.3292,71.8,2.52,5434123
che,Switzerland,1962,49.6163,71.6,2.58,5573696
che,Switzerland,1963,51.3117,71.6,2.65,5694165
che,Switzerland,1964,53.3655,72.1,2.66,5789149
che,Switzerland,1965,54.923,72.3,2.59,5856419
che,Switzerland,1966,56.0193,72.6,2.5,5917962
che,Switzerland,1967,57.3531,72.8,2.39,5991733
che,Switzerland,1968,59.028,72.8,2.29,6067657
che,Switzerland,1969,61.5796,72.9,2.19,6136351
che,Switzerland,1970,64.8963,73.2,2.1,6180922
che,Switzerland,1971,67.4039,73.5,2.04,6213530
che,Switzerland,1972,69.4699,73.8,1.91,6261081
che,Switzerland,1973,71.2006,74.2,1.81,6307403
che,Switzerland,1974,71.1479,74.5,1.73,6341377
che,Switzerland,1975,66.7766,74.9,1.61,6338600
che,Switzerland,1976,66.679,75.1,1.55,6302555
che,Switzerland,1977,68.4602,75.4,1.53,6281359
che,Switzerland,1978,69.602,75.5,1.51,6282038
che,Switzerland,1979,71.1899,75.7,1.52,6294715
che,Switzerland,1980,73.9228,75.8,1.55,6319846
che,Switzerland,1981,78.8253,76,1.55,6354556
che,Switzerland,1982,80.77,76.2,1.56,6391804
che,Switzerland,1983,80.3457,76.4,1.52,6419311
che,Switzerland,1984,79.9236,76.8,1.53,6442422
che,Switzerland,1985,79.5037,77,1.52,6470957
che,Switzerland,1986,79.086,77.2,1.53,6504750
che,Switzerland,1987,78.6706,77.5,1.52,6545773
che,Switzerland,1988,78.2573,77.6,1.57,6594143
che,Switzerland,1989,77.8462,77.7,1.56,6647788
che,Switzerland,1990,77.4372,77.7,1.58,6713173
che,Switzerland,1991,77.0304,77.9,1.58,6796943
che,Switzerland,1992,76.6257,78.1,1.58,6875051
che,Switzerland,1993,76.5173,78.4,1.51,6938106
che,Switzerland,1994,76.4091,78.6,1.49,6993587
che,Switzerland,1995,76.301,78.8,1.48,7040477
che,Switzerland,1996,76.1931,79.1,1.5,7071883
che,Switzerland,1997,76.0853,79.4,1.48,7089163
che,Switzerland,1998,75.9777,79.7,1.47,7110291
che,Switzerland,1999,75.8702,79.9,1.48,7144121
che,Switzerland,2000,75.7629,80.1,1.5,7184007
che,Switzerland,2001,77.0133,80.4,1.38,7226391
che,Switzerland,2002,78.2844,80.6,1.39,7278752
che,Switzerland,2003,76.9528,80.8,1.39,7333447
che,Switzerland,2004,75.6438,81.2,1.42,7384194
che,Switzerland,2005,77.4438,81.4,1.42,7431823
che,Switzerland,2006,79.2866,81.7,1.44,7478509
che,Switzerland,2007,81.3609,81.9,1.46,7545381
che,Switzerland,2008,81.9335,82.1,1.48,7641728
che,Switzerland,2009,81.5874,82.2,1.5,7737645
che,Switzerland,2010,81.8951,82.4,1.52,7825753
che,Switzerland,2011,83.0583,82.7,1.52,7914372
che,Switzerland,2012,85.1118,82.8,1.52,7998926
che,Switzerland,2013,84.7143,82.9,1.52,8091202
che,Switzerland,2014,85.7361,83.1,1.54,8190235
che,Switzerland,2015,85.342,83.2,1.54,8283934
che,Switzerland,2016,86.8844,83.4,1.54,8374901
che,Switzerland,2017,86.6057,83.6,1.52,8453628
che,Switzerland,2018,85.0621,83.7,1.52,8516344
che,Switzerland,2019,87.4547,83.9,1.48,8577524
che,Switzerland,2020,88.4123,83.1,1.46,8640582
che,Switzerland,2021,89.5076,83.6,1.52,8707023
che,Switzerland,2022,91.4699,83.7,1.39,8792182
che,Switzerland,2023,90.9448,84.4,1.33,8870561
che,Switzerland,2024,90.6402,84.5,1.29,8921981
chl,Chile,1960,9.0086,55.2,4.697,8153350
chl,Chile,1961,9.1182,57.2,4.655,8324802
chl,Chile,1962,9.2279,57.2,4.602,8497059
chl,Chile,1963,9.4914,57.2,4.536,8670144
chl,Chile,1964,9.3932,58.1,4.457,8842525
chl,Chile,1965,9.1757,58.7,4.364,9012938
chl,Chile,1966,9.8966,59.7,4.259,9181722
chl,Chile,1967,9.9207,60.3,4.144,9348939
chl,Chile,1968,9.9809,61,4.025,9514716
chl,Chile,1969,10.0627,61.6,3.902,9680282
chl,Chile,1970,9.9916,62.3,3.778,9845344
chl,Chile,1971,10.6075,62.5,3.654,10009701
chl,Chile,1972,10.2144,62.7,3.53,10174678
chl,Chile,1973,9.4042,63.5,3.409,10340362
chl,Chile,1974,9.2605,65.5,3.293,10505817
chl,Chile,1975,7.8665,66.5,3.182,10671559
chl,Chile,1976,7.9514,66.9,3.078,10838251
chl,Chile,1977,8.5303,67.7,2.981,11005519
chl,Chile,1978,9.0158,68.5,2.892,11172695
chl,Chile,1979,9.5372,69.1,2.812,11339779
chl,Chile,1980,10.0597,69.8,2.744,11508550
chl,Chile,1981,10.982,70.8,2.689,11678717
chl,Chile,1982,9.6057,71.2,2.648,11850214
chl,Chile,1983,9.3437,71.2,2.619,12026138
chl,Chile,1984,9.8968,71.5,2.601,12207733
chl,Chile,1985,10.0793,72.1,2.592,12395274
chl,Chile,1986,10.539,72.9,2.589,12588914
chl,Chile,1987,11.1663,73.3,2.59,12790150
chl,Chile,1988,11.8471,73.4,2.591,12999424
chl,Chile,1989,12.5695,73.3,2.589,13215005
chl,Chile,1990,13.3358,73.5,2.579,13437176
chl,Chile,1991,13.7675,74.2,2.558,13662491
chl,Chile,1992,14.2131,74.8,2.478,13884577
chl,Chile,1993,15.0548,75,2.43,14102276
chl,Chile,1994,15.9462,75.2,2.377,14316256
chl,Chile,1995,16.5922,75.3,2.353,14527381
chl,Chile,1996,17.2643,75.6,2.284,14734046
chl,Chile,1997,17.8784,76.1,2.202,14932434
chl,Chile,1998,18.5143,76.4,2.149,15127799
chl,Chile,1999,17.1829,76.7,2.074,15319313
chl,Chile,2000,15.9473,77,2.046,15503635
chl,Chile,2001,15.8655,77.1,2.007,15683849
chl,Chile,2002,15.7842,77.4,1.934,15857925
chl,Chile,2003,15.7033,77.6,1.885,16024752
chl,Chile,2004,16.4823,77.8,1.844,16187322
chl,Chile,2005,17.3,78.1,1.825,16348778
chl,Chile,2006,18.1582,78.4,1.798,16509195
chl,Chile,2007,18.6284,78.5,1.826,16671581
chl,Chile,2008,19.1108,78.9,1.85,16838988
chl,Chile,2009,19.6057,78.9,1.855,17009731
chl,Chile,2010,20.2967,78.8,1.844,17181464
chl,Chile,2011,21.0121,79.2,1.823,17351816
chl,Chile,2012,23.2317,79.4,1.798,17519119
chl,Chile,2013,25.6859,79.5,1.786,17687006
chl,Chile,2014,26.3093,79.7,1.774,17864195
chl,Chile,2015,26.9479,79.8,1.737,18047625
chl,Chile,2016,28.1641,80.1,1.686,18267221
chl,Chile,2017,29.4353,80.4,1.563,18558868
chl,Chile,2018,29.4693,80.7,1.543,18893191
chl,Chile,2019,29.5034,80.8,1.43,19197744
chl,Chile,2020,29.5376,79.4,1.307,19370624
chl,Chile,2021,31.1108,78.7,1.176,19456334
chl,Chile,2022,32.7678,79.6,1.255,19553036
chl,Chile,2023,32.7614,80.8,1.167,19658835
chl,Chile,2024,33.4475,81,1.14,19764771
chn,China,1960,1.0875,26.4,4.451,654802069
chn,China,1961,0.8767,38.5,3.863,655773486
chn,China,1962,0.9048,51.8,6.085,665073691
chn,China,1963,0.9862,55.7,7.513,684552645
chn,China,1964,1.0711,56.2,6.672,704798265
chn,China,1965,1.1367,56.6,6.605,723415733
chn,China,1966,1.1175,56.9,6.307,742402213
chn,China,1967,1.0709,57.1,5.806,761026026
chn,China,1968,0.9951,57.3,6.508,781011025
chn,China,1969,1.0427,57.8,6.175,802140332
chn,China,1970,1.1283,58.4,6.085,823308967
chn,China,1971,1.1546,58.9,5.523,844069867
chn,China,1972,1.1067,59.4,5.112,863677814
chn,China,1973,1.1406,59.8,4.726,882576946
chn,China,1974,1.122,60.3,4.17,900307582
chn,China,1975,1.1518,60.8,3.571,916116793
chn,China,1976,1.0731,60.7,3.235,930372292
chn,China,1977,1.0931,61.5,2.844,943546375
chn,China,1978,1.1763,62,2.716,956161485
chn,China,1979,1.2241,62.2,2.745,969288069
chn,China,1980,1.2401,62.8,2.739,983163542
chn,China,1981,1.3144,63.4,2.792,997721071
chn,China,1982,1.4448,63.9,2.972,1013588179
chn,China,1983,1.5881,64.4,2.559,1029064956
chn,China,1984,1.7456,65,2.607,1043849638
chn,China,1985,1.869,65.6,2.633,1059807820
chn,China,1986,2.0011,66.1,2.721,1077233607
chn,China,1987,2.1425,66.4,2.76,1096217446
chn,China,1988,2.1342,66.6,2.539,1115244165
chn,China,1989,2.1258,66.7,2.52,1133991008
chn,China,1990,2.1175,66.8,2.514,1153582724
chn,China,1991,2.2048,67,1.934,1170788528
chn,China,1992,2.2957,67.3,1.776,1184574237
chn,China,1993,2.3904,67.7,1.691,1197308575
chn,China,1994,2.614,68,1.628,1209003096
chn,China,1995,2.8586,68.4,1.588,1220133927
chn,China,1996,3.126,68.8,1.554,1230944812
chn,China,1997,3.2262,69.3,1.527,1241139622
chn,China,1998,3.3297,69.7,1.522,1250847127
chn,China,1999,3.4364,70,1.53,1260176655
chn,China,2000,3.7207,70.3,1.628,1269581175
chn,China,2001,4.0286,70.7,1.563,1278725063
chn,China,2002,4.3619,71.2,1.566,1286866839
chn,China,2003,4.7613,71.8,1.57,1294517326
chn,China,2004,5.1972,72.4,1.605,1302100316
chn,China,2005,5.6731,73,1.624,1310027136
chn,China,2006,6.0808,73.7,1.644,1318054036
chn,China,2007,6.5179,74.3,1.666,1325813582
chn,China,2008,6.9864,74.6,1.701,1333821016
chn,China,2009,7.5733,75.4,1.714,1342522716
chn,China,2010,8.2097,76,1.687,1351561514
chn,China,2011,8.8072,76.7,1.668,1360250664
chn,China,2012,9.6213,77.3,1.798,1369520864
chn,China,2013,10.8226,77.8,1.714,1379008040
chn,China,2014,11.6593,78.2,1.769,1387951972
chn,China,2015,12.4808,78.4,1.67,1396134174
chn,China,2016,13.3033,78.4,1.772,1404052632
chn,China,2017,14.0499,78.6,1.795,1412354727
chn,China,2018,14.9429,79.2,1.539,1419008956
chn,China,2019,15.8082,80.1,1.496,1423520357
chn,China,2020,15.1922,80.7,1.236,1426106093
chn,China,2021,17.1323,80.2,1.117,1426437267
chn,China,2022,17.6715,79.9,1.034,1425179569
chn,China,2023,18.6478,80.1,0.999,1422584933
chn,China,2024,19.6,80.1,1.013,1419321278
civ,Cote d'Ivoire,1960,6.0771,44.3,7.691,3673666
civ,Cote d'Ivoire,1961,6.4961,44.7,7.72,3810151
civ,Cote d'Ivoire,1962,6.4608,45.1,7.75,3956939
civ,Cote d'Ivoire,1963,7.1771,45.6,7.781,4112061
civ,Cote d'Ivoire,1964,8.1516,46.1,7.811,4273952
civ,Cote d'Ivoire,1965,7.6299,46.6,7.841,4442377
civ,Cote d'Ivoire,1966,7.9605,47,7.868,4617519
civ,Cote d'Ivoire,1967,7.779,47.4,7.893,4799744
civ,Cote d'Ivoire,1968,8.545,47.9,7.912,4990021
civ,Cote d'Ivoire,1969,8.5977,48.4,7.927,5192221
civ,Cote d'Ivoire,1970,9.0287,48.9,7.936,5411567
civ,Cote d'Ivoire,1971,9.2213,49.4,7.941,5650868
civ,Cote d'Ivoire,1972,9.2515,49.9,7.942,5909716
civ,Cote d'Ivoire,1973,9.4709,50.5,7.939,6184944
civ,Cote d'Ivoire,1974,9.4009,51,7.929,6474057
civ,Cote d'Ivoire,1975,9.3826,51.5,7.91,6776297
civ,Cote d'Ivoire,1976,10.0853,52.1,7.877,7057958
civ,Cote d'Ivoire,1977,10.147,52.5,7.828,7321950
civ,Cote d'Ivoire,1978,10.7195,53.1,7.669,7603130
civ,Cote d'Ivoire,1979,10.5077,53.5,7.625,7902267
civ,Cote d'Ivoire,1980,9.7664,53.9,7.586,8220714
civ,Cote d'Ivoire,1981,10.3582,54.3,7.539,8556596
civ,Cote d'Ivoire,1982,10.382,54.6,7.488,8907936
civ,Cote d'Ivoire,1983,9.8841,54.9,7.417,9272744
civ,Cote d'Ivoire,1984,9.585,55.2,7.352,9650516
civ,Cote d'Ivoire,1985,9.8438,55.4,7.273,10040483
civ,Cote d'Ivoire,1986,8.1598,55.5,7.187,10440917
civ,Cote d'Ivoire,1987,7.4578,55.4,7.09,10851475
civ,Cote d'Ivoire,1988,5.8929,55.3,6.969,11275189
civ,Cote d'Ivoire,1989,5.584,54.9,6.85,11719771
civ,Cote d'Ivoire,1990,5.2914,54.5,6.719,12189778
civ,Cote d'Ivoire,1991,5.0141,54.1,6.585,12683870
civ,Cote d'Ivoire,1992,4.7513,53.6,6.426,13200310
civ,Cote d'Ivoire,1993,4.8124,53,6.27,13735951
civ,Cote d'Ivoire,1994,4.8743,52.5,6.128,14287201
civ,Cote d'Ivoire,1995,4.937,52,6.038,14855565
civ,Cote d'Ivoire,1996,4.7109,51.8,5.954,15442312
civ,Cote d'Ivoire,1997,4.4951,51.6,5.902,16047170
civ,Cote d'Ivoire,1998,4.2892,51.6,5.854,16663948
civ,Cote d'Ivoire,1999,4.3556,51.8,5.805,17215935
civ,Cote d'Ivoire,2000,4.4231,52,5.773,17699004
civ,Cote d'Ivoire,2001,4.4916,52.8,5.704,18178913
civ,Cote d'Ivoire,2002,4.5612,53.3,5.641,18654771
civ,Cote d'Ivoire,2003,4.5298,54.2,5.572,19125542
civ,Cote d'Ivoire,2004,4.4987,54.9,5.527,19595000
civ,Cote d'Ivoire,2005,4.4678,56.1,5.499,20068458
civ,Cote d'Ivoire,2006,4.4371,57.2,5.448,20546802
civ,Cote d'Ivoire,2007,4.4066,58.1,5.403,21030558
civ,Cote d'Ivoire,2008,4.3764,58.9,5.357,21514439
civ,Cote d'Ivoire,2009,4.3665,59.4,5.332,21997940
civ,Cote d'Ivoire,2010,4.3568,59.6,5.292,22488065
civ,Cote d'Ivoire,2011,4.347,59.8,5.244,22982000
civ,Cote d'Ivoire,2012,4.3373,60.1,5.19,23467078
civ,Cote d'Ivoire,2013,4.3275,60.3,5.135,23939775
civ,Cote d'Ivoire,2014,4.3178,60.8,5.071,24527395
civ,Cote d'Ivoire,2015,4.3082,61.1,4.97,25246342
civ,Cote d'Ivoire,2016,4.8652,61.7,4.873,25989405
civ,Cote d'Ivoire,2017,5.4943,62.3,4.757,26733372
civ,Cote d'Ivoire,2018,6.2048,62.9,4.596,27464173
civ,Cote d'Ivoire,2019,6.1601,63.5,4.523,28193009
civ,Cote d'Ivoire,2020,6.1157,63.1,4.461,28915449
civ,Cote d'Ivoire,2021,6.0716,63.2,4.411,29639736
civ,Cote d'Ivoire,2022,6.2997,63.9,4.349,30395002
civ,Cote d'Ivoire,2023,6.5402,64.3,4.283,31165654
civ,Cote d'Ivoire,2024,6.7626,64.51,4.23,31934230
cmr,Cameroon,1960,2.3367,24.7,5.725,5159057
cmr,Cameroon,1961,2.3321,25.8,5.732,5239273
cmr,Cameroon,1962,2.366,45.4,5.729,5338620
cmr,Cameroon,1963,2.4125,45.9,5.731,5456623
cmr,Cameroon,1964,2.459,46.3,5.739,5578257
cmr,Cameroon,1965,2.4894,46.6,5.796,5704686
cmr,Cameroon,1966,2.564,47.1,5.854,5837295
cmr,Cameroon,1967,2.4489,47.4,5.951,5977318
cmr,Cameroon,1968,2.563,47.7,6.043,6125863
cmr,Cameroon,1969,2.6195,48.1,6.144,6283462
cmr,Cameroon,1970,2.6664,48.4,6.197,6449793
cmr,Cameroon,1971,2.6807,48.7,6.259,6624408
cmr,Cameroon,1972,2.7146,49,6.293,6806872
cmr,Cameroon,1973,2.7271,49.3,6.326,6996660
cmr,Cameroon,1974,2.7646,49.5,6.361,7193583
cmr,Cameroon,1975,2.8148,49.7,6.401,7397120
cmr,Cameroon,1976,2.6826,49.9,6.447,7597962
cmr,Cameroon,1977,2.8565,50.1,6.508,7796501
cmr,Cameroon,1978,3.1615,50.4,6.545,8011921
cmr,Cameroon,1979,3.2505,50.7,6.581,8239641
cmr,Cameroon,1980,3.5052,51,6.613,8512219
cmr,Cameroon,1981,4.2045,51.4,6.61,8816377
cmr,Cameroon,1982,4.5775,51.8,6.594,9028678
cmr,Cameroon,1983,4.8914,52.3,6.575,9215397
cmr,Cameroon,1984,5.2547,52.7,6.563,9475078
cmr,Cameroon,1985,5.6773,53.3,6.564,9761730
cmr,Cameroon,1986,6.0077,53.5,6.572,10060342
cmr,Cameroon,1987,5.7816,54.3,6.538,10370749
cmr,Cameroon,1988,5.3906,54.6,6.481,10684968
cmr,Cameroon,1989,5.1946,54.9,6.414,11002745
cmr,Cameroon,1990,4.9608,55,6.362,11331821
cmr,Cameroon,1991,4.6929,55,6.324,11667180
cmr,Cameroon,1992,4.4719,54.9,6.256,12006353
cmr,Cameroon,1993,4.0973,54.7,6.155,12353131
cmr,Cameroon,1994,4.0599,54.6,6.043,12704903
cmr,Cameroon,1995,4.1096,54.1,5.919,13058516
cmr,Cameroon,1996,4.2157,53.7,5.795,13414757
cmr,Cameroon,1997,4.5191,53.2,5.706,13775214
cmr,Cameroon,1998,4.8442,52.7,5.656,14144860
cmr,Cameroon,1999,5.1927,52.3,5.604,14525140
cmr,Cameroon,2000,5.5663,51.8,5.514,14912631
cmr,Cameroon,2001,5.9668,51.9,5.441,15309490
cmr,Cameroon,2002,5.9107,51.8,5.435,15725528
cmr,Cameroon,2003,5.855,52.1,5.432,16160340
cmr,Cameroon,2004,5.7999,52.9,5.436,16610487
cmr,Cameroon,2005,5.7453,53.5,5.421,17074594
cmr,Cameroon,2006,5.6912,53.7,5.369,17550407
cmr,Cameroon,2007,5.6377,54.4,5.343,18049896
cmr,Cameroon,2008,5.854,54.9,5.294,18574056
cmr,Cameroon,2009,6.0786,55.3,5.236,19113974
cmr,Cameroon,2010,6.3119,55.7,5.154,19668066
cmr,Cameroon,2011,6.5541,56.2,5.052,20232304
cmr,Cameroon,2012,6.8056,56.7,4.982,20809529
cmr,Cameroon,2013,7.0667,57,4.905,21402376
cmr,Cameroon,2014,7.3379,57.4,4.844,22059893
cmr,Cameroon,2015,7.2667,57.7,4.841,22763414
cmr,Cameroon,2016,7.1962,58.7,4.842,23454161
cmr,Cameroon,2017,7.1264,59.6,4.804,24128601
cmr,Cameroon,2018,7.0572,60.2,4.74,24806383
cmr,Cameroon,2019,6.9888,60.7,4.651,25506095
cmr,Cameroon,2020,6.9209,60.2,4.557,26210558
cmr,Cameroon,2021,6.8538,59,4.468,26915758
cmr,Cameroon,2022,6.9254,61.5,4.397,27632771
cmr,Cameroon,2023,6.9639,62,4.322,28372687
cmr,Cameroon,2024,7.0333,62.29,4.261,29123744
cod,"Congo, Dem. Rep.",1960,2.3523,44.9,6.105,15264846
cod,"Congo, Dem. Rep.",1961,2.0694,45,6.124,15662374
cod,"Congo, Dem. Rep.",1962,2.4025,45.3,6.141,16075724
cod,"Congo, Dem. Rep.",1963,2.4454,45.6,6.158,16507599
cod,"Congo, Dem. Rep.",1964,2.3692,45.4,6.188,16955327
cod,"Congo, Dem. Rep.",1965,2.3266,45.6,6.21,17427802
cod,"Congo, Dem. Rep.",1966,2.4289,46.2,6.242,17931929
cod,"Congo, Dem. Rep.",1967,2.3439,46.4,6.267,18462782
cod,"Congo, Dem. Rep.",1968,2.4015,46.7,6.286,19012189
cod,"Congo, Dem. Rep.",1969,2.5494,47.1,6.304,19570445
cod,"Congo, Dem. Rep.",1970,2.4856,47.4,6.329,20137436
cod,"Congo, Dem. Rep.",1971,2.5825,47.7,6.344,20695569
cod,"Congo, Dem. Rep.",1972,2.5307,48,6.369,21251160
cod,"Congo, Dem. Rep.",1973,2.6836,48.4,6.385,21827665
cod,"Congo, Dem. Rep.",1974,2.71,48.9,6.404,22418878
cod,"Congo, Dem. Rep.",1975,2.5181,49.2,6.419,23021101
cod,"Congo, Dem. Rep.",1976,2.3242,49.5,6.437,23624031
cod,"Congo, Dem. Rep.",1977,2.2855,49.7,6.45,24229061
cod,"Congo, Dem. Rep.",1978,2.1074,49.9,6.463,24992689
cod,"Congo, Dem. Rep.",1979,2.0607,50.2,6.479,25886782
cod,"Congo, Dem. Rep.",1980,2.0585,50.5,6.495,26711099
cod,"Congo, Dem. Rep.",1981,2.1503,50.6,6.519,27500515
cod,"Congo, Dem. Rep.",1982,2.1662,50.8,6.54,28338190
cod,"Congo, Dem. Rep.",1983,2.1987,50.9,6.564,29250963
cod,"Congo, Dem. Rep.",1984,2.3082,51.1,6.586,30245081
cod,"Congo, Dem. Rep.",1985,2.3111,51.3,6.612,31264816
cod,"Congo, Dem. Rep.",1986,2.3953,51.4,6.634,32265196
cod,"Congo, Dem. Rep.",1987,2.442,51.5,6.651,33298904
cod,"Congo, Dem. Rep.",1988,2.4553,51.8,6.656,34382752
cod,"Congo, Dem. Rep.",1989,2.4396,52.1,6.65,35486866
cod,"Congo, Dem. Rep.",1990,2.3163,52.2,6.649,36684063
cod,"Congo, Dem. Rep.",1991,2.086,52.1,6.645,37925817
cod,"Congo, Dem. Rep.",1992,1.8357,52.2,6.639,39228910
cod,"Congo, Dem. Rep.",1993,1.5572,52,6.641,40656336
cod,"Congo, Dem. Rep.",1994,1.4449,52,6.643,42626876
cod,"Congo, Dem. Rep.",1995,1.4223,52.1,6.676,44433704
cod,"Congo, Dem. Rep.",1996,1.3959,50.7,6.672,45296124
cod,"Congo, Dem. Rep.",1997,1.3081,51.8,6.69,46029902
cod,"Congo, Dem. Rep.",1998,1.2636,52.1,6.7,47297600
cod,"Congo, Dem. Rep.",1999,1.1843,52.2,6.692,48912971
cod,"Congo, Dem. Rep.",2000,1.0776,52.5,6.702,50507442
cod,"Congo, Dem. Rep.",2001,1.0328,52.8,6.663,52132646
cod,"Congo, Dem. Rep.",2002,1.0408,52.8,6.606,53750524
cod,"Congo, Dem. Rep.",2003,1.0765,53.3,6.549,55343867
cod,"Congo, Dem. Rep.",2004,1.1245,54,6.53,56997741
cod,"Congo, Dem. Rep.",2005,1.2274,54.6,6.526,58775724
cod,"Congo, Dem. Rep.",2006,1.3398,55.2,6.547,60615908
cod,"Congo, Dem. Rep.",2007,1.4624,55.7,6.559,62477752
cod,"Congo, Dem. Rep.",2008,1.5963,56.1,6.58,64390664
cod,"Congo, Dem. Rep.",2009,1.7424,56.4,6.591,66412044
cod,"Congo, Dem. Rep.",2010,1.9019,57.1,6.587,68563038
cod,"Congo, Dem. Rep.",2011,2.076,57.5,6.582,70849311
cod,"Congo, Dem. Rep.",2012,2.266,58,6.559,73254618
cod,"Congo, Dem. Rep.",2013,2.2239,58.5,6.527,75789395
cod,"Congo, Dem. Rep.",2014,2.1827,58.9,6.483,78403242
cod,"Congo, Dem. Rep.",2015,2.1422,59.4,6.437,81035531
cod,"Congo, Dem. Rep.",2016,2.1024,59.8,6.392,83956415
cod,"Congo, Dem. Rep.",2017,2.0634,60.2,6.349,87083398
cod,"Congo, Dem. Rep.",2018,2.0252,60.5,6.302,90047644
cod,"Congo, Dem. Rep.",2019,1.9876,60.6,6.253,92947442
cod,"Congo, Dem. Rep.",2020,1.9507,59.6,6.206,95989998
cod,"Congo, Dem. Rep.",2021,2.0056,59.7,6.156,99148932
cod,"Congo, Dem. Rep.",2022,2.1153,60.7,6.106,102396968
cod,"Congo, Dem. Rep.",2023,2.2238,61.3,6.051,105789731
cod,"Congo, Dem. Rep.",2024,2.2965,61.5,5.981,109276265
cog,"Congo, Rep.",1960,1.4292,40.4,6.085,1056732
cog,"Congo, Rep.",1961,1.5001,40.8,6.093,1084389
cog,"Congo, Rep.",1962,1.4907,41.2,6.099,1113175
cog,"Congo, Rep.",1963,1.464,41.7,6.147,1143263
cog,"Congo, Rep.",1964,1.4747,42.1,6.183,1174816
cog,"Congo, Rep.",1965,1.4919,42.4,6.229,1207880
cog,"Congo, Rep.",1966,1.5345,42.8,6.267,1242534
cog,"Congo, Rep.",1967,1.6136,43.1,6.29,1278691
cog,"Congo, Rep.",1968,1.6822,43.7,6.327,1316519
cog,"Congo, Rep.",1969,1.7644,44.2,6.35,1356182
cog,"Congo, Rep.",1970,1.8628,44.7,6.376,1397638
cog,"Congo, Rep.",1971,1.9801,45.3,6.416,1441039
cog,"Congo, Rep.",1972,2.0091,45.9,6.444,1486468
cog,"Congo, Rep.",1973,2.2965,46.5,6.42,1533680
cog,"Congo, Rep.",1974,2.218,47.2,6.39,1582301
cog,"Congo, Rep.",1975,2.1399,47.8,6.356,1627032
cog,"Congo, Rep.",1976,2.181,48.4,6.317,1667225
cog,"Congo, Rep.",1977,1.9666,48.9,6.271,1707568
cog,"Congo, Rep.",1978,2.0295,49.4,6.21,1748089
cog,"Congo, Rep.",1979,2.1976,50,6.143,1788524
cog,"Congo, Rep.",1980,2.4099,50.7,6.065,1828985
cog,"Congo, Rep.",1981,2.717,51.5,5.984,1869759
cog,"Congo, Rep.",1982,3.0204,52.3,5.85,1910430
cog,"Congo, Rep.",1983,3.1071,53,5.758,1950321
cog,"Congo, Rep.",1984,3.2085,53.7,5.658,1999528
cog,"Congo, Rep.",1985,3.208,54.4,5.587,2059311
cog,"Congo, Rep.",1986,3.124,54.8,5.514,2120602
cog,"Congo, Rep.",1987,3.1359,55.2,5.458,2183473
cog,"Congo, Rep.",1988,3.5954,55.3,5.392,2247653
cog,"Congo, Rep.",1989,4.0565,55.3,5.327,2313558
cog,"Congo, Rep.",1990,4.1118,55.2,5.266,2380560
cog,"Congo, Rep.",1991,4.1495,55,5.221,2449229
cog,"Congo, Rep.",1992,4.1941,54.9,5.177,2519465
cog,"Congo, Rep.",1993,4.0826,54.2,5.134,2595124
cog,"Congo, Rep.",1994,3.7908,53.9,5.103,2673144
cog,"Congo, Rep.",1995,3.8768,54,5.068,2749461
cog,"Congo, Rep.",1996,3.9913,54,5.033,2826785
cog,"Congo, Rep.",1997,3.9075,48.1,4.997,2887862
cog,"Congo, Rep.",1998,4.0014,52.4,4.909,2952061
cog,"Congo, Rep.",1999,3.8279,54.4,4.805,3032874
cog,"Congo, Rep.",2000,3.9951,55.2,4.724,3151345
cog,"Congo, Rep.",2001,4.0233,56.5,4.67,3272537
cog,"Congo, Rep.",2002,4.1382,57,4.697,3350771
cog,"Congo, Rep.",2003,4.0809,57.5,4.696,3445753
cog,"Congo, Rep.",2004,4.1021,58.4,4.69,3565554
cog,"Congo, Rep.",2005,4.2822,59.2,4.669,3696393
cog,"Congo, Rep.",2006,4.5043,60,4.651,3837409
cog,"Congo, Rep.",2007,4.7379,60.4,4.649,3980430
cog,"Congo, Rep.",2008,4.9837,61.1,4.726,4113517
cog,"Congo, Rep.",2009,5.2422,61.7,4.808,4281219
cog,"Congo, Rep.",2010,5.5141,62,4.851,4462290
cog,"Congo, Rep.",2011,5.8001,62.6,4.826,4609724
cog,"Congo, Rep.",2012,6.2011,62.7,4.785,4740450
cog,"Congo, Rep.",2013,6.0091,63,4.731,4857099
cog,"Congo, Rep.",2014,6.2555,63.2,4.665,4975880
cog,"Congo, Rep.",2015,6.1315,63.4,4.607,5097581
cog,"Congo, Rep.",2016,5.465,63.5,4.546,5222536
cog,"Congo, Rep.",2017,5.0354,63.7,4.496,5351011
cog,"Congo, Rep.",2018,4.8008,63.8,4.442,5483118
cog,"Congo, Rep.",2019,4.7394,63.7,4.38,5616661
cog,"Congo, Rep.",2020,4.3372,62.7,4.329,5752791
cog,"Congo, Rep.",2021,4.2776,61.9,4.28,5892183
cog,"Congo, Rep.",2022,4.2379,63.5,4.215,6035104
cog,"Congo, Rep.",2023,4.2155,63.7,4.157,6182885
cog,"Congo, Rep.",2024,4.2218,63.89,4.109,6332961
col,Colombia,1960,5.0239,58.4,6.735,15606209
col,Colombia,1961,5.089,59.1,6.712,16095203
col,Colombia,1962,5.155,59.7,6.663,16599029
col,Colombia,1963,5.1233,60.3,6.584,17113823
col,Colombia,1964,5.2714,60.7,6.475,17637411
col,Colombia,1965,5.2182,61,6.333,18169050
col,Colombia,1966,5.3058,61.2,6.159,18702688
col,Colombia,1967,5.3318,61.5,5.957,19235618
col,Colombia,1968,5.4756,62.7,5.737,19766796
col,Colombia,1969,5.6383,64.3,5.506,20291942
col,Colombia,1970,5.8294,65.5,5.276,20811782
col,Colombia,1971,5.9837,65.5,5.057,21319096
col,Colombia,1972,6.2496,64.7,4.857,21819563
col,Colombia,1973,6.4777,64.2,4.68,22325374
col,Colombia,1974,6.6562,64.5,4.527,22833469
col,Colombia,1975,6.6189,65.3,4.398,23344644
col,Colombia,1976,6.7389,66.1,4.285,23858810
col,Colombia,1977,6.8293,67.1,4.163,24393494
col,Colombia,1978,7.2122,68,3.998,24950337
col,Colombia,1979,7.3929,68.6,3.888,25515626
col,Colombia,1980,7.4807,69.3,3.798,26104498
col,Colombia,1981,7.8356,69.7,3.706,26713267
col,Colombia,1982,7.9803,70.2,3.618,27338331
col,Colombia,1983,8.0856,70.4,3.501,27988173
col,Colombia,1984,8.3374,70.4,3.35,28642690
col,Colombia,1985,8.7143,68.3,3.225,29268470
col,Colombia,1986,9.1351,70.5,3.147,29879112
col,Colombia,1987,9.5613,70.8,3.087,30499467
col,Colombia,1988,9.9628,71.1,3.039,31130524
col,Colombia,1989,10.3509,71.6,3.012,31776279
col,Colombia,1990,10.8476,71.9,2.995,32440069
col,Colombia,1991,10.8489,72,2.982,33098372
col,Colombia,1992,11.069,72.2,2.983,33760571
col,Colombia,1993,10.804,72.6,2.978,34441473
col,Colombia,1994,10.5453,72.9,2.937,35127410
col,Colombia,1995,10.2928,73.2,2.85,35804662
col,Colombia,1996,10.0464,73.4,2.768,36462745
col,Colombia,1997,9.8995,74,2.743,37121149
col,Colombia,1998,9.7548,74.2,2.717,37792165
col,Colombia,1999,9.6121,74,2.637,38454863
col,Colombia,2000,10.726,73.8,2.574,39089934
col,Colombia,2001,8.9293,74,2.522,39709262
col,Colombia,2002,11.2531,74.2,2.489,40324680
col,Colombia,2003,10.6744,75.1,2.45,40937429
col,Colombia,2004,11.319,75.7,2.384,41543171
col,Colombia,2005,11.9337,76.3,2.309,42128977
col,Colombia,2006,12.4351,76.6,2.241,42691084
col,Colombia,2007,12.9575,77,2.195,43235374
col,Colombia,2008,13.5019,77.3,2.155,43758808
col,Colombia,2009,13.6178,77.7,2.096,44271541
col,Colombia,2010,14.7082,78,2.01,44777319
col,Colombia,2011,15.261,78.6,1.938,45259614
col,Colombia,2012,15.4743,78.9,1.899,45715810
col,Colombia,2013,16.2478,79.2,1.86,46151584
col,Colombia,2014,17.0129,79.3,1.822,46565429
col,Colombia,2015,16.6581,79.3,1.771,46969940
col,Colombia,2016,16.4145,79.4,1.719,47437512
col,Colombia,2017,16.2917,79.6,1.717,48131078
col,Colombia,2018,16.568,79.6,1.715,49024465
col,Colombia,2019,16.6074,80,1.71,49907985
col,Colombia,2020,14.5637,77.5,1.694,50629997
col,Colombia,2021,17.0199,75.3,1.68,51188173
col,Colombia,2022,18.4954,78.7,1.663,51737944
col,Colombia,2023,19.1822,80.1,1.645,52321152
col,Colombia,2024,19.3081,80.31,1.634,52886363
com,Comoros,1960,3.2442,51.4,6.792,197700
com,Comoros,1961,3.2589,51.4,6.849,201201
com,Comoros,1962,3.5135,51.6,6.897,204702
com,Comoros,1963,4.0651,51.8,6.916,208185
com,Comoros,1964,4.3089,52,6.938,211644
com,Comoros,1965,4.2108,52.1,6.967,214967
com,Comoros,1966,4.542,52.4,7.001,218663
com,Comoros,1967,4.7226,52.6,7.02,223859
com,Comoros,1968,4.6087,52.9,7.051,230244
com,Comoros,1969,4.4913,53.2,7.073,237001
com,Comoros,1970,4.6109,53.6,7.099,244185
com,Comoros,1971,4.6874,54,7.116,251865
com,Comoros,1972,4.6684,54.4,7.142,260077
com,Comoros,1973,4.8808,54.8,7.165,268820
com,Comoros,1974,4.8881,55.3,7.163,278075
com,Comoros,1975,5.0572,55.9,7.162,287692
com,Comoros,1976,4.9098,56.4,7.159,297538
com,Comoros,1977,4.8143,57,7.15,307579
com,Comoros,1978,4.7899,57.6,7.155,317688
com,Comoros,1979,5.07,58.3,7.162,327791
com,Comoros,1980,5.2691,59,7.154,337721
com,Comoros,1981,5.685,59.7,7.143,347382
com,Comoros,1982,6.0525,60.6,7.134,357139
com,Comoros,1983,6.2911,61.2,7.11,367233
com,Comoros,1984,6.6156,62.3,7.072,377637
com,Comoros,1985,6.7606,63.1,7.021,388352
com,Comoros,1986,6.8342,63.9,6.953,399318
com,Comoros,1987,6.9262,64.6,6.87,410439
com,Comoros,1988,7.2314,65.3,6.764,421687
com,Comoros,1989,7.1909,65.8,6.646,433103
com,Comoros,1990,7.6275,66.5,6.505,444596
com,Comoros,1991,7.2633,66.9,6.354,455556
com,Comoros,1992,7.792,67.3,6.186,465113
com,Comoros,1993,7.9432,67.8,6.022,473682
com,Comoros,1994,7.4473,68.2,5.864,482142
com,Comoros,1995,7.6366,68.7,5.73,490586
com,Comoros,1996,7.4605,67.7,5.627,499107
com,Comoros,1997,7.6798,69.3,5.513,507777
com,Comoros,1998,7.6915,69.2,5.392,516597
com,Comoros,1999,7.7461,70.5,5.28,525886
com,Comoros,2000,8.3776,70.1,5.227,536080
com,Comoros,2001,8.4561,71.2,5.195,547220
com,Comoros,2002,8.5281,71.1,5.155,558923
com,Comoros,2003,8.5943,72,5.115,569798
com,Comoros,2004,8.6458,72.8,5.065,580704
com,Comoros,2005,8.3887,72.7,5.012,592677
com,Comoros,2006,8.1393,73.3,4.934,604753
com,Comoros,2007,7.8974,72.7,4.859,616927
com,Comoros,2008,7.6626,73.6,4.805,629307
com,Comoros,2009,7.4348,73.2,4.778,641947
com,Comoros,2010,7.2137,74.8,4.755,654836
com,Comoros,2011,6.9993,74.2,4.722,668056
com,Comoros,2012,6.7912,75,4.652,681630
com,Comoros,2013,6.5893,75.1,4.572,696192
com,Comoros,2014,6.3934,74.8,4.489,711503
com,Comoros,2015,6.3845,75.1,4.42,726682
com,Comoros,2016,6.4288,75.4,4.348,741741
com,Comoros,2017,6.6546,75.5,4.278,756669
com,Comoros,2018,6.7909,76,4.208,771590
com,Comoros,2019,6.9032,75.7,4.138,786578
com,Comoros,2020,7.0402,74.3,4.071,802163
com,Comoros,2021,7.0906,71.6,3.999,818174
com,Comoros,2022,7.1505,75.4,3.935,834188
com,Comoros,2023,7.2292,76.3,3.878,850387
com,Comoros,2024,7.3341,76.53,3.822,866628
cpv,Cape Verde,1960,1.7666,58.2,6.885,210024
cpv,Cape Verde,1961,1.8152,58.4,6.922,215087
cpv,Cape Verde,1962,1.748,58.5,6.953,221919
cpv,Cape Verde,1963,1.676,58.7,6.976,229373
cpv,Cape Verde,1964,1.7008,58.8,6.989,237006
cpv,Cape Verde,1965,1.6958,59,6.993,244856
cpv,Cape Verde,1966,1.7919,59.4,6.99,252976
cpv,Cape Verde,1967,1.8603,59.7,6.982,261404
cpv,Cape Verde,1968,1.8992,60.1,6.97,270164
cpv,Cape Verde,1969,1.9299,60.5,6.954,279248
cpv,Cape Verde,1970,1.9883,60.9,6.935,287885
cpv,Cape Verde,1971,2.0447,61.2,6.913,294046
cpv,Cape Verde,1972,2.0599,61.7,6.887,297386
cpv,Cape Verde,1973,2.0665,62.3,6.855,299881
cpv,Cape Verde,1974,2.0914,62.8,6.818,302570
cpv,Cape Verde,1975,1.7155,63.3,6.771,305847
cpv,Cape Verde,1976,1.7223,63.7,6.714,309455
cpv,Cape Verde,1977,1.606,64.3,6.645,312834
cpv,Cape Verde,1978,1.7251,64.8,6.564,316147
cpv,Cape Verde,1979,1.7415,65.2,6.473,319480
cpv,Cape Verde,1980,1.7902,65.6,6.375,323301
cpv,Cape Verde,1981,1.9977,66,6.273,327846
cpv,Cape Verde,1982,2.078,66.4,6.17,332724
cpv,Cape Verde,1983,2.2711,66.8,6.068,337654
cpv,Cape Verde,1984,2.349,67,5.97,342505
cpv,Cape Verde,1985,2.5378,67.7,5.921,347365
cpv,Cape Verde,1986,2.5788,68.1,5.81,352312
cpv,Cape Verde,1987,2.6672,68.5,5.681,357302
cpv,Cape Verde,1988,2.8231,68.9,5.552,362329
cpv,Cape Verde,1989,2.99,69.2,5.452,367803
cpv,Cape Verde,1990,3.0125,69.6,5.36,375428
cpv,Cape Verde,1991,2.9848,69.6,5.262,384586
cpv,Cape Verde,1992,3.1704,69.9,5.123,393415
cpv,Cape Verde,1993,3.3578,70.1,4.953,401965
cpv,Cape Verde,1994,3.8194,70.1,4.723,410228
cpv,Cape Verde,1995,4.2224,68.1,4.494,418104
cpv,Cape Verde,1996,4.5798,71.1,4.257,425581
cpv,Cape Verde,1997,4.9755,71.3,4.052,432798
cpv,Cape Verde,1998,5.477,71.6,3.898,439784
cpv,Cape Verde,1999,6.0093,71.8,3.727,446519
cpv,Cape Verde,2000,6.7061,72.2,3.545,453317
cpv,Cape Verde,2001,6.7909,72.5,3.366,460293
cpv,Cape Verde,2002,6.9167,72.7,3.192,467046
cpv,Cape Verde,2003,7.0448,72.9,3.033,473383
cpv,Cape Verde,2004,7.1752,73.2,2.9,479370
cpv,Cape Verde,2005,7.3082,73.5,2.726,485115
cpv,Cape Verde,2006,7.4435,73.9,2.555,490728
cpv,Cape Verde,2007,7.5814,73.8,2.409,496190
cpv,Cape Verde,2008,7.7158,74.5,2.298,501355
cpv,Cape Verde,2009,7.8526,74.7,2.246,506141
cpv,Cape Verde,2010,7.9918,75,2.329,509784
cpv,Cape Verde,2011,8.1334,74.9,2.329,511447
cpv,Cape Verde,2012,8.2776,75,2.153,511955
cpv,Cape Verde,2013,8.4243,75.1,2.067,512225
cpv,Cape Verde,2014,8.5737,75.2,2.031,512326
cpv,Cape Verde,2015,8.7257,75,1.968,512394
cpv,Cape Verde,2016,9.0964,75.2,1.966,512554
cpv,Cape Verde,2017,9.5041,75.3,1.93,512893
cpv,Cape Verde,2018,9.8464,75.1,1.804,513415
cpv,Cape Verde,2019,10.5164,75.3,1.698,514104
cpv,Cape Verde,2020,8.3191,73.3,1.591,514679
cpv,Cape Verde,2021,8.8703,72.3,1.554,516649
cpv,Cape Verde,2022,10.2145,74.8,1.533,519741
cpv,Cape Verde,2023,10.7118,75.7,1.522,522331
cpv,Cape Verde,2024,11.435,75.8,1.511,524877
cri,Costa Rica,1960,3.9961,64.9,6.712,1327496
cri,Costa Rica,1961,3.9337,65.3,6.651,1377920
cri,Costa Rica,1962,4.0168,65.5,6.543,1429445
cri,Costa Rica,1963,4.1629,65.7,6.389,1481604
cri,Costa Rica,1964,4.1997,65.9,6.193,1533960
cri,Costa Rica,1965,4.4403,66.2,5.96,1586208
cri,Costa Rica,1966,4.5769,66.6,5.697,1638116
cri,Costa Rica,1967,4.6735,67,5.416,1689523
cri,Costa Rica,1968,4.8685,67.3,5.028,1739731
cri,Costa Rica,1969,4.997,67.8,4.835,1789276
cri,Costa Rica,1970,5.1718,68.4,4.585,1838949
cri,Costa Rica,1971,5.3412,69,4.362,1888539
cri,Costa Rica,1972,5.6192,69.7,4.158,1938248
cri,Costa Rica,1973,5.8701,70.5,3.991,1988343
cri,Costa Rica,1974,6.0035,71.2,3.893,2039643
cri,Costa Rica,1975,5.9391,72,3.804,2092719
cri,Costa Rica,1976,6.0689,72.7,3.747,2147774
cri,Costa Rica,1977,6.4014,73.3,3.701,2205025
cri,Costa Rica,1978,6.5535,73.9,3.662,2264510
cri,Costa Rica,1979,6.6558,74.4,3.651,2326490
cri,Costa Rica,1980,6.5257,74.9,3.583,2390633
cri,Costa Rica,1981,6.5095,75.2,3.556,2456637
cri,Costa Rica,1982,6.5555,75.5,3.54,2524806
cri,Costa Rica,1983,6.6017,75.7,3.525,2595153
cri,Costa Rica,1984,6.6483,75.7,3.519,2667595
cri,Costa Rica,1985,6.6952,75.8,3.511,2741894
cri,Costa Rica,1986,6.7424,76,3.454,2817216
cri,Costa Rica,1987,7.9038,76.2,3.384,2892699
cri,Costa Rica,1988,9.2652,76.4,3.314,2968103
cri,Costa Rica,1989,10.8612,76.6,3.238,3043827
cri,Costa Rica,1990,11.2049,76.7,3.167,3121706
cri,Costa Rica,1991,10.2778,76.7,3.075,3202176
cri,Costa Rica,1992,10.9189,76.8,3.001,3284258
cri,Costa Rica,1993,12.6505,76.8,2.928,3367434
cri,Costa Rica,1994,14.2875,76.7,2.857,3451122
cri,Costa Rica,1995,13.6316,76.7,2.779,3535176
cri,Costa Rica,1996,12.9168,76.8,2.681,3619013
cri,Costa Rica,1997,13.6262,77.2,2.589,3701711
cri,Costa Rica,1998,15.3121,77.3,2.527,3782838
cri,Costa Rica,1999,14.9171,77.4,2.481,3862101
cri,Costa Rica,2000,14.7929,77.6,2.413,3937739
cri,Costa Rica,2001,20.1596,77.9,2.312,4008947
cri,Costa Rica,2002,20.4881,78.3,2.162,4075705
cri,Costa Rica,2003,20.0811,78.5,2.084,4138784
cri,Costa Rica,2004,18.7713,78.7,2.028,4200078
cri,Costa Rica,2005,19.5114,79.1,2.038,4261240
cri,Costa Rica,2006,20.3082,79.3,1.937,4321340
cri,Costa Rica,2007,22.6102,79.7,1.954,4380248
cri,Costa Rica,2008,22.7701,79.8,1.98,4440056
cri,Costa Rica,2009,24.8897,79.9,1.953,4499791
cri,Costa Rica,2010,25.4042,79.8,1.827,4555962
cri,Costa Rica,2011,26.205,79.9,1.877,4609833
cri,Costa Rica,2012,27.0671,80,1.851,4663934
cri,Costa Rica,2013,27.898,80,1.779,4716147
cri,Costa Rica,2014,27.2619,80,1.8,4767119
cri,Costa Rica,2015,27.28,80,1.797,4818038
cri,Costa Rica,2016,28.3233,79.9,1.746,4866998
cri,Costa Rica,2017,28.7743,80,1.714,4913177
cri,Costa Rica,2018,28.1035,80.1,1.706,4957818
cri,Costa Rica,2019,27.9787,80.4,1.6,4999553
cri,Costa Rica,2020,24.2711,79.4,1.448,5034320
cri,Costa Rica,2021,27.5983,77.9,1.353,5059988
cri,Costa Rica,2022,26.8095,79,1.335,5081765
cri,Costa Rica,2023,28.5781,79.4,1.33,5105525
cri,Costa Rica,2024,30.7343,79.6,1.318,5129910
cub,Cuba,1960,4.6298,70.7,4.129,7238081
cub,Cuba,1961,4.7725,70.2,4.265,7387117
cub,Cuba,1962,4.6539,70.4,4.421,7541098
cub,Cuba,1963,4.6564,69.8,4.559,7701660
cub,Cuba,1964,5.0009,70.5,4.528,7866020
cub,Cuba,1965,4.9192,70.7,4.504,8030797
cub,Cuba,1966,5.104,70.9,4.398,8193450
cub,Cuba,1967,5.6245,71.1,4.294,8352625
cub,Cuba,1968,5.2364,71.1,4.194,8509522
cub,Cuba,1969,5.1175,71.3,4.124,8666640
cub,Cuba,1970,4.8838,71.6,3.981,8824382
cub,Cuba,1971,5.2183,72.1,3.799,8979085
cub,Cuba,1972,5.4022,72.7,3.612,9123891
cub,Cuba,1973,5.8236,73.2,3.402,9255328
cub,Cuba,1974,6.0651,73.4,3.164,9374183
cub,Cuba,1975,6.3109,73.5,2.824,9479726
cub,Cuba,1976,6.4386,73.5,2.506,9571242
cub,Cuba,1977,6.6943,73.5,2.209,9648440
cub,Cuba,1978,7.0801,73.6,1.884,9711980
cub,Cuba,1979,7.2417,73.8,1.771,9763355
cub,Cuba,1980,7.1508,74,1.637,9804796
cub,Cuba,1981,7.7435,74.2,1.591,9849320
cub,Cuba,1982,7.9078,74.5,1.776,9912681
cub,Cuba,1983,8.3414,74.7,1.801,9991026
cub,Cuba,1984,9.0082,74.7,1.774,10073299
cub,Cuba,1985,9.1857,74.8,1.772,10157228
cub,Cuba,1986,9.1592,75,1.779,10244247
cub,Cuba,1987,8.8725,75.1,1.8,10335342
cub,Cuba,1988,9.1208,75.2,1.853,10432585
cub,Cuba,1989,9.1697,75.3,1.832,10533243
cub,Cuba,1990,8.7105,75.3,1.806,10631799
cub,Cuba,1991,7.4034,75.4,1.663,10717640
cub,Cuba,1992,6.359,75.3,1.562,10785801
cub,Cuba,1993,4.999,75.3,1.489,10841031
cub,Cuba,1994,5.078,75.4,1.467,10886021
cub,Cuba,1995,5.4472,75.6,1.481,10925362
cub,Cuba,1996,6.2247,75.8,1.457,10962010
cub,Cuba,1997,6.6009,76.2,1.59,10997934
cub,Cuba,1998,6.6209,76.5,1.617,11034712
cub,Cuba,1999,7.0659,76.8,1.64,11072230
cub,Cuba,2000,7.8631,77.2,1.608,11109109
cub,Cuba,2001,8.348,77.5,1.595,11144132
cub,Cuba,2002,8.6717,78,1.645,11177418
cub,Cuba,2003,8.9989,78.1,1.627,11209383
cub,Cuba,2004,9.161,78.1,1.546,11238756
cub,Cuba,2005,9.5248,78.1,1.486,11262554
cub,Cuba,2006,11.0084,78.4,1.402,11278550
cub,Cuba,2007,11.5239,78.6,1.436,11287272
cub,Cuba,2008,12.3515,78.5,1.576,11291762
cub,Cuba,2009,12.928,78.5,1.678,11294719
cub,Cuba,2010,13.6919,78.5,1.673,11297409
cub,Cuba,2011,14.4204,78.8,1.734,11301571
cub,Cuba,2012,14.8576,78.9,1.668,11303175
cub,Cuba,2013,15.3592,78.7,1.678,11298167
cub,Cuba,2014,15.8775,78.5,1.655,11285775
cub,Cuba,2015,16.4207,78.4,1.685,11275065
cub,Cuba,2016,16.5019,78.4,1.6,11265612
cub,Cuba,2017,16.8079,78.2,1.585,11247829
cub,Cuba,2018,17.1992,78.2,1.607,11227118
cub,Cuba,2019,17.2084,78.3,1.54,11202846
cub,Cuba,2020,15.3605,77.8,1.489,11176354
cub,Cuba,2021,15.6289,73.6,1.427,11122168
cub,Cuba,2022,15.996,77.5,1.412,11059820
cub,Cuba,2023,15.7441,78.1,1.439,11019931
cub,Cuba,2024,15.5709,78.3,1.445,10979783
cyp,Cyprus,1960,5.471,64.3,3.393,586490
cyp,Cyprus,1961,5.9618,64.7,3.619,595514
cyp,Cyprus,1962,6.5138,65.2,3.51,601466
cyp,Cyprus,1963,6.7938,65.6,3.494,607252
cyp,Cyprus,1964,6.0708,66,3.409,612521
cyp,Cyprus,1965,7.3224,66.5,3.47,617736
cyp,Cyprus,1966,7.7079,66.9,3.395,623390
cyp,Cyprus,1967,8.6361,67.3,3.324,629251
cyp,Cyprus,1968,8.9533,67.8,3.267,635157
cyp,Cyprus,1969,9.6842,68.3,3.188,641189
cyp,Cyprus,1970,9.855,68.9,3.065,647446
cyp,Cyprus,1971,10.9787,69.2,3.036,654050
cyp,Cyprus,1972,11.5615,69.5,2.988,661063
cyp,Cyprus,1973,11.6713,69.6,2.403,665937
cyp,Cyprus,1974,10.5779,50.3,2.28,663254
cyp,Cyprus,1975,8.9257,69.7,2.107,659405
cyp,Cyprus,1976,10.6652,70.2,2.327,662032
cyp,Cyprus,1977,12.337,70.9,2.089,667101
cyp,Cyprus,1978,13.2046,71.2,2.079,672249
cyp,Cyprus,1979,14.3864,71.5,2.136,677549
cyp,Cyprus,1980,15.06,71.7,2.298,683076
cyp,Cyprus,1981,16.1455,71.9,2.154,688893
cyp,Cyprus,1982,17.593,72.2,2.487,696497
cyp,Cyprus,1983,18.7459,72.6,2.493,707225
cyp,Cyprus,1984,20.612,73,2.512,719334
cyp,Cyprus,1985,21.8042,73.6,2.432,731277
cyp,Cyprus,1986,22.7403,73.9,2.452,743105
cyp,Cyprus,1987,24.5214,74.3,2.388,754785
cyp,Cyprus,1988,27.0124,74.5,2.47,766235
cyp,Cyprus,1989,29.6945,74.9,2.369,777420
cyp,Cyprus,1990,32.2346,75,2.402,788351
cyp,Cyprus,1991,31.853,75.2,2.34,798944
cyp,Cyprus,1992,34.1448,75.5,2.459,810341
cyp,Cyprus,1993,33.7679,75.6,2.247,826034
cyp,Cyprus,1994,35.2324,75.9,2.163,844667
cyp,Cyprus,1995,37.8167,76,2.032,862695
cyp,Cyprus,1996,37.882,76.1,1.953,880290
cyp,Cyprus,1997,38.5148,76.2,1.86,897568
cyp,Cyprus,1998,40.497,76.3,1.761,914548
cyp,Cyprus,1999,42.2227,76.8,1.672,931234
cyp,Cyprus,2000,44.438,77.1,1.638,947667
cyp,Cyprus,2001,45.8593,77.4,1.566,964127
cyp,Cyprus,2002,47.1826,77.7,1.497,981440
cyp,Cyprus,2003,47.996,77.9,1.505,999590
cyp,Cyprus,2004,49.882,78.1,1.512,1017875
cyp,Cyprus,2005,53.2599,78.2,1.479,1036151
cyp,Cyprus,2006,58.5035,78.5,1.509,1054418
cyp,Cyprus,2007,58.6152,78.7,1.449,1072714
cyp,Cyprus,2008,58.1636,78.9,1.479,1091026
cyp,Cyprus,2009,57.53,79.1,1.475,1109371
cyp,Cyprus,2010,58.4331,79.3,1.434,1127816
cyp,Cyprus,2011,58.1642,79.5,1.36,1146493
cyp,Cyprus,2012,54.9319,79.6,1.382,1165397
cyp,Cyprus,2013,52.7224,79.8,1.304,1183895
cyp,Cyprus,2014,49.137,79.9,1.312,1201801
cyp,Cyprus,2015,50.0659,80.1,1.323,1219502
cyp,Cyprus,2016,51.7399,80.2,1.357,1237112
cyp,Cyprus,2017,52.814,80.3,1.323,1254275
cyp,Cyprus,2018,56.865,80.4,1.319,1270737
cyp,Cyprus,2019,57.2674,80.3,1.33,1286671
cyp,Cyprus,2020,58.7701,80.1,1.361,1302247
cyp,Cyprus,2021,60.3018,79.7,1.392,1317309
cyp,Cyprus,2022,59.5394,80,1.393,1331370
cyp,Cyprus,2023,60.2347,80.5,1.389,1344976
cyp,Cyprus,2024,61.4599,80.7,1.38,1358282
cze,Czech Republic,1960,10.3263,70.2,2.09,9541605
cze,Czech Republic,1961,10.6275,70.3,2.11,9573390
cze,Czech Republic,1962,10.694,70.1,2.12,9597460
cze,Czech Republic,1963,10.409,70.2,2.31,9627331
cze,Czech Republic,1964,10.8006,70.3,2.34,9668746
cze,Czech Republic,1965,11.1056,70.3,2.18,9706847
cze,Czech Republic,1966,11.5015,70.4,2.02,9736239
cze,Czech Republic,1967,11.9274,70.2,1.91,9758983
cze,Czech Republic,1968,12.4182,69.9,1.84,9775113
cze,Czech Republic,1969,12.6539,69.6,1.87,9787789
cze,Czech Republic,1970,12.8492,69.6,1.92,9801252
cze,Czech Republic,1971,13.5543,69.9,2,9822779
cze,Czech Republic,1972,14.2965,70.1,2.09,9858068
cze,Czech Republic,1973,14.9734,70.1,2.31,9906210
cze,Czech Republic,1974,15.6845,70.2,2.46,9965949
cze,Czech Republic,1975,16.5419,70.4,2.43,10030774
cze,Czech Republic,1976,17.1851,70.6,2.39,10092938
cze,Czech Republic,1977,17.7648,70.6,2.34,10149365
cze,Czech Republic,1978,18.51,70.6,2.33,10200749
cze,Czech Republic,1979,18.7813,70.6,2.27,10246156
cze,Czech Republic,1980,19.1528,70.6,2.08,10275403
cze,Czech Republic,1981,19.2125,70.7,2,10289513
cze,Czech Republic,1982,19.0101,70.8,2,10299008
cze,Czech Republic,1983,19.419,70.8,1.97,10302943
cze,Czech Republic,1984,19.9588,70.9,1.97,10303818
cze,Czech Republic,1985,20.52,71,1.95,10305145
cze,Czech Republic,1986,21.2055,71.1,1.92,10304373
cze,Czech Republic,1987,21.8126,71.4,1.91,10303419
cze,Czech Republic,1988,22.3835,71.6,1.94,10305450
cze,Czech Republic,1989,22.8932,71.5,1.87,10305605
cze,Czech Republic,1990,23.2683,71.5,1.9,10301988
cze,Czech Republic,1991,20.8028,71.9,1.86,10304426
cze,Czech Republic,1992,20.8558,72.3,1.71,10312448
cze,Czech Republic,1993,22.5969,72.7,1.67,10320398
cze,Czech Republic,1994,23.551,73.1,1.44,10322329
cze,Czech Republic,1995,24.5454,73.3,1.28,10312042
cze,Czech Republic,1996,25.5819,73.7,1.18,10296128
cze,Czech Republic,1997,26.0094,74,1.17,10280051
cze,Czech Republic,1998,26.444,74.4,1.16,10265426
cze,Czech Republic,1999,26.8859,74.7,1.13,10251378
cze,Czech Republic,2000,27.3352,75,1.15,10236804
cze,Czech Republic,2001,27.7921,75.3,1.15,10231936
cze,Czech Republic,2002,28.2565,75.4,1.17,10239468
cze,Czech Republic,2003,29.3139,75.6,1.18,10248912
cze,Czech Republic,2004,30.4109,75.9,1.23,10261450
cze,Czech Republic,2005,31.2248,76.3,1.29,10280153
cze,Czech Republic,2006,32.9468,76.7,1.34,10304588
cze,Czech Republic,2007,34.6887,77,1.45,10337543
cze,Czech Republic,2008,35.5419,77.2,1.51,10378292
cze,Czech Republic,2009,36.0566,77.4,1.51,10420985
cze,Czech Republic,2010,35.9922,77.6,1.51,10464035
cze,Czech Republic,2011,35.9539,77.8,1.43,10495511
cze,Czech Republic,2012,35.3482,78.1,1.45,10507335
cze,Czech Republic,2013,35.5824,78.3,1.46,10511163
cze,Czech Republic,2014,36.4129,78.6,1.53,10517226
cze,Czech Republic,2015,37.9153,78.8,1.57,10524416
cze,Czech Republic,2016,39.322,79,1.63,10531948
cze,Czech Republic,2017,40.6438,79.1,1.69,10541342
cze,Czech Republic,2018,42.5671,79.2,1.71,10548937
cze,Czech Republic,2019,44.5443,79.3,1.71,10554875
cze,Czech Republic,2020,45.3027,78.3,1.74,10550129
cze,Czech Republic,2021,47.7831,77.4,1.83,10530683
cze,Czech Republic,2022,44.7562,79.1,1.64,10673213
cze,Czech Republic,2023,43.9412,79.9,1.46,10809716
cze,Czech Republic,2024,44.3596,80.1,1.36,10735859
deu,Germany,1960,20.8746,69.3,2.37,72811640
deu,Germany,1961,21.5048,69.8,2.45,73376115
deu,Germany,1962,22.1706,69.8,2.44,73997003
deu,Germany,1963,22.5043,70,2.51,74698010
deu,Germany,1964,23.5808,70.4,2.54,75313485
deu,Germany,1965,24.5219,70.4,2.5,75966964
deu,Germany,1966,24.905,70.6,2.53,76611031
deu,Germany,1967,24.7521,70.7,2.48,76970791
deu,Germany,1968,25.8499,70.4,2.38,77321279
deu,Germany,1969,27.3395,70.2,2.21,77944020
deu,Germany,1970,28.3259,70.4,2.03,78205102
deu,Germany,1971,28.9106,70.7,1.92,78345872
deu,Germany,1972,29.9099,71,1.71,78719918
deu,Germany,1973,31.1208,71.3,1.54,78966971
deu,Germany,1974,31.2658,71.6,1.51,78996693
deu,Germany,1975,30.9908,71.6,1.45,78701865
deu,Germany,1976,32.4691,72,1.45,78364505
deu,Germany,1977,33.3982,72.6,1.4,78185559
deu,Germany,1978,34.2808,72.7,1.38,78115360
deu,Germany,1979,35.5742,73,1.38,78147901
deu,Germany,1980,35.8919,73.2,1.44,78315375
deu,Germany,1981,37.7216,73.5,1.43,78448040
deu,Germany,1982,38.716,73.8,1.41,78393674
deu,Germany,1983,40.3514,74.1,1.33,78224133
deu,Germany,1984,42.5381,74.5,1.29,77998198
deu,Germany,1985,44.4257,74.7,1.37,77863424
deu,Germany,1986,46.0315,75,1.43,77923807
deu,Germany,1987,47.4862,75.3,1.43,78062324
deu,Germany,1988,50.1342,75.4,1.46,78385992
deu,Germany,1989,52.9743,75.6,1.42,79007065
deu,Germany,1990,55.2994,75.6,1.45,79707959
deu,Germany,1991,58.0492,75.7,1.33,80303196
deu,Germany,1992,58.9076,76.1,1.29,80934898
deu,Germany,1993,59.1319,76.2,1.28,81486773
deu,Germany,1994,57.8201,76.5,1.24,81773617
deu,Germany,1995,58.4568,76.7,1.25,82019890
deu,Germany,1996,59.0982,77,1.3,82263189
deu,Germany,1997,58.1886,77.4,1.35,82389638
deu,Germany,1998,60.1065,77.7,1.36,82011939
deu,Germany,1999,61.8612,77.9,1.36,81678287
deu,Germany,2000,62.8761,78.3,1.38,81797258
deu,Germany,2001,62.879,78.6,1.35,81933885
deu,Germany,2002,63.9906,78.8,1.34,82068326
deu,Germany,2003,63.5122,78.9,1.34,82111615
deu,Germany,2004,64.0614,79.3,1.36,82092708
deu,Germany,2005,64.1839,79.4,1.34,82046731
deu,Germany,2006,64.77,79.7,1.33,81701971
deu,Germany,2007,65.4465,79.9,1.37,81298542
deu,Germany,2008,65.0323,80.1,1.38,81110777
deu,Germany,2009,65.5185,80.2,1.36,80935283
deu,Germany,2010,65.7734,80.3,1.39,80830924
deu,Germany,2011,66.1854,80.6,1.39,80857874
deu,Germany,2012,66.0806,80.7,1.41,80916390
deu,Germany,2013,66.6639,80.7,1.42,81041582
deu,Germany,2014,66.5722,81,1.47,81376080
deu,Germany,2015,69.149,80.8,1.5,82077550
deu,Germany,2016,70.5287,80.9,1.6,82760102
deu,Germany,2017,70.7516,81,1.57,83104007
deu,Germany,2018,73.2945,81.1,1.57,83368505
deu,Germany,2019,74.499,81.3,1.54,83559186
deu,Germany,2020,79.6348,81,1.53,83628708
deu,Germany,2021,82.5225,80.6,1.58,83697083
deu,Germany,2022,83.0519,80.5,1.455,84086227
deu,Germany,2023,82.728,80.9,1.39,84548231
deu,Germany,2024,82.9171,81,1.36,84552242
dji,Djibouti,1960,12.2829,53.3,6.847,86024
dji,Djibouti,1961,12.4137,53.7,6.848,89390
dji,Djibouti,1962,12.2908,54,6.854,93283
dji,Djibouti,1963,12.4465,54.4,6.86,97872
dji,Djibouti,1964,12.3834,54.8,6.872,103198
dji,Djibouti,1965,12.4086,55.1,6.864,109092
dji,Djibouti,1966,12.5076,55.4,6.875,115269
dji,Djibouti,1967,12.533,55.7,6.87,121649
dji,Djibouti,1968,12.4995,56,6.876,128250
dji,Djibouti,1969,12.5185,56.3,6.878,136078
dji,Djibouti,1970,14.9335,56.7,6.879,145175
dji,Djibouti,1971,15.1277,56.3,6.882,155136
dji,Djibouti,1972,14.9238,57.4,6.851,166256
dji,Djibouti,1973,14.9122,57.8,6.817,178449
dji,Djibouti,1974,13.5868,58.2,6.78,192613
dji,Djibouti,1975,14.1789,58.5,6.737,209908
dji,Djibouti,1976,14.337,58.8,6.691,230737
dji,Djibouti,1977,11.5907,59.1,6.64,254613
dji,Djibouti,1978,9.7281,59.3,6.586,280031
dji,Djibouti,1979,9.4032,58.9,6.523,304513
dji,Djibouti,1980,9.1315,59.9,6.46,325815
dji,Djibouti,1981,8.9699,59.9,6.397,343047
dji,Djibouti,1982,8.868,60.2,6.342,356880
dji,Djibouti,1983,8.736,60.4,6.298,369553
dji,Djibouti,1984,8.5917,60.5,6.247,384053
dji,Djibouti,1985,8.269,60.6,6.192,402687
dji,Djibouti,1986,7.735,60.8,6.139,426341
dji,Djibouti,1987,7.3112,61,6.086,454399
dji,Djibouti,1988,6.9805,61.2,6.03,484523
dji,Djibouti,1989,6.3816,61.4,5.973,523355
dji,Djibouti,1990,6.3249,61.5,5.931,579538
dji,Djibouti,1991,5.8347,61.8,5.856,631092
dji,Djibouti,1992,5.9989,62.1,5.751,626010
dji,Djibouti,1993,5.863,61.4,5.638,614245
dji,Djibouti,1994,5.7904,61.9,5.507,626710
dji,Djibouti,1995,5.7101,62.6,5.331,633074
dji,Djibouti,1996,5.4269,62.8,5.149,648348
dji,Djibouti,1997,5.3262,62.8,4.966,671817
dji,Djibouti,1998,5.1979,62.7,4.795,699352
dji,Djibouti,1999,5.2387,62.9,4.687,724218
dji,Djibouti,2000,5.238,63,4.601,747318
dji,Djibouti,2001,5.3118,63.1,4.518,771313
dji,Djibouti,2002,5.4431,63.1,4.41,795574
dji,Djibouti,2003,5.5565,63.7,4.296,813519
dji,Djibouti,2004,5.6723,63.4,4.162,826124
dji,Djibouti,2005,5.7905,63.8,4.035,839167
dji,Djibouti,2006,5.9111,63.7,3.899,855764
dji,Djibouti,2007,6.0343,64.4,3.756,874528
dji,Djibouti,2008,6.16,64.6,3.621,892734
dji,Djibouti,2009,6.2884,64.8,3.521,911527
dji,Djibouti,2010,6.4194,64.9,3.431,930251
dji,Djibouti,2011,6.5531,65.2,3.341,948558
dji,Djibouti,2012,6.6897,65.5,3.255,966747
dji,Djibouti,2013,5.9742,65.9,3.187,984824
dji,Djibouti,2014,6.0463,66.3,3.116,1002717
dji,Djibouti,2015,6.1193,66.4,3.041,1020313
dji,Djibouti,2016,6.1932,66.9,2.969,1037653
dji,Djibouti,2017,6.2679,67.1,2.916,1054841
dji,Djibouti,2018,6.4628,67.6,2.858,1071882
dji,Djibouti,2019,6.7157,67.7,2.798,1088709
dji,Djibouti,2020,6.6951,67,2.745,1105188
dji,Djibouti,2021,6.89,65.3,2.699,1121248
dji,Djibouti,2022,7.145,67.8,2.653,1137096
dji,Djibouti,2023,7.5663,68.4,2.609,1152944
dji,Djibouti,2024,7.9085,68.61,2.618,1168722
dma,Dominica,1960,1.9356,60.9,6.178,59372
dma,Dominica,1961,1.8422,62.2,6.156,60209
dma,Dominica,1962,2.1039,63.3,6.122,60948
dma,Dominica,1963,2.1819,64,6.084,61739
dma,Dominica,1964,2.2737,64.4,6.027,62587
dma,Dominica,1965,1.9422,64.7,5.952,63505
dma,Dominica,1966,2.152,65.1,5.856,64507
dma,Dominica,1967,2.1716,65.5,5.737,65585
dma,Dominica,1968,2.1269,65.8,5.587,66732
dma,Dominica,1969,2.3094,66.2,5.412,67934
dma,Dominica,1970,2.5012,66.7,5.215,68908
dma,Dominica,1971,2.6751,67.3,4.985,69532
dma,Dominica,1972,2.8757,68.3,4.671,70060
dma,Dominica,1973,3.1232,69.7,4.275,70585
dma,Dominica,1974,3.338,71,3.842,71091
dma,Dominica,1975,3.4507,72,3.461,71570
dma,Dominica,1976,3.6982,72.7,3.191,72017
dma,Dominica,1977,3.8015,73.3,3.02,72406
dma,Dominica,1978,4.2299,73.8,2.955,72724
dma,Dominica,1979,3.4634,72.6,2.96,72959
dma,Dominica,1980,3.9676,74.2,3.035,73083
dma,Dominica,1981,4.459,74.2,3.114,72986
dma,Dominica,1982,4.85,74.4,3.166,72688
dma,Dominica,1983,5.1344,74.6,3.178,72365
dma,Dominica,1984,5.5655,74.7,3.151,72056
dma,Dominica,1985,5.8462,74.8,3.116,71744
dma,Dominica,1986,6.4396,74.8,3.084,71406
dma,Dominica,1987,7.0895,74.8,3.063,71023
dma,Dominica,1988,7.9595,74.7,3.056,70608
dma,Dominica,1989,8.2866,74.6,3.059,70153
dma,Dominica,1990,9.1011,74.5,3.092,69627
dma,Dominica,1991,9.4157,74.4,3.145,69296
dma,Dominica,1992,9.7693,74.3,3.177,69325
dma,Dominica,1993,10.0584,74.3,3.201,69433
dma,Dominica,1994,10.2241,74.3,2.964,69477
dma,Dominica,1995,10.647,74.3,2.708,69469
dma,Dominica,1996,11.1617,74.5,2.546,69410
dma,Dominica,1997,11.6012,74.7,2.406,69299
dma,Dominica,1998,12.2118,74.3,2.315,69124
dma,Dominica,1999,12.4383,75,2.458,68870
dma,Dominica,2000,12.8919,75.1,2.346,68511
dma,Dominica,2001,13.0653,75.2,2.399,68288
dma,Dominica,2002,12.796,75.2,2.16,68367
dma,Dominica,2003,13.6677,75.2,2.075,68531
dma,Dominica,2004,14.3182,75.2,2.023,68649
dma,Dominica,2005,14.5475,75.4,1.998,68734
dma,Dominica,2006,15.3038,75.5,2.074,68806
dma,Dominica,2007,16.2472,75.4,2.022,68847
dma,Dominica,2008,17.5338,75.6,1.968,68854
dma,Dominica,2009,17.4489,75.7,1.918,68864
dma,Dominica,2010,17.54,75.5,1.887,68859
dma,Dominica,2011,17.4982,75.6,1.861,69053
dma,Dominica,2012,17.4542,75.6,1.827,69118
dma,Dominica,2013,17.3056,75.7,1.778,69715
dma,Dominica,2014,17.5441,75.7,1.713,70373
dma,Dominica,2015,16.9434,74.4,1.648,70410
dma,Dominica,2016,17.3871,75.5,1.581,69606
dma,Dominica,2017,16.3359,73.4,1.54,68496
dma,Dominica,2018,16.8995,75.9,1.517,68174
dma,Dominica,2019,17.6428,75.9,1.504,67880
dma,Dominica,2020,14.9393,75.3,1.495,67573
dma,Dominica,2021,15.8299,74.3,1.484,67202
dma,Dominica,2022,17.5741,75.7,1.482,66826
dma,Dominica,2023,18.3025,76.1,1.484,66510
dma,Dominica,2024,18.7642,76.31,1.48,66205
dnk,Denmark,1960,23.7875,72.3,2.57,4579342
dnk,Denmark,1961,25.0396,72.4,2.55,4611360
dnk,Denmark,1962,26.1425,72.4,2.55,4647467
dnk,Denmark,1963,26.0366,72.5,2.67,4684266
dnk,Denmark,1964,28.0523,72.5,2.6,4721891
dnk,Denmark,1965,28.9205,72.4,2.61,4758836
dnk,Denmark,1966,29.4212,72.5,2.62,4797207
dnk,Denmark,1967,30.2836,72.8,2.35,4835217
dnk,Denmark,1968,31.3952,73.1,2.12,4864796
dnk,Denmark,1969,33.1203,73.3,2,4891799
dnk,Denmark,1970,33.3368,73.4,1.95,4928668
dnk,Denmark,1971,33.9192,73.4,2.04,4963062
dnk,Denmark,1972,35.1598,73.5,2.03,4991573
dnk,Denmark,1973,36.1606,73.7,1.92,5021756
dnk,Denmark,1974,35.4824,73.8,1.9,5045632
dnk,Denmark,1975,34.8446,74,1.92,5060400
dnk,Denmark,1976,36.7366,74.1,1.75,5072805
dnk,Denmark,1977,37.1094,74.4,1.66,5088572
dnk,Denmark,1978,37.5486,74.4,1.67,5104343
dnk,Denmark,1979,38.7103,74.3,1.6,5116859
dnk,Denmark,1980,38.3354,74.2,1.55,5123081
dnk,Denmark,1981,39.9325,74.3,1.44,5121629
dnk,Denmark,1982,42.7832,74.5,1.43,5117894
dnk,Denmark,1983,44.8944,74.5,1.38,5114467
dnk,Denmark,1984,47.8881,74.6,1.4,5111831
dnk,Denmark,1985,50.8763,74.6,1.45,5113880
dnk,Denmark,1986,53.7243,74.7,1.48,5120688
dnk,Denmark,1987,54.7672,74.8,1.5,5127132
dnk,Denmark,1988,54.5796,74.9,1.56,5129640
dnk,Denmark,1989,54.3926,74.9,1.62,5132715
dnk,Denmark,1990,54.2063,75,1.67,5141025
dnk,Denmark,1991,54.0206,75.2,1.68,5154345
dnk,Denmark,1992,53.8355,75.3,1.76,5171367
dnk,Denmark,1993,54.481,75.2,1.75,5188637
dnk,Denmark,1994,55.1343,75.4,1.81,5206190
dnk,Denmark,1995,55.7954,75.4,1.8,5233360
dnk,Denmark,1996,56.5347,75.7,1.75,5263068
dnk,Denmark,1997,57.2837,76.1,1.75,5285035
dnk,Denmark,1998,58.0426,76.4,1.72,5304262
dnk,Denmark,1999,58.8116,76.5,1.73,5321810
dnk,Denmark,2000,59.5908,76.9,1.77,5339658
dnk,Denmark,2001,59.128,77.1,1.74,5358828
dnk,Denmark,2002,58.6689,77.2,1.72,5375959
dnk,Denmark,2003,58.2133,77.5,1.76,5390620
dnk,Denmark,2004,59.2333,77.8,1.78,5404598
dnk,Denmark,2005,59.9153,78.1,1.8,5419555
dnk,Denmark,2006,61.8025,78.3,1.85,5437420
dnk,Denmark,2007,62.938,78.4,1.84,5461607
dnk,Denmark,2008,62.2779,78.8,1.89,5493764
dnk,Denmark,2009,63.1884,79,1.84,5523173
dnk,Denmark,2010,66.3214,79.3,1.87,5547863
dnk,Denmark,2011,65.264,79.7,1.75,5570849
dnk,Denmark,2012,64.8751,80,1.73,5591917
dnk,Denmark,2013,66.4558,80.3,1.67,5615333
dnk,Denmark,2014,66.9132,80.6,1.69,5643794
dnk,Denmark,2015,67.5605,80.8,1.71,5683701
dnk,Denmark,2016,68.6973,80.9,1.79,5728201
dnk,Denmark,2017,70.3602,81,1.75,5765168
dnk,Denmark,2018,71.0437,81.1,1.73,5793824
dnk,Denmark,2019,71.0397,81.4,1.7,5814618
dnk,Denmark,2020,73.0579,81.5,1.68,5831530
dnk,Denmark,2021,74.9073,81.4,1.72,5856776
dnk,Denmark,2022,71.8642,81.2,1.55,5902904
dnk,Denmark,2023,73.1135,81.5,1.5,5948136
dnk,Denmark,2024,75.4203,81.7,1.47,5977412
dom,Dominican Republic,1960,7.6414,57.9,7.555,3268336
dom,Dominican Republic,1961,7.2284,58.2,7.487,3373233
dom,Dominican Republic,1962,8.1999,58.5,7.404,3479936
dom,Dominican Republic,1963,8.4459,58.7,7.303,3588287
dom,Dominican Republic,1964,8.7024,59.3,7.186,3698559
dom,Dominican Republic,1965,7.4223,57.2,7.053,3808963
dom,Dominican Republic,1966,8.0916,59.9,6.949,3921847
dom,Dominican Republic,1967,8.0693,60.3,6.755,4038928
dom,Dominican Republic,1968,7.8273,60.6,6.548,4157189
dom,Dominican Republic,1969,8.3838,61,6.366,4277035
dom,Dominican Republic,1970,9.2311,61.4,6.184,4399290
dom,Dominican Republic,1971,9.9355,61.8,6.009,4524234
dom,Dominican Republic,1972,10.7671,62.2,5.841,4651883
dom,Dominican Republic,1973,11.7791,62.7,5.667,4782227
dom,Dominican Republic,1974,12.1419,63.2,5.44,4914197
dom,Dominican Republic,1975,12.4129,63.7,5.235,5046776
dom,Dominican Republic,1976,12.9111,64.1,5.046,5180404
dom,Dominican Republic,1977,13.2074,64.6,4.842,5315443
dom,Dominican Republic,1978,13.1703,65.1,4.644,5451882
dom,Dominican Republic,1979,13.4194,65,4.473,5589690
dom,Dominican Republic,1980,14.0379,66.1,4.302,5729037
dom,Dominican Republic,1981,15.0665,66.6,4.149,5868453
dom,Dominican Republic,1982,15.5394,67.1,4.014,6007114
dom,Dominican Republic,1983,16.2783,67.7,3.947,6147248
dom,Dominican Republic,1984,16.4439,68.2,3.822,6289040
dom,Dominican Republic,1985,16.0647,68.7,3.686,6430404
dom,Dominican Republic,1986,16.4853,69.2,3.603,6571208
dom,Dominican Republic,1987,13.8566,69.6,3.528,6712515
dom,Dominican Republic,1988,11.6472,70.1,3.5,6855734
dom,Dominican Republic,1989,9.79,70.5,3.475,7002295
dom,Dominican Republic,1990,10.8349,70.9,3.411,7151166
dom,Dominican Republic,1991,11.9912,71.3,3.349,7299853
dom,Dominican Republic,1992,13.271,71.6,3.287,7447474
dom,Dominican Republic,1993,13.6325,72,3.226,7594572
dom,Dominican Republic,1994,14.0038,72.4,3.163,7741694
dom,Dominican Republic,1995,14.3852,72.7,3.101,7888115
dom,Dominican Republic,1996,14.7771,72.8,3.04,8032894
dom,Dominican Republic,1997,16.1841,73.2,2.922,8174078
dom,Dominican Republic,1998,16.5835,73.4,2.835,8310362
dom,Dominican Republic,1999,16.9927,73.8,2.846,8446208
dom,Dominican Republic,2000,17.4121,74,2.869,8584190
dom,Dominican Republic,2001,16.7246,74.2,2.827,8720283
dom,Dominican Republic,2002,16.2387,74.4,2.764,8852235
dom,Dominican Republic,2003,14.4796,74.5,2.703,8980620
dom,Dominican Republic,2004,12.3336,74.4,2.641,9104892
dom,Dominican Republic,2005,14.2388,74.7,2.574,9225034
dom,Dominican Republic,2006,16.232,74.9,2.508,9341183
dom,Dominican Republic,2007,14.8564,75,2.51,9455658
dom,Dominican Republic,2008,14.3357,75.1,2.546,9573130
dom,Dominican Republic,2009,15.492,75.1,2.574,9695265
dom,Dominican Republic,2010,15.2723,75,2.556,9820175
dom,Dominican Republic,2011,15.8481,74.8,2.527,9945621
dom,Dominican Republic,2012,15.1529,74.5,2.497,10070411
dom,Dominican Republic,2013,16.0064,74.4,2.474,10193833
dom,Dominican Republic,2014,16.5941,74.3,2.451,10315528
dom,Dominican Republic,2015,18.2176,74,2.43,10434829
dom,Dominican Republic,2016,19.5164,73.8,2.41,10551430
dom,Dominican Republic,2017,18.4664,73.7,2.398,10666843
dom,Dominican Republic,2018,20.27,73.6,2.397,10782053
dom,Dominican Republic,2019,20.5654,73.4,2.366,10894043
dom,Dominican Republic,2020,18.1432,72,2.329,11008300
dom,Dominican Republic,2021,17.5363,72.2,2.294,11123476
dom,Dominican Republic,2022,17.9477,72.4,2.267,11230734
dom,Dominican Republic,2023,20.261,73,2.243,11331265
dom,Dominican Republic,2024,21.0851,73.2,2.222,11427557
dza,Algeria,1960,4.2587,40.1,7.503,11424922
dza,Algeria,1961,3.8118,40.8,7.564,11628883
dza,Algeria,1962,2.8383,41.4,7.607,11800771
dza,Algeria,1963,3.5063,45,7.649,11982118
dza,Algeria,1964,3.6504,45.8,7.672,12179813
dza,Algeria,1965,3.8258,46.7,7.711,12365976
dza,Algeria,1966,3.5196,47.4,7.71,12590069
dza,Algeria,1967,3.7639,48.2,7.712,12876118
dza,Algeria,1968,4.0821,49,7.711,13172614
dza,Algeria,1969,4.3416,49.8,7.709,13475960
dza,Algeria,1970,4.6513,50.6,7.704,13783719
dza,Algeria,1971,4.1301,51.4,7.671,14098936
dza,Algeria,1972,4.8947,52.2,7.634,14427072
dza,Algeria,1973,4.9527,53.1,7.592,14771147
dza,Algeria,1974,5.0687,54.1,7.545,15133502
dza,Algeria,1975,5.2565,55,7.485,15678596
dza,Algeria,1976,5.4464,55.9,7.405,16409170
dza,Algeria,1977,5.7939,56.9,7.312,17015994
dza,Algeria,1978,6.282,57.9,7.211,17506974
dza,Algeria,1979,6.6105,58.9,7.119,18036655
dza,Algeria,1980,6.507,59.7,6.994,18607174
dza,Algeria,1981,6.8538,61,6.845,19220704
dza,Algeria,1982,7.3513,62.1,6.675,19872348
dza,Algeria,1983,7.7119,63.2,6.496,20558115
dza,Algeria,1984,8.1076,64.2,6.283,21271969
dza,Algeria,1985,8.4166,65.2,6.035,22008544
dza,Algeria,1986,8.3073,66,5.645,22745499
dza,Algeria,1987,8.2209,66.8,5.298,23443624
dza,Algeria,1988,8.0744,67.4,5.023,24109536
dza,Algeria,1989,8.072,67.9,4.761,24754485
dza,Algeria,1990,8.0697,68.4,4.509,25375810
dza,Algeria,1991,8.0673,68.9,4.366,25987928
dza,Algeria,1992,8.0649,69.3,4.274,26628568
dza,Algeria,1993,8.0625,69.7,4.076,27277048
dza,Algeria,1994,8.0602,70,3.914,27887279
dza,Algeria,1995,8.0578,70.2,3.487,28470191
dza,Algeria,1996,8.1899,70.8,3.139,29033044
dza,Algeria,1997,8.3243,71.1,2.886,29579301
dza,Algeria,1998,8.4608,71.4,2.691,30054133
dza,Algeria,1999,8.5996,71.8,2.62,30474354
dza,Algeria,2000,8.7406,72.2,2.59,30903893
dza,Algeria,2001,8.884,72.5,2.519,31331221
dza,Algeria,2002,9.0297,72.8,2.429,31750835
dza,Algeria,2003,9.1778,72.9,2.451,32175818
dza,Algeria,2004,9.3283,73.4,2.5,32628286
dza,Algeria,2005,9.4813,73.7,2.562,33109249
dza,Algeria,2006,9.6368,73.9,2.628,33623506
dza,Algeria,2007,9.7949,74.1,2.704,34189416
dza,Algeria,2008,9.9556,74.2,2.785,34816961
dza,Algeria,2009,10.1189,74.4,2.825,35490445
dza,Algeria,2010,10.2848,74.5,2.875,36188236
dza,Algeria,2011,10.4535,74.6,2.899,36903376
dza,Algeria,2012,10.4932,74.8,2.996,37646166
dza,Algeria,2013,10.5508,74.9,2.997,38414171
dza,Algeria,2014,10.7618,75,3.084,39205031
dza,Algeria,2015,10.8801,75.1,3.091,40019529
dza,Algeria,2016,11.0744,75.2,3.091,40850721
dza,Algeria,2017,11.0145,75.3,3.09,41689299
dza,Algeria,2018,10.9543,75.4,3.019,42505035
dza,Algeria,2019,10.8513,75.5,2.997,43294546
dza,Algeria,2020,10.1338,74.7,2.94,44042091
dza,Algeria,2021,10.3499,75,2.87,44761099
dza,Algeria,2022,10.5536,75.7,2.817,45477389
dza,Algeria,2023,10.8229,76,2.766,46164219
dza,Algeria,2024,11.0248,76.2,2.723,46814308
ecu,Ecuador,1960,4.7007,55.8,6.721,4590891
ecu,Ecuador,1961,4.698,56.5,6.7,4722331
ecu,Ecuador,1962,4.7831,57.2,6.676,4859269
ecu,Ecuador,1963,4.7374,57.8,6.646,5001716
ecu,Ecuador,1964,4.9114,58.4,6.61,5149918
ecu,Ecuador,1965,5.0988,59,6.564,5303963
ecu,Ecuador,1966,5.0536,59.6,6.507,5463748
ecu,Ecuador,1967,5.1713,60.1,6.436,5629057
ecu,Ecuador,1968,5.2448,60.3,6.351,5799680
ecu,Ecuador,1969,5.2802,60.3,6.252,5975236
ecu,Ecuador,1970,5.4467,60.7,6.138,6155387
ecu,Ecuador,1971,5.5806,60.8,6.011,6340052
ecu,Ecuador,1972,5.6985,61,5.873,6529034
ecu,Ecuador,1973,6.2345,61.6,5.727,6722033
ecu,Ecuador,1974,6.5381,62.7,5.577,6918573
ecu,Ecuador,1975,6.8418,63.8,5.426,7118251
ecu,Ecuador,1976,7.1955,64.4,5.276,7320912
ecu,Ecuador,1977,7.24,64.9,5.13,7526819
ecu,Ecuador,1978,7.4558,65.2,4.989,7736167
ecu,Ecuador,1979,7.5493,65.7,4.855,7948869
ecu,Ecuador,1980,7.6152,66.4,4.73,8165877
ecu,Ecuador,1981,8.0808,67,4.612,8386910
ecu,Ecuador,1982,8.2161,67.6,4.501,8611298
ecu,Ecuador,1983,7.9599,68,4.395,8840417
ecu,Ecuador,1984,8.2363,68.7,4.305,9074782
ecu,Ecuador,1985,8.5269,69.3,4.145,9311154
ecu,Ecuador,1986,8.666,69.9,4,9545998
ecu,Ecuador,1987,8.0618,68.9,3.87,9779290
ecu,Ecuador,1988,8.8918,70.5,3.787,10010808
ecu,Ecuador,1989,8.9347,70.8,3.736,10241852
ecu,Ecuador,1990,9.2261,70.9,3.68,10473673
ecu,Ecuador,1991,9.4941,70.7,3.633,10702380
ecu,Ecuador,1992,9.577,71,3.575,10930128
ecu,Ecuador,1993,9.5954,71.3,3.491,11154274
ecu,Ecuador,1994,9.8215,71.6,3.42,11372197
ecu,Ecuador,1995,9.8691,72,3.381,11590514
ecu,Ecuador,1996,9.917,72,3.351,11810950
ecu,Ecuador,1997,9.9651,72,3.288,12031127
ecu,Ecuador,1998,10.0134,71.9,3.228,12251184
ecu,Ecuador,1999,10.062,71.7,3.166,12470795
ecu,Ecuador,2000,7.7467,71.8,3.102,12689206
ecu,Ecuador,2001,8.8425,72,3.037,12910740
ecu,Ecuador,2002,10.0933,72.4,2.972,13138472
ecu,Ecuador,2003,11.521,72.8,2.911,13372306
ecu,Ecuador,2004,11.3183,73.2,2.853,13608701
ecu,Ecuador,2005,13.4291,73.3,2.8,13846163
ecu,Ecuador,2006,14.7789,73.6,2.753,14086131
ecu,Ecuador,2007,15.5754,74.1,2.704,14328773
ecu,Ecuador,2008,14.8868,74.7,2.688,14575202
ecu,Ecuador,2009,14.3446,75.2,2.678,14825954
ecu,Ecuador,2010,15.876,75.8,2.615,15076695
ecu,Ecuador,2011,16.3992,76.3,2.605,15326227
ecu,Ecuador,2012,17.471800000000002,76.9,2.509,15572194
ecu,Ecuador,2013,18.081,77.5,2.362,15807128
ecu,Ecuador,2014,18.2845,78.1,2.274,16035124
ecu,Ecuador,2015,18.4136,78.5,2.209,16266225
ecu,Ecuador,2016,18.0338,78.5,2.122,16505139
ecu,Ecuador,2017,18.549,78.8,2.128,16759519
ecu,Ecuador,2018,18.5059,78.9,2.111,17049547
ecu,Ecuador,2019,18.1771,78.8,2.035,17340021
ecu,Ecuador,2020,16.1642,73.7,1.967,17546065
ecu,Ecuador,2021,17.3535,74.8,1.909,17682454
ecu,Ecuador,2022,17.9675,76.7,1.861,17823897
ecu,Ecuador,2023,17.6328,76.7,1.823,17980083
ecu,Ecuador,2024,17.1318,76.9,1.806,18135478
egy,Egypt,1960,2.0939,48.7,6.793,26896479
egy,Egypt,1961,2.1632,49.4,6.758,27600898
egy,Egypt,1962,2.2184,49.7,6.709,28337013
egy,Egypt,1963,2.2825,50,6.648,29091869
egy,Egypt,1964,2.4486,50.1,6.541,29858922
egy,Egypt,1965,2.5295,50.2,6.387,30629174
egy,Egypt,1966,2.4721,50.1,6.308,31406541
egy,Egypt,1967,2.3862,50.5,6.252,32196360
egy,Egypt,1968,2.4067,51.2,6.193,32998319
egy,Egypt,1969,2.5308,51.2,6.12,33811615
egy,Egypt,1970,2.7683,51.4,6.059,34623990
egy,Egypt,1971,2.8181,52.6,5.99,35433368
egy,Egypt,1972,2.8402,52.4,5.929,36258328
egy,Egypt,1973,2.8332,52.8,5.843,37102043
egy,Egypt,1974,2.8624,53.9,5.784,37969667
egy,Egypt,1975,3.0141,54.6,5.749,38875327
egy,Egypt,1976,3.3751,55.4,5.727,39795557
egy,Egypt,1977,3.6256,56,5.678,40748870
egy,Egypt,1978,3.7978,57.1,5.629,41761431
egy,Egypt,1979,4.0324,57.6,5.569,42818628
egy,Egypt,1980,4.3204,58.4,5.494,43950413
egy,Egypt,1981,4.5396,58.7,5.368,45147224
egy,Egypt,1982,4.9639,58.9,5.329,46407611
egy,Egypt,1983,5.3592,59.2,5.308,47786402
egy,Egypt,1984,5.7225,59.4,5.207,49247334
egy,Egypt,1985,6.0865,59.6,5.116,50734968
egy,Egypt,1986,6.2587,60,4.998,52206295
egy,Egypt,1987,6.4744,60.7,4.911,53674435
egy,Egypt,1988,6.7813,61.8,4.833,55187681
egy,Egypt,1989,7.0498,62.8,4.676,56710642
egy,Egypt,1990,7.3432,63.8,4.512,58396618
egy,Egypt,1991,7.2959,64.5,4.315,60028997
egy,Egypt,1992,7.2488,65.1,4.149,61480660
egy,Egypt,1993,7.2021,65.3,3.993,62915681
egy,Egypt,1994,7.1557,65.5,3.865,64285589
egy,Egypt,1995,7.1096,65.9,3.764,65652622
egy,Egypt,1996,7.451,66.2,3.7,67028048
egy,Egypt,1997,7.8089,66.4,3.682,68431740
egy,Egypt,1998,8.1839,66.5,3.681,69943294
egy,Egypt,1999,8.577,66.9,3.599,71520954
egy,Egypt,2000,8.4099,67.4,3.505,73083284
egy,Egypt,2001,8.2462,67.3,3.46,74652029
egy,Egypt,2002,8.0856,67.3,3.412,76239137
egy,Egypt,2003,7.9281,67.3,3.352,77853548
egy,Egypt,2004,7.7737,67.7,3.283,79477443
egy,Egypt,2005,7.7853,68,3.254,81101004
egy,Egypt,2006,7.7968,68.1,3.223,82700403
egy,Egypt,2007,7.8085,68.4,3.237,84276225
egy,Egypt,2008,7.8201,68.4,3.238,85864789
egy,Egypt,2009,8.2381,68.5,3.259,87501636
egy,Egypt,2010,8.6784,68.7,3.296,89196072
egy,Egypt,2011,8.7724,68.8,3.311,91093059
egy,Egypt,2012,8.8675,68.8,3.4,93161001
egy,Egypt,2013,9.1082,69.2,3.49,95333553
egy,Egypt,2014,9.3555,69.2,3.49,97528654
egy,Egypt,2015,9.6095,69,3.5,99597342
egy,Egypt,2016,8.959,69.5,3.35,101644589
egy,Egypt,2017,8.3525,70,3.31,103696057
egy,Egypt,2018,8.6506,70.2,3.02,105682094
egy,Egypt,2019,8.9593,70.5,2.87,107553158
egy,Egypt,2020,8.9934,69.1,2.85,109315124
egy,Egypt,2021,9.0275,68.4,2.75,110957008
egy,Egypt,2022,9.4803,69.6,2.75,112618250
egy,Egypt,2023,9.6721,70,2.75,114535772
egy,Egypt,2024,9.734,70.2,2.735,116538258
eri,Eritrea,1960,1.6135,37.4,6.483,972547
eri,Eritrea,1961,1.6393,37.7,6.474,995573
eri,Eritrea,1962,1.659,38,6.496,1019788
eri,Eritrea,1963,1.6863,38.3,6.481,1045092
eri,Eritrea,1964,1.7025,35.6,6.487,1071287
eri,Eritrea,1965,1.7686,35.9,6.494,1098335
eri,Eritrea,1966,1.8083,36.2,6.497,1124957
eri,Eritrea,1967,1.8816,36.6,6.504,1152339
eri,Eritrea,1968,1.9305,36.9,6.503,1181737
eri,Eritrea,1969,1.9482,37.3,6.503,1212005
eri,Eritrea,1970,1.8676,37.7,6.541,1243453
eri,Eritrea,1971,1.8955,38.1,6.541,1276154
eri,Eritrea,1972,1.9164,38.5,6.538,1309235
eri,Eritrea,1973,1.8983,38.9,6.548,1342669
eri,Eritrea,1974,1.8486,36.1,6.567,1375688
eri,Eritrea,1975,1.7204,36.6,6.586,1408210
eri,Eritrea,1976,1.6837,37,6.603,1443807
eri,Eritrea,1977,1.6504,37.5,6.608,1482565
eri,Eritrea,1978,1.5279,38,6.607,1522378
eri,Eritrea,1979,1.6568,38.5,6.621,1563332
eri,Eritrea,1980,1.6548,39,6.614,1605797
eri,Eritrea,1981,1.6525,39.6,6.622,1649939
eri,Eritrea,1982,1.6152,40.1,6.634,1695461
eri,Eritrea,1983,1.6813,40.7,6.646,1736160
eri,Eritrea,1984,1.5839,41.3,6.623,1771730
eri,Eritrea,1985,1.352,41.9,6.587,1807816
eri,Eritrea,1986,1.4304,42.6,6.555,1845164
eri,Eritrea,1987,1.571,43.2,6.52,1888669
eri,Eritrea,1988,1.523,43.8,6.467,1938255
eri,Eritrea,1989,1.4597,44.4,6.413,1987017
eri,Eritrea,1990,1.4415,45,6.338,2032737
eri,Eritrea,1991,1.5709,45.7,6.242,1919571
eri,Eritrea,1992,1.7154,51.1,6.156,1798748
eri,Eritrea,1993,1.9622,51.9,6.069,1856006
eri,Eritrea,1994,2.4022,52.8,6.005,1913915
eri,Eritrea,1995,2.4833,53.5,5.939,2025267
eri,Eritrea,1996,2.7236,54.3,5.841,2128464
eri,Eritrea,1997,2.9425,55,5.743,2152135
eri,Eritrea,1998,2.9736,55.2,5.633,2180419
eri,Eritrea,1999,2.9347,54.1,5.516,2212780
eri,Eritrea,2000,2.5637,55.8,5.397,2247031
eri,Eritrea,2001,2.7066,57.2,5.306,2312079
eri,Eritrea,2002,2.6698,57.6,5.233,2392978
eri,Eritrea,2003,2.4905,58,5.143,2493903
eri,Eritrea,2004,2.444,58.4,5.036,2598284
eri,Eritrea,2005,2.4517,58.8,4.934,2661215
eri,Eritrea,2006,2.3918,59.2,4.881,2703502
eri,Eritrea,2007,2.3955,59.5,4.812,2743222
eri,Eritrea,2008,1.9086,59.6,4.737,2816327
eri,Eritrea,2009,2.0862,59.8,4.656,2887885
eri,Eritrea,2010,2.2779,60,4.571,2945186
eri,Eritrea,2011,2.8827,60.3,4.486,2998485
eri,Eritrea,2012,2.9586,60.6,4.407,3036988
eri,Eritrea,2013,2.6689,60.8,4.335,3074360
eri,Eritrea,2014,3.5231,61.4,4.273,3095173
eri,Eritrea,2015,2.7955,61.5,4.217,3105546
eri,Eritrea,2016,3.0002,61.8,4.164,3124698
eri,Eritrea,2017,2.7191,61.9,4.112,3150347
eri,Eritrea,2018,3.0776,62.2,4.056,3192760
eri,Eritrea,2019,3.1756,62.4,3.997,3240194
eri,Eritrea,2020,3.3346,62.1,3.933,3291271
eri,Eritrea,2021,3.5015,62.1,3.867,3350183
eri,Eritrea,2022,3.6768,61.3,3.786,3409447
eri,Eritrea,2023,3.861,62.9,3.713,3470390
eri,Eritrea,2024,4.0543,63.18,3.68,3535603
esp,Spain,1960,9.1117,69.3,2.86,30404939
esp,Spain,1961,10.1321,69.8,2.77,30699567
esp,Spain,1962,11.0611,69.6,2.8,31040106
esp,Spain,1963,12.0733,69.8,2.88,31379827
esp,Spain,1964,12.6222,70.5,3.01,31741586
esp,Spain,1965,13.4504,70.8,2.94,32110668
esp,Spain,1966,14.3054,71.1,2.91,32465884
esp,Spain,1967,14.8332,71.4,2.94,32820751
esp,Spain,1968,15.5535,71.5,2.87,33170120
esp,Spain,1969,16.8362,71.4,2.86,33496935
esp,Spain,1970,17.2588,72,2.84,33812723
esp,Spain,1971,17.9132,72,2.9,34157451
esp,Spain,1972,19.3653,72.8,2.87,34539867
esp,Spain,1973,20.7548,72.8,2.84,34926524
esp,Spain,1974,21.8761,73.1,2.88,35361762
esp,Spain,1975,21.9997,73.4,2.77,35795769
esp,Spain,1976,22.5862,73.7,2.77,36176280
esp,Spain,1977,23.0018,74.1,2.65,36551270
esp,Spain,1978,23.2096,74.4,2.54,36904967
esp,Spain,1979,23.1415,74.8,2.37,37230372
esp,Spain,1980,23.5179,75.3,2.22,37537565
esp,Spain,1981,23.4365,75.6,2.04,37812713
esp,Spain,1982,23.3554,76,1.94,38047101
esp,Spain,1983,23.2746,76,1.8,38253244
esp,Spain,1984,23.1941,76.2,1.73,38437482
esp,Spain,1985,23.1138,76.2,1.64,38601321
esp,Spain,1986,24.3283,76.5,1.56,38735705
esp,Spain,1987,25.6065,76.7,1.49,38852010
esp,Spain,1988,26.9519,76.7,1.45,38952264
esp,Spain,1989,28.368,76.8,1.4,39029558
esp,Spain,1990,29.8585,76.8,1.36,39084979
esp,Spain,1991,31.0057,77,1.33,39201759
esp,Spain,1992,32.197,77.4,1.31,39420346
esp,Spain,1993,33.434,77.6,1.26,39651621
esp,Spain,1994,33.0581,77.9,1.19,39858721
esp,Spain,1995,33.09,78,1.16,40052738
esp,Spain,1996,33.2627,78.2,1.14,40237372
esp,Spain,1997,34.7001,78.7,1.15,40423826
esp,Spain,1998,37.1942,78.8,1.13,40617440
esp,Spain,1999,39.6092,78.9,1.17,40812857
esp,Spain,2000,41.6692,79.4,1.22,41019774
esp,Spain,2001,42.1183,79.7,1.23,41245599
esp,Spain,2002,42.5723,79.8,1.25,41755704
esp,Spain,2003,43.0312,79.8,1.3,42506543
esp,Spain,2004,43.5922,80.3,1.31,43234566
esp,Spain,2005,44.712,80.4,1.33,43958885
esp,Spain,2006,45.1243,80.9,1.36,44695448
esp,Spain,2007,53.7943,81,1.38,45516507
esp,Spain,2008,54.7007,81.3,1.45,46235054
esp,Spain,2009,54.6357,81.6,1.38,46635180
esp,Spain,2010,51.6658,82,1.37,46840471
esp,Spain,2011,49.7335,82.2,1.34,46998043
esp,Spain,2012,47.3823,82.2,1.32,47018323
esp,Spain,2013,46.0862,82.6,1.27,46860389
esp,Spain,2014,46.322,82.8,1.32,46720188
esp,Spain,2015,47.6552,82.6,1.33,46683686
esp,Spain,2016,49.3958,82.9,1.33,46732771
esp,Spain,2017,49.9306,83,1.31,46868596
esp,Spain,2018,50.211,83.1,1.26,47092821
esp,Spain,2019,52.4673,83.3,1.23,47435119
esp,Spain,2020,52.6164,82.1,1.18,47679489
esp,Spain,2021,54.0578,82.9,1.18,47735664
esp,Spain,2022,54.0465,82.4,1.16,47828382
esp,Spain,2023,54.8478,83.2,1.12,47911579
esp,Spain,2024,56.0433,83.3,1.1,47910526
est,Estonia,1960,9.9148,69.2,1.98,1220453
est,Estonia,1961,10.2973,69.5,1.98,1235168
est,Estonia,1962,10.4002,69.8,1.95,1249624
est,Estonia,1963,10.0092,70.1,1.89,1263756
est,Estonia,1964,11.145,70.3,1.94,1278340
est,Estonia,1965,11.6289,70.5,1.88,1292804
est,Estonia,1966,12.0503,70.6,1.87,1306438
est,Estonia,1967,12.4433,70.5,1.9,1320053
est,Estonia,1968,13.0365,70.4,2.03,1334299
est,Estonia,1969,13.0869,70.2,2.13,1348702
est,Estonia,1970,13.9548,70.2,2.17,1361866
est,Estonia,1971,14.1743,70.3,2.19,1374514
est,Estonia,1972,14.1018,70.4,2.13,1387212
est,Estonia,1973,15.1314,70.4,2.06,1399341
est,Estonia,1974,15.3591,70.3,2.07,1411547
est,Estonia,1975,15.5898,70.1,2.04,1423504
est,Estonia,1976,15.8235,69.9,2.07,1434871
est,Estonia,1977,16.0603,69.7,2.06,1446564
est,Estonia,1978,16.3,69.6,2.02,1458224
est,Estonia,1979,16.5441,69.5,2,1468023
est,Estonia,1980,16.7897,69.5,2.02,1476463
est,Estonia,1981,17.2313,69.6,2.07,1485339
est,Estonia,1982,17.6872,69.7,2.07,1494909
est,Estonia,1983,18.1241,69.7,2.16,1505237
est,Estonia,1984,18.4096,69.9,2.17,1515610
est,Estonia,1985,18.2328,70,2.13,1525280
est,Estonia,1986,18.545,70.3,2.18,1535593
est,Estonia,1987,18.5341,70.4,2.27,1547255
est,Estonia,1988,19.323,70.4,2.27,1559097
est,Estonia,1989,20.4953,70.3,2.22,1567588
est,Estonia,1990,18.7766,70,2.05,1570303
est,Estonia,1991,17.1403,69.6,1.8,1565383
est,Estonia,1992,13.9825,69.1,1.71,1540212
est,Estonia,1993,13.3344,68.7,1.49,1504342
est,Estonia,1994,12.0905,67.9,1.42,1475714
est,Estonia,1995,10.9626,68.7,1.38,1452777
est,Estonia,1996,11.9228,69.3,1.37,1434651
est,Estonia,1997,12.9672,69.8,1.32,1421496
est,Estonia,1998,14.1031,70.2,1.28,1411203
est,Estonia,1999,13.5124,70.5,1.3,1403578
est,Estonia,2000,12.9465,70.9,1.36,1396997
est,Estonia,2001,12.5698,71.2,1.32,1388171
est,Estonia,2002,12.8455,71.5,1.36,1379435
est,Estonia,2003,29.8376,71.9,1.37,1370850
est,Estonia,2004,33.2621,72.3,1.47,1362676
est,Estonia,2005,21.1735,72.7,1.52,1354848
est,Estonia,2006,24.6551,73.2,1.58,1346880
est,Estonia,2007,27.7436,73.7,1.69,1340705
est,Estonia,2008,28.6975,74.2,1.72,1337074
est,Estonia,2009,27.0194,74.9,1.7,1334528
est,Estonia,2010,25.3988,75.5,1.72,1331448
est,Estonia,2011,26.3263,76.1,1.61,1327358
est,Estonia,2012,27.8415,76.5,1.56,1322616
est,Estonia,2013,30.3237,76.9,1.52,1317919
est,Estonia,2014,32.7613,77.2,1.54,1314452
est,Estonia,2015,35.0295,77.6,1.58,1314576
est,Estonia,2016,37.2537,77.8,1.6,1315849
est,Estonia,2017,39.3884,78.1,1.59,1317425
est,Estonia,2018,41.745,78.4,1.67,1321965
est,Estonia,2019,43.9544,78.8,1.66,1326822
est,Estonia,2020,45.9222,78.5,1.58,1329669
est,Estonia,2021,52.0175,77.4,1.61,1331749
est,Estonia,2022,44.2157,77.8,1.41,1350091
est,Estonia,2023,42.208,78.7,1.31,1367196
est,Estonia,2024,42.0456,78.8,1.18,1360546
eth,Ethiopia,1960,3.056,42.9,6.514,21376693
eth,Ethiopia,1961,3.1178,43,6.533,21906102
eth,Ethiopia,1962,3.1508,43,6.561,22465126
eth,Ethiopia,1963,3.3767,43.1,6.586,23051637
eth,Ethiopia,1964,3.4203,43.1,6.612,23666548
eth,Ethiopia,1965,3.5221,43.1,6.63,24310612
eth,Ethiopia,1966,3.5657,43.3,6.661,24952689
eth,Ethiopia,1967,3.6377,43.4,6.684,25620276
eth,Ethiopia,1968,3.6364,43.5,6.7,26337930
eth,Ethiopia,1969,3.6609,43.6,6.719,27072571
eth,Ethiopia,1970,3.6392,43.6,6.782,27829128
eth,Ethiopia,1971,3.6707,43.7,6.838,28600106
eth,Ethiopia,1972,3.7331,43.8,6.895,29374608
eth,Ethiopia,1973,3.7062,43.9,6.962,30166785
eth,Ethiopia,1974,3.5968,43.1,7.018,30957273
eth,Ethiopia,1975,3.4366,43.2,7.079,31723252
eth,Ethiopia,1976,3.3894,42.9,7.129,32534418
eth,Ethiopia,1977,3.3241,43.1,7.189,33167272
eth,Ethiopia,1978,3.155,43.2,7.229,33734592
eth,Ethiopia,1979,3.3036,44.4,7.248,34238652
eth,Ethiopia,1980,3.3885,44.4,7.287,34428514
eth,Ethiopia,1981,3.4522,44.5,7.313,35304012
eth,Ethiopia,1982,3.4653,44.8,7.337,36701290
eth,Ethiopia,1983,3.6427,41.3,7.351,37740817
eth,Ethiopia,1984,3.5122,39.9,7.356,38735722
eth,Ethiopia,1985,3.1295,45.4,7.338,39842136
eth,Ethiopia,1986,3.3242,45.6,7.318,41037656
eth,Ethiopia,1987,3.6581,45.7,7.293,42460039
eth,Ethiopia,1988,3.6425,45.6,7.262,44150825
eth,Ethiopia,1989,3.6088,45,7.229,45879690
eth,Ethiopia,1990,3.6176,44.5,7.196,47609755
eth,Ethiopia,1991,3.1988,45.8,7.161,49717198
eth,Ethiopia,1992,2.7856,46.3,7.125,51853747
eth,Ethiopia,1993,2.9552,46.6,7.088,53708891
eth,Ethiopia,1994,2.969,46.9,7.051,55611508
eth,Ethiopia,1995,3.0275,47.3,6.998,57537335
eth,Ethiopia,1996,3.0146,47.9,6.928,59467635
eth,Ethiopia,1997,3.0017,48.6,6.869,61404539
eth,Ethiopia,1998,2.9889,49.3,6.792,63363524
eth,Ethiopia,1999,2.9762,49.2,6.721,65374561
eth,Ethiopia,2000,3.1534,49.7,6.654,67411494
eth,Ethiopia,2001,3.3412,51.9,6.579,69487762
eth,Ethiopia,2002,3.5401,52.9,6.499,71635517
eth,Ethiopia,2003,3.7509,53.9,6.4,73832663
eth,Ethiopia,2004,3.9742,54.9,6.301,76077206
eth,Ethiopia,2005,4.0276,55.9,6.194,78367470
eth,Ethiopia,2006,4.0817,56.9,6.047,80703490
eth,Ethiopia,2007,4.1366,58,5.887,83103217
eth,Ethiopia,2008,4.1922,58.9,5.695,85543668
eth,Ethiopia,2009,4.2485,59.8,5.488,88007636
eth,Ethiopia,2010,4.3056,60.5,5.282,90538514
eth,Ethiopia,2011,4.3926,61.2,5.08,93149970
eth,Ethiopia,2012,4.4812,61.8,4.887,95798767
eth,Ethiopia,2013,4.5717,62.3,4.708,98438751
eth,Ethiopia,2014,4.6639,62.8,4.605,101115610
eth,Ethiopia,2015,4.7581,63.2,4.529,103867135
eth,Ethiopia,2016,4.6533,63.5,4.473,106718162
eth,Ethiopia,2017,4.5509,63.9,4.401,109666481
eth,Ethiopia,2018,4.4507,64.2,4.371,112664152
eth,Ethiopia,2019,4.3528,64.5,4.347,115737383
eth,Ethiopia,2020,4.2569,63.7,4.274,118917671
eth,Ethiopia,2021,4.1632,62.1,4.177,122138588
eth,Ethiopia,2022,4.2713,64.4,4.082,125384287
eth,Ethiopia,2023,4.4359,64.7,3.989,128691692
eth,Ethiopia,2024,4.6391,64.99,3.909,132059767
fin,Finland,1960,14.9527,69,2.72,4429624
fin,Finland,1961,15.8958,69,2.72,4460995
fin,Finland,1962,16.1884,68.9,2.68,4491730
fin,Finland,1963,16.517,69.1,2.68,4523899
fin,Finland,1964,17.2005,69.3,2.59,4549087
fin,Finland,1965,17.9375,69.4,2.48,4564150
fin,Finland,1966,18.2296,69.6,2.41,4581441
fin,Finland,1967,18.4,69.7,2.32,4606650
fin,Finland,1968,18.6043,69.8,2.14,4627346
fin,Finland,1969,20.3027,69.9,1.93,4624084
fin,Finland,1970,21.8336,70.2,1.83,4606305
fin,Finland,1971,22.1484,70.4,1.68,4612127
fin,Finland,1972,23.5992,70.9,1.58,4639548
fin,Finland,1973,24.9459,71.3,1.49,4665914
fin,Finland,1974,25.4652,71.5,1.61,4690355
fin,Finland,1975,25.6,71.9,1.68,4711168
fin,Finland,1976,25.3841,72.1,1.7,4725337
fin,Finland,1977,25.255,72.6,1.68,4738584
fin,Finland,1978,25.7034,73,1.64,4752246
fin,Finland,1979,27.3124,73.4,1.64,4764439
fin,Finland,1980,28.5456,73.7,1.63,4779350
fin,Finland,1981,30.299,74,1.64,4799848
fin,Finland,1982,32.1158,74.4,1.71,4826882
fin,Finland,1983,33.5616,74.5,1.74,4855788
fin,Finland,1984,35.125,74.6,1.69,4881825
fin,Finland,1985,36.8539,74.6,1.64,4902261
fin,Finland,1986,38.1426,74.7,1.6,4918255
fin,Finland,1987,40.0739,74.8,1.59,4932257
fin,Finland,1988,41.2732,74.9,1.69,4946628
fin,Finland,1989,42.5083,75.1,1.71,4964526
fin,Finland,1990,43.7803,75.2,1.78,4986575
fin,Finland,1991,45.0905,75.5,1.79,5013880
fin,Finland,1992,44.2741,75.7,1.85,5042148
fin,Finland,1993,43.4726,76,1.81,5066590
fin,Finland,1994,42.6855,76.5,1.85,5088458
fin,Finland,1995,41.9127,76.7,1.81,5107922
fin,Finland,1996,43.1769,76.9,1.78,5124717
fin,Finland,1997,44.4793,77.2,1.75,5139925
fin,Finland,1998,45.8209,77.3,1.7,5153548
fin,Finland,1999,47.203,77.6,1.73,5165516
fin,Finland,2000,48.6267,77.9,1.73,5176202
fin,Finland,2001,49.5849,78.2,1.73,5187971
fin,Finland,2002,50.5619,78.4,1.72,5200546
fin,Finland,2003,51.5582,78.6,1.76,5212955
fin,Finland,2004,54.0469,79,1.8,5228148
fin,Finland,2005,55.8778,79.2,1.8,5246082
fin,Finland,2006,56.7459,79.4,1.84,5266247
fin,Finland,2007,58.8481,79.5,1.83,5288710
fin,Finland,2008,59.5184,79.8,1.85,5313377
fin,Finland,2009,60.6865,79.9,1.86,5338856
fin,Finland,2010,61.6015,80.1,1.87,5363350
fin,Finland,2011,61.9531,80.4,1.83,5388241
fin,Finland,2012,62.1016,80.6,1.8,5413971
fin,Finland,2013,61.8579,80.9,1.75,5439053
fin,Finland,2014,61.5379,81.1,1.71,5461684
fin,Finland,2015,62.1008,81.3,1.65,5479717
fin,Finland,2016,62.8062,81.4,1.57,5495469
fin,Finland,2017,64.1175,81.6,1.49,5508396
fin,Finland,2018,65.1261,81.7,1.41,5515736
fin,Finland,2019,66.2679,81.9,1.35,5521759
fin,Finland,2020,66.2401,81.9,1.37,5529612
fin,Finland,2021,67.6026,81.9,1.46,5541075
fin,Finland,2022,65.8458,81.2,1.32,5569299
fin,Finland,2023,64.8975,81.7,1.26,5601185
fin,Finland,2024,64.1847,81.9,1.25,5617310
fji,Fiji,1960,4.0693,62.2,6.364,404887
fji,Fiji,1961,4.0326,62.5,6.284,417406
fji,Fiji,1962,4.0214,62.8,6.198,430536
fji,Fiji,1963,4.1235,63.1,6.088,444276
fji,Fiji,1964,4.1725,63.5,5.96,458324
fji,Fiji,1965,3.9275,63.8,5.763,472575
fji,Fiji,1966,3.8263,64,5.546,486487
fji,Fiji,1967,4.2286,64.3,5.333,498873
fji,Fiji,1968,4.4636,64.5,5.113,510002
fji,Fiji,1969,4.4505,64.7,4.905,520797
fji,Fiji,1970,4.8436,64.9,4.708,531188
fji,Fiji,1971,5.0275,65.1,4.51,541121
fji,Fiji,1972,5.2822,65.3,4.316,550499
fji,Fiji,1973,5.7339,65.2,4.158,559222
fji,Fiji,1974,5.7482,65.6,4.068,567489
fji,Fiji,1975,5.7361,65.8,4.104,575906
fji,Fiji,1976,5.701,66,4.123,585534
fji,Fiji,1977,5.8618,66.1,4.108,597805
fji,Fiji,1978,5.8402,66.2,4.098,612091
fji,Fiji,1979,6.3921,66.1,4.078,626862
fji,Fiji,1980,6.1167,66.4,4.038,641975
fji,Fiji,1981,6.6527,66.6,3.991,657471
fji,Fiji,1982,6.5902,66.7,3.941,673414
fji,Fiji,1983,6.3201,66.8,3.877,689835
fji,Fiji,1984,6.9058,67,3.796,706716
fji,Fiji,1985,6.6592,67,3.663,723761
fji,Fiji,1986,7.1218,67.2,3.535,739306
fji,Fiji,1987,6.7027,67.3,3.478,750540
fji,Fiji,1988,7.0519,67.4,3.432,758697
fji,Fiji,1989,8.1182,67.3,3.398,766321
fji,Fiji,1990,8.8168,67.4,3.386,773316
fji,Fiji,1991,8.51,67.3,3.365,779656
fji,Fiji,1992,8.9565,67.3,3.331,785346
fji,Fiji,1993,9.0776,67.2,3.293,790369
fji,Fiji,1994,9.4756,67.2,3.258,794771
fji,Fiji,1995,9.6557,67.2,3.251,798746
fji,Fiji,1996,10.054,67.2,3.248,803789
fji,Fiji,1997,9.7408,67.1,3.188,812139
fji,Fiji,1998,9.7604,67.2,3.118,822258
fji,Fiji,1999,10.5135,67.1,3.051,831828
fji,Fiji,2000,10.2394,67.2,2.992,840909
fji,Fiji,2001,10.3545,67.3,2.973,849596
fji,Fiji,2002,10.5979,67.3,2.968,858049
fji,Fiji,2003,10.7962,67.2,2.957,866286
fji,Fiji,2004,10.9981,67.3,2.941,874366
fji,Fiji,2005,11.2039,67.4,2.917,882379
fji,Fiji,2006,11.4135,67.4,2.905,890365
fji,Fiji,2007,11.627,67.3,2.872,897832
fji,Fiji,2008,11.8445,67.3,2.819,903399
fji,Fiji,2009,11.7875,67.2,2.76,907239
fji,Fiji,2010,11.7308,67.3,2.696,910419
fji,Fiji,2011,11.6743,67.4,2.631,912989
fji,Fiji,2012,11.6181,67.4,2.612,914918
fji,Fiji,2013,11.5622,67.5,2.604,916352
fji,Fiji,2014,10.9899,67.6,2.591,917585
fji,Fiji,2015,10.4459,67.8,2.567,918578
fji,Fiji,2016,9.9289,67.8,2.518,919166
fji,Fiji,2017,9.4374,68.1,2.461,918759
fji,Fiji,2018,8.9703,68.2,2.419,917180
fji,Fiji,2019,8.5263,68.3,2.385,914899
fji,Fiji,2020,7.073,68,2.357,914963
fji,Fiji,2021,6.715,66.3,2.332,916711
fji,Fiji,2022,8.0203,67.7,2.305,919422
fji,Fiji,2023,8.5797,67.7,2.281,924145
fji,Fiji,2024,8.8637,67.9,2.27,928784
fra,France,1960,20.417,71.1,2.85,46428134
fra,France,1961,21.1357,71.4,2.87,46893835
fra,France,1962,21.9476,71.1,2.89,47352622
fra,France,1963,22.6927,71.1,2.89,47817824
fra,France,1964,23.7682,71.8,2.87,48319087
fra,France,1965,24.5437,71.8,2.84,48772830
fra,France,1966,25.4095,72.1,2.8,49184656
fra,France,1967,26.2433,72.1,2.75,49574909
fra,France,1968,27.0202,72.1,2.69,49947251
fra,France,1969,28.4942,72,2.62,50355295
fra,France,1970,29.7345,72.7,2.55,50813075
fra,France,1971,31.1323,72.8,2.47,51293059
fra,France,1972,32.5957,72.9,2.38,51743874
fra,France,1973,34.128,73.2,2.28,52162210
fra,France,1974,35.7323,73.4,2.18,52504738
fra,France,1975,37.412,73.4,2.09,52746325
fra,France,1976,38.6407,73.6,2.01,52959113
fra,France,1977,39.9098,74.1,1.94,53197137
fra,France,1978,41.2206,74.3,1.89,53429668
fra,France,1979,42.5744,74.6,1.87,53660895
fra,France,1980,43.0396,74.7,1.85,53941061
fra,France,1981,43.5099,74.9,1.85,54255012
fra,France,1982,43.9853,75.2,1.86,54582408
fra,France,1983,44.466,75.3,1.86,54889408
fra,France,1984,44.9518,75.7,1.86,55176619
fra,France,1985,45.415,75.8,1.86,55467150
fra,France,1986,45.883,76.1,1.85,55752834
fra,France,1987,46.3558,76.6,1.83,56048364
fra,France,1988,46.8335,76.9,1.81,56361849
fra,France,1989,47.316,77.1,1.79,56685082
fra,France,1990,47.8036,77.3,1.77,56990238
fra,France,1991,48.3325,77.5,1.75,57271565
fra,France,1992,48.8674,77.7,1.74,57554870
fra,France,1993,49.4081,77.9,1.73,57801266
fra,France,1994,49.9548,78.2,1.73,57999866
fra,France,1995,50.5075,78.3,1.74,58192203
fra,France,1996,51.0664,78.5,1.75,58380641
fra,France,1997,51.4009,78.8,1.77,58568660
fra,France,1998,52.7199,78.8,1.78,58778816
fra,France,1999,54.1774,79,1.81,59084210
fra,France,2000,55.4925,79.2,1.89,59483717
fra,France,2001,56.9485,79.4,1.9,59905128
fra,France,2002,58.3673,79.5,1.88,60327248
fra,France,2003,54.1846,79.7,1.89,60741126
fra,France,2004,55.0673,80.4,1.92,61175247
fra,France,2005,54.3938,80.5,1.94,61625032
fra,France,2006,53.6594,80.9,2,62049838
fra,France,2007,65.1799,81.1,1.98,62432439
fra,France,2008,65.7533,81.1,2.01,62780190
fra,France,2009,66.3153,81.3,2,63106463
fra,France,2010,66.6015,81.5,2.03,63417363
fra,France,2011,66.9491,81.8,2.01,63733777
fra,France,2012,66.3679,81.9,2.01,64058465
fra,France,2013,65.7243,82.2,1.99,64387734
fra,France,2014,66.47,82.5,2,64692493
fra,France,2015,67.3277,82.4,1.96,64916336
fra,France,2016,67.5682,82.6,1.92,65086855
fra,France,2017,67.1849,82.8,1.89,65284776
fra,France,2018,68.2952,82.9,1.87,65519543
fra,France,2019,64.4056,83,1.86,65729459
fra,France,2020,65.7902,82.3,1.82,65905277
fra,France,2021,65.9708,82.8,1.83,66083548
fra,France,2022,66.0813,82.4,1.78,66277409
fra,France,2023,66.4829,82.6,1.66,66438822
fra,France,2024,67.0332,82.8,1.61,66548530
fsm,"Micronesia, Fed. Sts.",1960,4.2449,48.5,6.742,43061
fsm,"Micronesia, Fed. Sts.",1961,4.3163,49,6.74,44610
fsm,"Micronesia, Fed. Sts.",1962,4.3963,49.5,6.729,46218
fsm,"Micronesia, Fed. Sts.",1963,4.473,50,6.713,47744
fsm,"Micronesia, Fed. Sts.",1964,4.5493,50.4,6.737,49181
fsm,"Micronesia, Fed. Sts.",1965,4.6282,50.9,6.743,50684
fsm,"Micronesia, Fed. Sts.",1966,4.7097,51.4,6.781,52258
fsm,"Micronesia, Fed. Sts.",1967,4.7909,51.9,6.81,53846
fsm,"Micronesia, Fed. Sts.",1968,4.8746,52.4,6.84,55457
fsm,"Micronesia, Fed. Sts.",1969,4.9609,52.9,6.877,57145
fsm,"Micronesia, Fed. Sts.",1970,5.0468,53.4,6.928,58922
fsm,"Micronesia, Fed. Sts.",1971,5.0973,53.9,6.938,60636
fsm,"Micronesia, Fed. Sts.",1972,5.1244,54.3,6.961,62278
fsm,"Micronesia, Fed. Sts.",1973,6.851,54.9,6.971,63986
fsm,"Micronesia, Fed. Sts.",1974,7.8612,55.5,6.928,65749
fsm,"Micronesia, Fed. Sts.",1975,7.7667,56.1,6.879,67428
fsm,"Micronesia, Fed. Sts.",1976,7.6264,56.7,6.818,69049
fsm,"Micronesia, Fed. Sts.",1977,7.5931,57.2,6.742,70753
fsm,"Micronesia, Fed. Sts.",1978,7.7551,57.7,6.65,72754
fsm,"Micronesia, Fed. Sts.",1979,7.6386,58.1,6.545,75054
fsm,"Micronesia, Fed. Sts.",1980,6.8394,58.6,6.423,77407
fsm,"Micronesia, Fed. Sts.",1981,7.2385,59,6.291,79794
fsm,"Micronesia, Fed. Sts.",1982,6.8078,59.2,6.164,82219
fsm,"Micronesia, Fed. Sts.",1983,6.7168,59.8,6.032,84680
fsm,"Micronesia, Fed. Sts.",1984,6.2407,60.2,5.888,87176
fsm,"Micronesia, Fed. Sts.",1985,7.0647,60.6,5.749,89707
fsm,"Micronesia, Fed. Sts.",1986,7.4196,60.9,5.612,92266
fsm,"Micronesia, Fed. Sts.",1987,7.3786,61.2,5.466,94844
fsm,"Micronesia, Fed. Sts.",1988,7.6385,61.6,5.323,97097
fsm,"Micronesia, Fed. Sts.",1989,7.5047,61.9,5.183,99003
fsm,"Micronesia, Fed. Sts.",1990,7.6176,62.1,5.049,100888
fsm,"Micronesia, Fed. Sts.",1991,8.0026,62.4,4.92,102754
fsm,"Micronesia, Fed. Sts.",1992,8.1309,62.6,4.802,104806
fsm,"Micronesia, Fed. Sts.",1993,8.5838,62.9,4.678,107066
fsm,"Micronesia, Fed. Sts.",1994,8.3619,63.1,4.575,109075
fsm,"Micronesia, Fed. Sts.",1995,8.8328,63.3,4.494,110230
fsm,"Micronesia, Fed. Sts.",1996,8.4954,63.5,4.427,110710
fsm,"Micronesia, Fed. Sts.",1997,7.9431,63.6,4.355,111071
fsm,"Micronesia, Fed. Sts.",1998,8.1413,63.7,4.301,111377
fsm,"Micronesia, Fed. Sts.",1999,8.2239,63.8,4.27,111680
fsm,"Micronesia, Fed. Sts.",2000,8.5817,63.3,4.217,112044
fsm,"Micronesia, Fed. Sts.",2001,8.7258,64.1,4.084,112365
fsm,"Micronesia, Fed. Sts.",2002,8.7518,63.3,3.934,112448
fsm,"Micronesia, Fed. Sts.",2003,8.8867,64.4,3.785,112285
fsm,"Micronesia, Fed. Sts.",2004,8.6213,64.5,3.681,111925
fsm,"Micronesia, Fed. Sts.",2005,8.8192,64.7,3.595,111412
fsm,"Micronesia, Fed. Sts.",2006,8.4277,64.9,3.514,110729
fsm,"Micronesia, Fed. Sts.",2007,8.0537,65,3.439,109880
fsm,"Micronesia, Fed. Sts.",2008,7.6962,65.2,3.368,108936
fsm,"Micronesia, Fed. Sts.",2009,7.3546,65.3,3.313,107957
fsm,"Micronesia, Fed. Sts.",2010,7.0282,65.5,3.271,107540
fsm,"Micronesia, Fed. Sts.",2011,6.7162,65.7,3.223,107698
fsm,"Micronesia, Fed. Sts.",2012,6.4181,65.8,3.18,107890
fsm,"Micronesia, Fed. Sts.",2013,6.1332,65.9,3.133,108121
fsm,"Micronesia, Fed. Sts.",2014,5.9766,66,3.091,108396
fsm,"Micronesia, Fed. Sts.",2015,6.2345,66.1,3.049,108716
fsm,"Micronesia, Fed. Sts.",2016,6.244,66.3,3.001,109075
fsm,"Micronesia, Fed. Sts.",2017,6.2721,66.4,2.957,109481
fsm,"Micronesia, Fed. Sts.",2018,6.2476,66.6,2.922,109909
fsm,"Micronesia, Fed. Sts.",2019,6.4806,66.8,2.883,110282
fsm,"Micronesia, Fed. Sts.",2020,6.3358,66.3,2.852,110916
fsm,"Micronesia, Fed. Sts.",2021,6.4908,64.8,2.818,111624
fsm,"Micronesia, Fed. Sts.",2022,6.2746,66.5,2.785,112114
fsm,"Micronesia, Fed. Sts.",2023,6.276,67,2.748,112630
fsm,"Micronesia, Fed. Sts.",2024,6.2915,67.2,2.743,113160
gab,Gabon,1960,2.6208,42.4,4.422,512316
gab,Gabon,1961,2.8929,42.9,4.504,518266
gab,Gabon,1962,2.9981,43.3,4.587,524649
gab,Gabon,1963,3.1638,43.9,4.649,531452
gab,Gabon,1964,3.2842,44.2,4.713,538657
gab,Gabon,1965,3.3855,44.8,4.785,546308
gab,Gabon,1966,3.4183,45.6,4.861,554463
gab,Gabon,1967,3.6406,46.3,4.919,563108
gab,Gabon,1968,3.7022,47.1,4.984,572257
gab,Gabon,1969,4.005,47.9,5.049,583276
gab,Gabon,1970,4.2965,48.8,5.097,595846
gab,Gabon,1971,4.6595,49.6,5.163,608348
gab,Gabon,1972,5.102,50.4,5.237,620960
gab,Gabon,1973,5.476,51.2,5.287,633995
gab,Gabon,1974,7.3605,52.2,5.327,647691
gab,Gabon,1975,8.3842,53.2,5.391,662197
gab,Gabon,1976,10.9875,54.3,5.457,677628
gab,Gabon,1977,9.4353,55.2,5.516,693984
gab,Gabon,1978,7.0332,55.9,5.568,711245
gab,Gabon,1979,7.0353,56.7,5.608,729375
gab,Gabon,1980,7.1979,57.5,5.664,748389
gab,Gabon,1981,7.4384,58.2,5.726,768385
gab,Gabon,1982,7.6466,58.8,5.74,789286
gab,Gabon,1983,7.9486,59.5,5.759,811005
gab,Gabon,1984,8.4502,60.1,5.733,833501
gab,Gabon,1985,8.7078,60.7,5.713,856726
gab,Gabon,1986,8.5477,61.1,5.688,880705
gab,Gabon,1987,7.2108,61.4,5.667,905479
gab,Gabon,1988,7.7701,61.7,5.623,931020
gab,Gabon,1989,8.944,61.8,5.55,957138
gab,Gabon,1990,9.5608,62,5.459,983734
gab,Gabon,1991,10.1293,61.9,5.373,1010818
gab,Gabon,1992,9.7801,62.1,5.289,1038380
gab,Gabon,1993,10.0807,62.2,5.186,1066405
gab,Gabon,1994,10.4377,62.1,5.044,1094720
gab,Gabon,1995,10.8837,61.9,4.884,1123213
gab,Gabon,1996,11.1931,61.6,4.742,1152015
gab,Gabon,1997,11.7328,61.7,4.657,1181439
gab,Gabon,1998,12.0078,61.6,4.576,1211736
gab,Gabon,1999,10.7683,61.7,4.502,1243016
gab,Gabon,2000,10.4302,61.5,4.469,1275572
gab,Gabon,2001,10.5041,61.5,4.417,1309589
gab,Gabon,2002,10.2942,61.5,4.36,1345135
gab,Gabon,2003,10.3454,61.8,4.299,1382350
gab,Gabon,2004,10.2163,62.3,4.252,1421609
gab,Gabon,2005,10.2514,63.1,4.21,1463495
gab,Gabon,2006,10.5472,63.5,4.17,1508337
gab,Gabon,2007,10.8514,63.6,4.142,1556237
gab,Gabon,2008,11.1645,63.8,4.118,1607175
gab,Gabon,2009,11.4866,64.2,4.138,1661556
gab,Gabon,2010,11.818,64.7,4.153,1719879
gab,Gabon,2011,12.1589,65,4.151,1781985
gab,Gabon,2012,12.5097,65.4,4.086,1846889
gab,Gabon,2013,12.8706,65.6,4.019,1913059
gab,Gabon,2014,13.242,65.9,3.953,1978399
gab,Gabon,2015,13.624,65.9,3.921,2040989
gab,Gabon,2016,14.0171,65.9,3.921,2100306
gab,Gabon,2017,14.4214,66,3.913,2156900
gab,Gabon,2018,14.178,66.1,3.908,2212318
gab,Gabon,2019,14.374,66.2,3.884,2267706
gab,Gabon,2020,13.7767,65.4,3.831,2322539
gab,Gabon,2021,13.6603,65.1,3.776,2376722
gab,Gabon,2022,13.7624,66.6,3.712,2430747
gab,Gabon,2023,13.7924,67,3.647,2484789
gab,Gabon,2024,13.9549,67.2,3.592,2538952
gbr,UK,1960,20.9871,71,2.69,52538548
gbr,UK,1961,21.2875,70.8,2.78,52884948
gbr,UK,1962,21.2114,70.8,2.86,53272830
gbr,UK,1963,21.7451,70.8,2.88,53652936
gbr,UK,1964,22.6125,71.4,2.93,54009135
gbr,UK,1965,22.8729,71.4,2.86,54359020
gbr,UK,1966,23.033,71.4,2.78,54676344
gbr,UK,1967,23.2568,71.9,2.68,54973661
gbr,UK,1968,24.2128,71.7,2.6,55240645
gbr,UK,1969,24.4975,71.7,2.51,55456207
gbr,UK,1970,25.0751,71.9,2.44,55663801
gbr,UK,1971,24.957,72.2,2.41,55890372
gbr,UK,1972,25.918,72,2.2,56079239
gbr,UK,1973,28.2185,72.1,2.04,56188791
gbr,UK,1974,28.2243,72.3,1.92,56224550
gbr,UK,1975,27.1282,72.6,1.81,56220143
gbr,UK,1976,26.2141,72.7,1.74,56201138
gbr,UK,1977,25.6342,73.1,1.69,56175829
gbr,UK,1978,27.906,73.1,1.75,56175556
gbr,UK,1979,28.4308,73.2,1.86,56218763
gbr,UK,1980,29.1926,73.6,1.9,56282103
gbr,UK,1981,29.1332,73.9,1.82,56304592
gbr,UK,1982,32.0224,74,1.78,56292755
gbr,UK,1983,30.6671,74.3,1.77,56332058
gbr,UK,1984,31.5614,74.6,1.77,56451313
gbr,UK,1985,32.8124,74.6,1.79,56606414
gbr,UK,1986,35.1717,74.8,1.78,56751923
gbr,UK,1987,37.6163,75.1,1.81,56886024
gbr,UK,1988,40.1679,75.3,1.82,57026546
gbr,UK,1989,40.4861,75.4,1.79,57182136
gbr,UK,1990,42.6372,75.7,1.83,57367862
gbr,UK,1991,43.0335,75.9,1.82,57555192
gbr,UK,1992,41.5702,76.2,1.79,57719272
gbr,UK,1993,41.3747,76.2,1.76,57861037
gbr,UK,1994,45.073,76.7,1.74,58003203
gbr,UK,1995,45.1669,76.7,1.71,58154635
gbr,UK,1996,46.9416,76.9,1.73,58298565
gbr,UK,1997,48.631,77.2,1.72,58447089
gbr,UK,1998,51.2641,77.3,1.71,58626819
gbr,UK,1999,52.5007,77.5,1.68,58838657
gbr,UK,2000,57.545,77.9,1.64,59057338
gbr,UK,2001,58.2532,78.2,1.63,59288090
gbr,UK,2002,56.5551,78.3,1.63,59540763
gbr,UK,2003,57.6058,78.5,1.7,59820385
gbr,UK,2004,59.604,79,1.75,60169967
gbr,UK,2005,60.7825,79.2,1.76,60596108
gbr,UK,2006,61.8842,79.5,1.82,61051094
gbr,UK,2007,61.759,79.6,1.86,61535855
gbr,UK,2008,62.8619,79.7,1.91,62027306
gbr,UK,2009,62.3351,80.1,1.89,62506226
gbr,UK,2010,60.7209,80.4,1.92,63006483
gbr,UK,2011,59.3647,80.8,1.91,63509285
gbr,UK,2012,59.1668,80.9,1.92,63960484
gbr,UK,2013,59.5113,81,1.83,64389388
gbr,UK,2014,61.2859,81.2,1.81,64865916
gbr,UK,2015,62.2071,81.1,1.8,65382110
gbr,UK,2016,62.5621,81.2,1.79,65893358
gbr,UK,2017,62.1904,81.2,1.74,66354471
gbr,UK,2018,63.4509,81.2,1.68,66752475
gbr,UK,2019,64.3163,81.5,1.632,67110958
gbr,UK,2020,64.0006,80.4,1.571,67351861
gbr,UK,2021,64.3205,80.6,1.583,67668792
gbr,UK,2022,66.8146,81,1.56,68179315
gbr,UK,2023,66.2102,81,1.56,68682962
gbr,UK,2024,66.2292,81.1,1.551,69138192
geo,Georgia,1960,12.6891,61,2.942,4053800
geo,Georgia,1961,13.2125,61.4,2.943,4129029
geo,Georgia,1962,13.3743,61.8,2.937,4205699
geo,Georgia,1963,12.8961,62.2,2.949,4282793
geo,Georgia,1964,14.3818,62.6,2.891,4358324
geo,Georgia,1965,15.0355,63.1,2.774,4429322
geo,Georgia,1966,15.9936,63.5,2.728,4503014
geo,Georgia,1967,16.8269,63.9,2.743,4582952
geo,Georgia,1968,17.4156,64.3,2.689,4663584
geo,Georgia,1969,18.0827,64.7,2.687,4743028
geo,Georgia,1970,20.0851,65,2.695,4804055
geo,Georgia,1971,20.3912,65.1,2.707,4843145
geo,Georgia,1972,20.7795,65,2.674,4877277
geo,Georgia,1973,21.9228,64.9,2.617,4911008
geo,Georgia,1974,22.1869,65,2.565,4944635
geo,Georgia,1975,22.4541,65.3,2.552,4979409
geo,Georgia,1976,22.7246,65.6,2.51,5015921
geo,Georgia,1977,22.9983,66.1,2.441,5053551
geo,Georgia,1978,23.2753,66.5,2.417,5091796
geo,Georgia,1979,23.5556,67,2.382,5128673
geo,Georgia,1980,23.8394,67.4,2.347,5165546
geo,Georgia,1981,24.9684,67.8,2.33,5205030
geo,Georgia,1982,26.1439,68.1,2.312,5246474
geo,Georgia,1983,27.4574,68.3,2.339,5290180
geo,Georgia,1984,29.3684,68.3,2.378,5334257
geo,Georgia,1985,30.9233,68.4,2.399,5376896
geo,Georgia,1986,30.7586,68.6,2.38,5419133
geo,Georgia,1987,30.3665,68.7,2.319,5461016
geo,Georgia,1988,32.3836,68.8,2.318,5500240
geo,Georgia,1989,31.1693,69,2.322,5499641
geo,Georgia,1990,26.6343,69.2,2.306,5448868
geo,Georgia,1991,20.8136,69.3,2.208,5379510
geo,Georgia,1992,11.3836,69,2.045,5294187
geo,Georgia,1993,8.0021,68.8,1.912,5178780
geo,Georgia,1994,7.2592,70.1,1.835,5046271
geo,Georgia,1995,7.668,70.3,1.807,4925743
geo,Georgia,1996,8.7539,70.2,1.759,4812775
geo,Georgia,1997,5.9908,70,1.728,4695356
geo,Georgia,1998,6.1486,69.7,1.703,4576451
geo,Georgia,1999,5.3102,69.5,1.643,4455583
geo,Georgia,2000,5.1156,69.5,1.609,4328358
geo,Georgia,2001,4.891,69.6,1.579,4209636
geo,Georgia,2002,6.2393,69.7,1.571,4127846
geo,Georgia,2003,6.1746,70.2,1.552,4085483
geo,Georgia,2004,6.3878,70.8,1.566,4056073
geo,Georgia,2005,6.3029,71.5,1.583,4026131
geo,Georgia,2006,6.1861,72,1.617,3996591
geo,Georgia,2007,6.1008,71.9,1.697,3967590
geo,Georgia,2008,6.5937,71.1,1.832,3941195
geo,Georgia,2009,6.5359,71.6,1.993,3918941
geo,Georgia,2010,6.4966,71.7,1.973,3895925
geo,Georgia,2011,6.7334,72,1.915,3868724
geo,Georgia,2012,7.2265,72.2,1.929,3839208
geo,Georgia,2013,7.9327,72.4,1.993,3809125
geo,Georgia,2014,8.2861,72.6,2.18,3792916
geo,Georgia,2015,8.3608,72.8,2.214,3791573
geo,Georgia,2016,8.4298,73,2.228,3792057
geo,Georgia,2017,8.6899,73.3,2.136,3792859
geo,Georgia,2018,8.5118,73.7,2.093,3794877
geo,Georgia,2019,8.5192,74.2,2.021,3796722
geo,Georgia,2020,7.7513,73.2,1.976,3795678
geo,Georgia,2021,8.0622,71.3,1.98,3788451
geo,Georgia,2022,8.9417,73.5,1.82,3794784
geo,Georgia,2023,10.1869,74.7,1.81,3807492
geo,Georgia,2024,11.2737,74.9,1.802,3807670
gha,Ghana,1960,2.7327,47.7,6.89,6961215
gha,Ghana,1961,2.7385,48,6.912,7162667
gha,Ghana,1962,2.7803,48.2,6.942,7337375
gha,Ghana,1963,2.7832,48.5,6.936,7514714
gha,Ghana,1964,2.7501,48.7,6.902,7695739
gha,Ghana,1965,2.6955,49,6.88,7882606
gha,Ghana,1966,2.6078,49.2,6.862,8074521
gha,Ghana,1967,2.5661,49.4,6.893,8271913
gha,Ghana,1968,2.5144,49.6,6.892,8475729
gha,Ghana,1969,2.5384,49.8,6.954,8690383
gha,Ghana,1970,2.7371,50.1,6.952,8925813
gha,Ghana,1971,2.8307,50.3,6.946,9176264
gha,Ghana,1972,2.6593,50.7,6.916,9438187
gha,Ghana,1973,2.6749,51,6.872,9714617
gha,Ghana,1974,2.7733,51.4,6.822,10000523
gha,Ghana,1975,2.3648,51.7,6.762,10294308
gha,Ghana,1976,2.2248,52,6.703,10594913
gha,Ghana,1977,2.222,52.3,6.637,10911871
gha,Ghana,1978,2.3587,52.7,6.564,11248450
gha,Ghana,1979,2.2499,52.9,6.513,11597255
gha,Ghana,1980,2.1749,53.2,6.474,11941448
gha,Ghana,1981,2.1856,53.4,6.415,12281712
gha,Ghana,1982,2.0312,53.5,6.312,12643819
gha,Ghana,1983,1.8756,53.7,6.227,13029836
gha,Ghana,1984,2.0137,54,6.153,13370590
gha,Ghana,1985,2.1214,54.3,6.119,13661229
gha,Ghana,1986,2.2111,54.7,6.084,13965217
gha,Ghana,1987,2.327,55.1,6.022,14289108
gha,Ghana,1988,2.3897,55.5,5.922,14636568
gha,Ghana,1989,2.3324,55.8,5.818,15006813
gha,Ghana,1990,2.2765,56.2,5.737,15394648
gha,Ghana,1991,2.222,56.5,5.63,15787496
gha,Ghana,1992,2.3148,56.8,5.517,16184855
gha,Ghana,1993,2.4114,57,5.414,16589519
gha,Ghana,1994,2.5121000000000002,56.9,5.254,16993190
gha,Ghana,1995,2.6169,57.5,5.106,17399017
gha,Ghana,1996,2.7262,57.7,4.959,17810181
gha,Ghana,1997,2.84,57.8,4.884,18238958
gha,Ghana,1998,2.9585,58.1,4.829,18688036
gha,Ghana,1999,3.0163,58.4,4.822,19149864
gha,Ghana,2000,3.0753,58.6,4.827,19637087
gha,Ghana,2001,3.1354,58.9,4.768,20167069
gha,Ghana,2002,3.1966,59.3,4.687,20729388
gha,Ghana,2003,3.2591,59.8,4.597,21296705
gha,Ghana,2004,3.3228,60.3,4.504,21868298
gha,Ghana,2005,3.3877,60.6,4.496,22449438
gha,Ghana,2006,3.563,60.8,4.399,23040702
gha,Ghana,2007,3.7474,61.3,4.288,23642279
gha,Ghana,2008,3.9413,61.8,4.217,24249946
gha,Ghana,2009,4.1452,62.2,4.179,24862664
gha,Ghana,2010,4.3597,62.6,4.181,25474995
gha,Ghana,2011,4.5853,62.9,4.177,26095088
gha,Ghana,2012,4.8226,63.3,4.154,26734268
gha,Ghana,2013,4.883,63.6,4.114,27386193
gha,Ghana,2014,4.9442,63.9,4.029,28041592
gha,Ghana,2015,5.0061,63.9,3.982,28696068
gha,Ghana,2016,5.0688,64.1,3.873,29356742
gha,Ghana,2017,5.3619,64.2,3.715,30008354
gha,Ghana,2018,5.5774,64.4,3.65,30637585
gha,Ghana,2019,5.8222,64.6,3.593,31258945
gha,Ghana,2020,5.7368,64.3,3.541,31887809
gha,Ghana,2021,5.911,63.7,3.492,32518665
gha,Ghana,2022,6.0192,65,3.434,33149152
gha,Ghana,2023,6.0909,65.4,3.397,33787914
gha,Ghana,2024,6.3176,65.6,3.344,34427414
gin,Guinea,1960,1.0449,40.3,6.112,3556749
gin,Guinea,1961,1.1138,40.6,6.126,3619551
gin,Guinea,1962,1.1681,41,6.14,3684273
gin,Guinea,1963,1.1232,41.3,6.153,3750954
gin,Guinea,1964,1.134,41.6,6.166,3819722
gin,Guinea,1965,1.1942,42,6.178,3890716
gin,Guinea,1966,1.213,42.3,6.19,3964155
gin,Guinea,1967,1.2154,42.6,6.202,4040153
gin,Guinea,1968,1.2302,42.9,6.214,4118550
gin,Guinea,1969,1.2293,43.2,6.228,4198300
gin,Guinea,1970,1.1917,43.4,6.243,4277535
gin,Guinea,1971,1.2426,43.7,6.262,4355200
gin,Guinea,1972,1.2592,43.9,6.283,4431292
gin,Guinea,1973,1.2645,44.1,6.308,4506324
gin,Guinea,1974,1.3182,44.3,6.336,4580510
gin,Guinea,1975,1.3417,44.5,6.367,4653876
gin,Guinea,1976,1.4351,44.5,6.4,4727022
gin,Guinea,1977,1.374,44.7,6.434,4801128
gin,Guinea,1978,1.4519,45.1,6.44,4877854
gin,Guinea,1979,1.4197,45.4,6.45,4959283
gin,Guinea,1980,1.439,45.6,6.459,5047419
gin,Guinea,1981,1.4297,45.8,6.459,5143288
gin,Guinea,1982,1.4373,45.9,6.487,5247672
gin,Guinea,1983,1.4345,46.1,6.487,5359814
gin,Guinea,1984,1.4194,46.4,6.512,5480096
gin,Guinea,1985,1.4496,46.6,6.527,5610373
gin,Guinea,1986,1.4627,46.9,6.548,5750668
gin,Guinea,1987,1.4818,47.3,6.571,5900198
gin,Guinea,1988,1.5432,47.7,6.561,6056574
gin,Guinea,1989,1.5729,48.1,6.548,6215811
gin,Guinea,1990,1.5964,48.5,6.515,6434374
gin,Guinea,1991,1.5764,49,6.484,6697166
gin,Guinea,1992,2.4294,49.3,6.453,6914366
gin,Guinea,1993,3.7441,49.9,6.409,7128177
gin,Guinea,1994,5.7703,50.3,6.358,7345107
gin,Guinea,1995,5.5569,50.7,6.288,7553249
gin,Guinea,1996,5.3514,51.4,6.205,7770035
gin,Guinea,1997,5.1535,52,6.123,7931370
gin,Guinea,1998,4.963,52.4,6.051,8081990
gin,Guinea,1999,4.7794,53,5.985,8265123
gin,Guinea,2000,4.6027,53.5,5.918,8428832
gin,Guinea,2001,4.4325,54,5.834,8539960
gin,Guinea,2002,4.2686,54.7,5.781,8674066
gin,Guinea,2003,4.3125,55.4,5.744,8870781
gin,Guinea,2004,4.3568,56,5.733,9062726
gin,Guinea,2005,4.4016,56.6,5.727,9245844
gin,Guinea,2006,4.4469,56.9,5.704,9441171
gin,Guinea,2007,4.4926,57.4,5.664,9662281
gin,Guinea,2008,4.718,57.8,5.596,9898870
gin,Guinea,2009,4.9547,58.1,5.528,10143534
gin,Guinea,2010,5.2032,58.6,5.435,10396086
gin,Guinea,2011,5.4643,58.9,5.337,10656810
gin,Guinea,2012,5.7384,59.1,5.232,10921581
gin,Guinea,2013,5.8645,59.5,5.151,11191873
gin,Guinea,2014,5.9934,58.9,5.07,11472924
gin,Guinea,2015,6.1252,59.4,5.002,11767070
gin,Guinea,2016,6.2598,60.2,4.915,12073030
gin,Guinea,2017,6.3974,60.6,4.793,12385659
gin,Guinea,2018,6.538,61.1,4.669,12704774
gin,Guinea,2019,6.7306,61.4,4.576,13034346
gin,Guinea,2020,6.8697,61.1,4.489,13371183
gin,Guinea,2021,7.0737,61.2,4.399,13710513
gin,Guinea,2022,7.1744,62,4.303,14055137
gin,Guinea,2023,7.3878,62.5,4.217,14405468
gin,Guinea,2024,7.6218,62.71,4.131,14754785
gmb,Gambia,1960,1.7782,49.6,6.246,398060
gmb,Gambia,1961,1.8935,49.8,6.228,408930
gmb,Gambia,1962,1.8335,49.9,6.213,420163
gmb,Gambia,1963,1.7959,50,6.202,431757
gmb,Gambia,1964,1.8873,50.2,6.195,443687
gmb,Gambia,1965,2.0272,50.4,6.192,455952
gmb,Gambia,1966,2.1774,50.6,6.183,468516
gmb,Gambia,1967,2.1539,50.8,6.206,481588
gmb,Gambia,1968,2.1363,51,6.221,495269
gmb,Gambia,1969,2.2256,51.2,6.246,509440
gmb,Gambia,1970,2.0588,51.5,6.257,524105
gmb,Gambia,1971,1.9976,51.8,6.33,539388
gmb,Gambia,1972,1.9428,52.1,6.366,555370
gmb,Gambia,1973,2.0601,52.4,6.405,571991
gmb,Gambia,1974,2.1208,52.8,6.415,589085
gmb,Gambia,1975,2.1866,53.2,6.428,606821
gmb,Gambia,1976,2.0958,53.6,6.434,625667
gmb,Gambia,1977,2.0657,54.1,6.433,645770
gmb,Gambia,1978,2.1047,54,6.421,667103
gmb,Gambia,1979,1.9768,55.1,6.411,689781
gmb,Gambia,1980,1.9235,55.6,6.414,713913
gmb,Gambia,1981,1.9573,54.2,6.399,739125
gmb,Gambia,1982,2.2535,56.8,6.396,765753
gmb,Gambia,1983,2.3763,57.5,6.393,794525
gmb,Gambia,1984,2.2503,58.1,6.385,825631
gmb,Gambia,1985,2.2886,58.7,6.357,858874
gmb,Gambia,1986,2.284,59.2,6.344,894019
gmb,Gambia,1987,2.3011,59.7,6.3,931091
gmb,Gambia,1988,2.3329,60.1,6.258,970160
gmb,Gambia,1989,2.4038,60.5,6.254,1011357
gmb,Gambia,1990,2.5018,60.8,6.246,1054696
gmb,Gambia,1991,2.4891,61,6.191,1099959
gmb,Gambia,1992,2.4877,60.8,6.111,1145582
gmb,Gambia,1993,2.4844,61.5,6.034,1188365
gmb,Gambia,1994,2.4213,61.9,6.035,1227226
gmb,Gambia,1995,2.3823,61.4,5.994,1264313
gmb,Gambia,1996,2.3876,62.2,5.925,1301410
gmb,Gambia,1997,2.4267,62.1,5.851,1338889
gmb,Gambia,1998,2.4573,62.3,5.818,1376987
gmb,Gambia,1999,2.7358,62,5.772,1415779
gmb,Gambia,2000,3.046,62.8,5.716,1455084
gmb,Gambia,2001,3.3913,63.5,5.67,1495011
gmb,Gambia,2002,3.7758,63.7,5.656,1535691
gmb,Gambia,2003,4.2038,63.8,5.656,1577611
gmb,Gambia,2004,4.3821,63.5,5.683,1621312
gmb,Gambia,2005,4.568,63.5,5.708,1667037
gmb,Gambia,2006,4.7618,64,5.736,1715275
gmb,Gambia,2007,4.9638,64.2,5.685,1765774
gmb,Gambia,2008,5.1744,64.9,5.625,1817852
gmb,Gambia,2009,5.3938,65.1,5.574,1871422
gmb,Gambia,2010,5.6226,65.8,5.558,1926630
gmb,Gambia,2011,5.7855,67.2,5.542,1983784
gmb,Gambia,2012,5.9531,67.5,5.519,2043094
gmb,Gambia,2013,6.1255,67.5,5.392,2103820
gmb,Gambia,2014,6.303,66.8,5.197,2164528
gmb,Gambia,2015,6.4856,67.2,5.003,2224529
gmb,Gambia,2016,6.4817,66.9,4.809,2283769
gmb,Gambia,2017,6.4778,66.4,4.614,2342189
gmb,Gambia,2018,6.4739,66.8,4.42,2399632
gmb,Gambia,2019,6.47,66.6,4.33,2456844
gmb,Gambia,2020,6.4661,64.4,4.248,2515733
gmb,Gambia,2021,6.6467,63.7,4.165,2576010
gmb,Gambia,2022,6.851,66.4,4.078,2636470
gmb,Gambia,2023,7.0163,67.3,4.006,2697845
gmb,Gambia,2024,7.2525,67.5,3.907,2759988
gnb,Guinea-Bissau,1960,3.0192,41.7,5.921,577633
gnb,Guinea-Bissau,1961,3.1908,42.1,5.931,582532
gnb,Guinea-Bissau,1962,3.28,42.6,5.941,589474
gnb,Guinea-Bissau,1963,3.5243,39.5,5.951,594418
gnb,Guinea-Bissau,1964,3.7962,40,5.961,588543
gnb,Guinea-Bissau,1965,3.9959,40.4,5.971,575005
gnb,Guinea-Bissau,1966,3.8902,40.9,5.982,566908
gnb,Guinea-Bissau,1967,4.1743,41.3,5.994,569011
gnb,Guinea-Bissau,1968,4.2612,41.7,6.008,578170
gnb,Guinea-Bissau,1969,4.4285,42.2,6.024,581610
gnb,Guinea-Bissau,1970,4.0423,42.6,6.041,584403
gnb,Guinea-Bissau,1971,3.8186,42.9,6.06,586221
gnb,Guinea-Bissau,1972,3.9936,43.2,6.078,586620
gnb,Guinea-Bissau,1973,3.9544,43.4,6.098,592808
gnb,Guinea-Bissau,1974,4.0545,46.9,6.12,613338
gnb,Guinea-Bissau,1975,4.1919,47,6.15,650966
gnb,Guinea-Bissau,1976,4.2106,47.2,6.192,694191
gnb,Guinea-Bissau,1977,3.8569,47.3,6.249,741789
gnb,Guinea-Bissau,1978,4.3101,47.4,6.32,791694
gnb,Guinea-Bissau,1979,4.3362,47.6,6.401,819867
gnb,Guinea-Bissau,1980,3.5783,47.8,6.487,829303
gnb,Guinea-Bissau,1981,3.6594,47.9,6.569,842432
gnb,Guinea-Bissau,1982,3.8599,48.1,6.64,855891
gnb,Guinea-Bissau,1983,3.7318,48.4,6.694,869592
gnb,Guinea-Bissau,1984,3.934,48.7,6.727,883519
gnb,Guinea-Bissau,1985,4.0951,49,6.739,897697
gnb,Guinea-Bissau,1986,4.0215,49.3,6.734,912126
gnb,Guinea-Bissau,1987,4.232,49.6,6.717,926862
gnb,Guinea-Bissau,1988,4.3957,50,6.693,942061
gnb,Guinea-Bissau,1989,4.5737,50.3,6.663,957789
gnb,Guinea-Bissau,1990,4.7967,50.7,6.501,973669
gnb,Guinea-Bissau,1991,4.9202,51.1,6.474,994639
gnb,Guinea-Bissau,1992,4.4358,51.4,6.435,1024356
gnb,Guinea-Bissau,1993,3.9991,51.7,6.369,1058745
gnb,Guinea-Bissau,1994,3.8546,51.6,6.299,1092031
gnb,Guinea-Bissau,1995,3.7154,52.3,6.223,1119949
gnb,Guinea-Bissau,1996,3.5812,50.4,6.141,1143535
gnb,Guinea-Bissau,1997,3.4519,51.1,6.06,1165545
gnb,Guinea-Bissau,1998,3.3272,51.7,5.97,1187473
gnb,Guinea-Bissau,1999,3.2071,51.9,5.871,1210206
gnb,Guinea-Bissau,2000,3.0912,53.6,5.786,1234741
gnb,Guinea-Bissau,2001,2.9796,53.9,5.688,1261273
gnb,Guinea-Bissau,2002,2.872,54.1,5.634,1289307
gnb,Guinea-Bissau,2003,2.8724,54.3,5.577,1318806
gnb,Guinea-Bissau,2004,2.8728,54.5,5.5,1349563
gnb,Guinea-Bissau,2005,2.8732,53.9,5.46,1381585
gnb,Guinea-Bissau,2006,2.8736,55.2,5.406,1415303
gnb,Guinea-Bissau,2007,2.874,56,5.365,1450986
gnb,Guinea-Bissau,2008,2.8744,56.3,5.266,1488054
gnb,Guinea-Bissau,2009,2.8748,57.1,5.176,1526377
gnb,Guinea-Bissau,2010,2.8752,57.6,5.111,1566347
gnb,Guinea-Bissau,2011,3.0543,58.1,5.067,1608076
gnb,Guinea-Bissau,2012,3.2446,58.4,5.003,1651417
gnb,Guinea-Bissau,2013,3.4467,58.8,4.93,1695973
gnb,Guinea-Bissau,2014,3.6614,59,4.79,1741122
gnb,Guinea-Bissau,2015,3.8894,59.2,4.661,1786457
gnb,Guinea-Bissau,2016,4.1317,59.6,4.519,1831893
gnb,Guinea-Bissau,2017,4.389,59.8,4.347,1877072
gnb,Guinea-Bissau,2018,4.6624,60,4.241,1922168
gnb,Guinea-Bissau,2019,4.5415,60.3,4.153,1967696
gnb,Guinea-Bissau,2020,4.4237,59.3,4.075,2013255
gnb,Guinea-Bissau,2021,4.3089,59.8,3.998,2058841
gnb,Guinea-Bissau,2022,4.4487,60.6,3.911,2105529
gnb,Guinea-Bissau,2023,4.5441,61.2,3.836,2153339
gnb,Guinea-Bissau,2024,4.6589,61.39,3.757,2201352
gnq,Equatorial Guinea,1960,0.6138,36.5,5.653,269807
gnq,Equatorial Guinea,1961,0.6386,36.9,5.661,274896
gnq,Equatorial Guinea,1962,0.67,37.3,5.673,280286
gnq,Equatorial Guinea,1963,0.7254,37.9,5.69,285965
gnq,Equatorial Guinea,1964,0.7844,38.4,5.711,291942
gnq,Equatorial Guinea,1965,0.8186,38.8,5.734,298238
gnq,Equatorial Guinea,1966,0.821,39.3,5.756,304859
gnq,Equatorial Guinea,1967,0.8406,39.9,5.776,311805
gnq,Equatorial Guinea,1968,0.8358,40.4,5.791,318849
gnq,Equatorial Guinea,1969,0.8011,40.9,5.802,322517
gnq,Equatorial Guinea,1970,0.7611,41.2,5.808,320803
gnq,Equatorial Guinea,1971,0.7769,41.6,5.808,315940
gnq,Equatorial Guinea,1972,0.7836,41.9,5.805,309468
gnq,Equatorial Guinea,1973,0.8508,42.3,5.8,302281
gnq,Equatorial Guinea,1974,0.9158,42.7,5.795,294953
gnq,Equatorial Guinea,1975,1.0552,43.2,5.791,287901
gnq,Equatorial Guinea,1976,1.1102,43.8,5.791,281031
gnq,Equatorial Guinea,1977,1.173,44.3,5.795,276779
gnq,Equatorial Guinea,1978,1.0904,44.8,5.804,276531
gnq,Equatorial Guinea,1979,0.9516,42.3,5.817,279846
gnq,Equatorial Guinea,1980,0.9013,45.4,5.835,288644
gnq,Equatorial Guinea,1981,0.9307,45.7,5.856,303252
gnq,Equatorial Guinea,1982,0.9088,46.1,5.88,322216
gnq,Equatorial Guinea,1983,0.8979,46.5,5.903,343421
gnq,Equatorial Guinea,1984,0.8553,46.9,5.926,364899
gnq,Equatorial Guinea,1985,0.921,47.4,5.946,385547
gnq,Equatorial Guinea,1986,0.8614,47.8,5.962,404728
gnq,Equatorial Guinea,1987,0.8696,48,5.974,422522
gnq,Equatorial Guinea,1988,0.8728,48.5,5.982,439651
gnq,Equatorial Guinea,1989,0.8469,48.8,5.986,456808
gnq,Equatorial Guinea,1990,0.8521,49,5.987,474274
gnq,Equatorial Guinea,1991,0.8065,49.3,5.985,492217
gnq,Equatorial Guinea,1992,0.9896,49.7,5.984,510770
gnq,Equatorial Guinea,1993,1.0447,50,5.981,530023
gnq,Equatorial Guinea,1994,1.1454,50.3,5.978,550138
gnq,Equatorial Guinea,1995,1.2697,50.6,5.971,571264
gnq,Equatorial Guinea,1996,1.9328,51,5.96,593492
gnq,Equatorial Guinea,1997,4.4105,52.2,5.941,616893
gnq,Equatorial Guinea,1998,5.1865,53,5.914,641474
gnq,Equatorial Guinea,1999,6.2266,53.7,5.878,667214
gnq,Equatorial Guinea,2000,6.9289,54.3,5.834,703279
gnq,Equatorial Guinea,2001,10.6514,55.2,5.785,749836
gnq,Equatorial Guinea,2002,11.9412,56,5.731,797957
gnq,Equatorial Guinea,2003,12.7601,56.6,5.675,847862
gnq,Equatorial Guinea,2004,16.3668,57.1,5.618,899917
gnq,Equatorial Guinea,2005,17.9797,57.4,5.559,947367
gnq,Equatorial Guinea,2006,18.4137,58.3,5.498,990343
gnq,Equatorial Guinea,2007,20.1907,59,5.433,1036044
gnq,Equatorial Guinea,2008,22.5943,59.3,5.363,1084530
gnq,Equatorial Guinea,2009,21.7302,59.3,5.288,1135673
gnq,Equatorial Guinea,2010,18.771,59.4,5.209,1189085
gnq,Equatorial Guinea,2011,19.1462,59.9,5.126,1241835
gnq,Equatorial Guinea,2012,19.9098,60.8,5.04,1293483
gnq,Equatorial Guinea,2013,18.3392,61.4,4.952,1346218
gnq,Equatorial Guinea,2014,17.7101,61.8,4.863,1399828
gnq,Equatorial Guinea,2015,15.4978,61.8,4.774,1453923
gnq,Equatorial Guinea,2016,13.623,61.7,4.686,1508186
gnq,Equatorial Guinea,2017,12.405,61.9,4.599,1562396
gnq,Equatorial Guinea,2018,11.2426,62.1,4.513,1616422
gnq,Equatorial Guinea,2019,10.2843,62.1,4.429,1670177
gnq,Equatorial Guinea,2020,9.5275,60.1,4.346,1716468
gnq,Equatorial Guinea,2021,9.3783,59.9,4.266,1758786
gnq,Equatorial Guinea,2022,9.4403,61.1,4.17,1803545
gnq,Equatorial Guinea,2023,8.7465,61.3,4.081,1847549
gnq,Equatorial Guinea,2024,8.6161,61.49,4.116,1892516
grc,Greece,1960,7.4298,72.3,2.23,8384492
grc,Greece,1961,8.0932,72.2,2.13,8447002
grc,Greece,1962,8.2484,72.1,2.16,8473376
grc,Greece,1963,9.0824,72.2,2.14,8488375
grc,Greece,1964,9.8138,72.3,2.24,8504002
grc,Greece,1965,10.7171,72.7,2.25,8521363
grc,Greece,1966,11.2888,73,2.32,8579992
grc,Greece,1967,11.7617,72.9,2.45,8655156
grc,Greece,1968,12.52,73,2.42,8717917
grc,Greece,1969,13.7787,73.3,2.36,8747073
grc,Greece,1970,14.8847,73.6,2.4,8747776
grc,Greece,1971,15.8972,73.8,2.32,8787038
grc,Greece,1972,17.5792,73.9,2.32,8849378
grc,Greece,1973,18.4817,74.1,2.27,8893400
grc,Greece,1974,17.4393,74.4,2.38,8929114
grc,Greece,1975,18.3197,74.4,2.33,9016967
grc,Greece,1976,19.2626,74.4,2.35,9160209
grc,Greece,1977,19.5674,74.6,2.27,9282021
grc,Greece,1978,20.6324,75,2.28,9389967
grc,Greece,1979,21.0517,75.2,2.26,9526004
grc,Greece,1980,21.0404,75.2,2.23,9653414
grc,Greece,1981,21.7254,75.4,2.09,9754402
grc,Greece,1982,22.2697,75.6,2.03,9837470
grc,Greece,1983,22.5587,75.7,1.94,9911493
grc,Greece,1984,23.4957,75.9,1.83,9978782
grc,Greece,1985,24.5475,76,1.67,10037037
grc,Greece,1986,25.0584,76.2,1.6,10088763
grc,Greece,1987,25.011,76.2,1.5,10134534
grc,Greece,1988,26.708,76.6,1.5,10177006
grc,Greece,1989,28.4204,76.9,1.4,10218039
grc,Greece,1990,29.0477,77.1,1.39,10258487
grc,Greece,1991,29.7624,77.1,1.37,10306644
grc,Greece,1992,29.9066,77.2,1.36,10359895
grc,Greece,1993,29.409300000000002,77.3,1.32,10412751
grc,Greece,1994,29.9972,77.5,1.33,10466260
grc,Greece,1995,30.6289,77.6,1.28,10519235
grc,Greece,1996,31.2871,77.7,1.26,10570080
grc,Greece,1997,31.9595,77.9,1.27,10622325
grc,Greece,1998,32.6462,78,1.24,10675409
grc,Greece,1999,33.3478,78.1,1.23,10727951
grc,Greece,2000,34.0644,78.3,1.25,10782635
grc,Greece,2001,35.7336,78.7,1.25,10843164
grc,Greece,2002,37.4847,78.9,1.28,10890285
grc,Greece,2003,39.3215,79,1.29,10918471
grc,Greece,2004,41.4424,79.2,1.31,10947365
grc,Greece,2005,41.8965,79.4,1.34,10981334
grc,Greece,2006,42.2819,79.6,1.4,11016103
grc,Greece,2007,43.5116,79.5,1.41,11045737
grc,Greece,2008,44.2106,79.9,1.5,11076872
grc,Greece,2009,44.8818,80,1.5,11108069
grc,Greece,2010,38.9108,80.3,1.48,11124670
grc,Greece,2011,32.2875,80.3,1.4,11108844
grc,Greece,2012,28.0277,80.3,1.34,11048298
grc,Greece,2013,26.7689,80.7,1.29,10967540
grc,Greece,2014,26.6756,80.9,1.3,10893166
grc,Greece,2015,27.111,80.8,1.33,10820903
grc,Greece,2016,27.6818,81,1.38,10775504
grc,Greece,2017,28.0972,81.1,1.35,10753533
grc,Greece,2018,29.0707,81.4,1.35,10730844
grc,Greece,2019,30.9059,81.6,1.34,10718576
grc,Greece,2020,31.2614,81.2,1.39,10699369
grc,Greece,2021,33.3485,80.2,1.43,10579561
grc,Greece,2022,33.1091,80.3,1.32,10412480
grc,Greece,2023,33.9832,81,1.26,10242908
grc,Greece,2024,34.8113,81.1,1.24,10047817
grd,Grenada,1960,2.8396,60.9,6.743,94058
grd,Grenada,1961,2.8854,61.7,6.627,95335
grd,Grenada,1962,2.9307,62.5,6.442,96375
grd,Grenada,1963,2.9755,63.1,6.196,97195
grd,Grenada,1964,3.0228,63.8,5.906,97760
grd,Grenada,1965,3.0695,64.4,5.597,98067
grd,Grenada,1966,3.1185,64.9,5.3,98121
grd,Grenada,1967,3.1671,65.3,5.04,98066
grd,Grenada,1968,3.215,65.7,4.835,98078
grd,Grenada,1969,3.2653,66.1,4.69,98204
grd,Grenada,1970,3.3165,66.4,4.46,98414
grd,Grenada,1971,3.5455,66.7,4.307,98648
grd,Grenada,1972,3.808,67.1,4.175,98777
grd,Grenada,1973,4.1381,67.4,4.046,98709
grd,Grenada,1974,4.4098,67.7,3.92,98486
grd,Grenada,1975,4.5599,68,3.754,98126
grd,Grenada,1976,5.0078,68.2,3.597,97632
grd,Grenada,1977,5.3469,68.4,3.457,97017
grd,Grenada,1978,5.6848,68.6,3.351,96305
grd,Grenada,1979,6.0361,68.8,3.344,95490
grd,Grenada,1980,5.9555,68.7,3.298,94538
grd,Grenada,1981,6.2158,69,2.989,94052
grd,Grenada,1982,6.528,69.1,3.154,94383
grd,Grenada,1983,6.6722,65,3.306,94948
grd,Grenada,1984,6.9243,69.3,3.224,95498
grd,Grenada,1985,7.4184,69.5,3.478,96111
grd,Grenada,1986,8.0626,69.6,3.584,96790
grd,Grenada,1987,9.0525,69.8,3.581,97526
grd,Grenada,1988,9.6704,70,3.193,98308
grd,Grenada,1989,10.4947,70.3,3.233,99121
grd,Grenada,1990,11.3213,70.6,3.058,99957
grd,Grenada,1991,11.3912,70.9,3.106,100793
grd,Grenada,1992,11.1915,71.1,2.97,101602
grd,Grenada,1993,10.8659,71.5,2.805,102382
grd,Grenada,1994,10.9454,71.8,2.794,103138
grd,Grenada,1995,11.0807,72,2.822,103869
grd,Grenada,1996,11.4796,72.2,2.848,104584
grd,Grenada,1997,11.9628,72.3,2.803,105293
grd,Grenada,1998,13.268,72.5,2.494,106009
grd,Grenada,1999,14.0769,72.8,2.392,106727
grd,Grenada,2000,14.653,73.1,2.441,107451
grd,Grenada,2001,14.2684,73.2,2.421,107987
grd,Grenada,2002,14.683,73.4,2.378,108404
grd,Grenada,2003,15.9821,73.6,2.332,108884
grd,Grenada,2004,15.795,73.3,2.285,109323
grd,Grenada,2005,17.802,74,2.242,109734
grd,Grenada,2006,17.0067,74.4,2.195,110135
grd,Grenada,2007,17.9613,74.8,2.154,110522
grd,Grenada,2008,18.046,74.8,2.116,110896
grd,Grenada,2009,16.775,75,2.078,111254
grd,Grenada,2010,16.6166,75.1,2.038,111586
grd,Grenada,2011,16.67,75.3,2.006,112079
grd,Grenada,2012,16.3758,75.4,1.967,112775
grd,Grenada,2013,16.6557,75.4,1.913,113487
grd,Grenada,2014,17.7775,75.4,1.799,114132
grd,Grenada,2015,18.8335,75.5,1.715,114676
grd,Grenada,2016,19.4608,75.5,1.616,115130
grd,Grenada,2017,20.2704,75.6,1.438,115438
grd,Grenada,2018,21.1082,75.4,1.53,115691
grd,Grenada,2019,21.1978,75.3,1.542,115981
grd,Grenada,2020,18.2252,74.6,1.532,116341
grd,Grenada,2021,19.0227,72.2,1.517,116688
grd,Grenada,2022,20.376,74.3,1.502,116913
grd,Grenada,2023,21.299,75.2,1.487,117081
grd,Grenada,2024,22.0618,75.4,1.472,117207
gtm,Guatemala,1960,3.5651,48.4,6.999,4063655
gtm,Guatemala,1961,3.5847,49.2,6.979,4186201
gtm,Guatemala,1962,3.5789,49.3,6.934,4312044
gtm,Guatemala,1963,3.7815,49.3,6.899,4440264
gtm,Guatemala,1964,3.8156,49.5,6.871,4571109
gtm,Guatemala,1965,3.883,49.3,6.839,4704965
gtm,Guatemala,1966,3.996,49.3,6.802,4840958
gtm,Guatemala,1967,4.0567,49.2,6.755,4978862
gtm,Guatemala,1968,4.3028,48.6,6.699,5118111
gtm,Guatemala,1969,4.3919,48.3,6.646,5257081
gtm,Guatemala,1970,4.5219,49.5,6.6,5396966
gtm,Guatemala,1971,4.6334,51.1,6.546,5538355
gtm,Guatemala,1972,4.8271,52.7,6.511,5682833
gtm,Guatemala,1973,5.0022,53.9,6.487,5831631
gtm,Guatemala,1974,5.1643,54.2,6.458,5981197
gtm,Guatemala,1975,5.1109,54.2,6.41,6128731
gtm,Guatemala,1976,5.3285,48.6,6.368,6262404
gtm,Guatemala,1977,5.5773,56.8,6.319,6401515
gtm,Guatemala,1978,5.6863,57.9,6.261,6561534
gtm,Guatemala,1979,5.7835,58.4,6.216,6727797
gtm,Guatemala,1980,5.8276,58.3,6.171,6900212
gtm,Guatemala,1981,5.9957,57.5,6.121,7075648
gtm,Guatemala,1982,5.8313,56.6,6.057,7240241
gtm,Guatemala,1983,5.6474,59.2,5.976,7419642
gtm,Guatemala,1984,5.6438,59.9,5.855,7630682
gtm,Guatemala,1985,5.5664,60.5,5.729,7849693
gtm,Guatemala,1986,5.4858,61.1,5.663,8070818
gtm,Guatemala,1987,6.4193,61.8,5.639,8296485
gtm,Guatemala,1988,7.5116,62.5,5.621,8532099
gtm,Guatemala,1989,8.7898,62.6,5.559,8775546
gtm,Guatemala,1990,9.2364,62.2,5.48,9024773
gtm,Guatemala,1991,9.7058,61.9,5.377,9272584
gtm,Guatemala,1992,10.199,62.1,5.314,9522266
gtm,Guatemala,1993,10.7172,62.6,5.254,9779761
gtm,Guatemala,1994,11.2618,63.5,5.191,10043718
gtm,Guatemala,1995,11.834,65,5.105,10312996
gtm,Guatemala,1996,12.4354,65.9,5.008,10583526
gtm,Guatemala,1997,13.0673,66.4,4.906,10857754
gtm,Guatemala,1998,13.7313,66.6,4.8,11139145
gtm,Guatemala,1999,15.5019,67.1,4.687,11422965
gtm,Guatemala,2000,17.501,67.7,4.583,11697592
gtm,Guatemala,2001,17.5867,67.9,4.502,11969422
gtm,Guatemala,2002,17.673,68.6,4.371,12246915
gtm,Guatemala,2003,17.7596,69,4.25,12525842
gtm,Guatemala,2004,17.8466,69.3,4.134,12807402
gtm,Guatemala,2005,17.9341,69.3,3.974,13087629
gtm,Guatemala,2006,18.022,69.9,3.845,13367459
gtm,Guatemala,2007,17.4582,70.3,3.716,13652040
gtm,Guatemala,2008,16.9119,70.7,3.571,13935174
gtm,Guatemala,2009,16.3828,70.9,3.465,14215611
gtm,Guatemala,2010,15.8702,71.3,3.375,14500112
gtm,Guatemala,2011,15.3737,71.6,3.292,14792126
gtm,Guatemala,2012,14.8927,71.9,3.219,15089647
gtm,Guatemala,2013,14.4267,72.1,3.151,15387337
gtm,Guatemala,2014,13.9754,72.1,3.088,15681725
gtm,Guatemala,2015,13.8046,72.2,3.029,15971743
gtm,Guatemala,2016,13.636,72.4,2.973,16268760
gtm,Guatemala,2017,13.4694,72.6,2.857,16567357
gtm,Guatemala,2018,13.3048,72.8,2.743,16845685
gtm,Guatemala,2019,13.1422,73.1,2.593,17103803
gtm,Guatemala,2020,12.9817,71.2,2.47,17357325
gtm,Guatemala,2021,12.8231,68.8,2.388,17598650
gtm,Guatemala,2022,12.6664,71.8,2.343,17847877
gtm,Guatemala,2023,12.5117,73.2,2.311,18124838
gtm,Guatemala,2024,12.7702,73.3,2.287,18406359
guy,Guyana,1960,3.9061,59.5,6.331,569143
guy,Guyana,1961,3.9733,60,6.339,582568
guy,Guyana,1962,3.9099,60.5,6.333,595461
guy,Guyana,1963,3.344,60.8,6.307,608537
guy,Guyana,1964,3.6315,61.1,6.232,621764
guy,Guyana,1965,3.9203,61.5,6.135,635128
guy,Guyana,1966,4.0315,61.9,6.021,648646
guy,Guyana,1967,4.1111,62.2,5.888,662311
guy,Guyana,1968,4.0691,62.5,5.751,676160
guy,Guyana,1969,4.2756,62.7,5.581,690223
guy,Guyana,1970,4.3923,62.9,5.411,702705
guy,Guyana,1971,4.4669,62.9,5.257,712662
guy,Guyana,1972,4.3003,62.8,5.077,721617
guy,Guyana,1973,4.3232,62.6,4.866,730138
guy,Guyana,1974,4.598,62.6,4.638,738057
guy,Guyana,1975,4.9815,62.6,4.45,745393
guy,Guyana,1976,5.0382,62.6,4.28,752253
guy,Guyana,1977,4.8511,62.7,4.116,758654
guy,Guyana,1978,4.7124,60.2,3.967,764586
guy,Guyana,1979,4.5838,63.1,3.86,770062
guy,Guyana,1980,4.6341,63.4,3.77,774367
guy,Guyana,1981,4.9147,63.6,3.719,776453
guy,Guyana,1982,4.5528,63.9,3.678,776712
guy,Guyana,1983,4.2246,64.2,3.637,775891
guy,Guyana,1984,4.3166,64.1,3.541,774111
guy,Guyana,1985,4.4883,64.5,3.47,771477
guy,Guyana,1986,4.5706,64.7,3.381,768098
guy,Guyana,1987,4.7091,64.8,3.305,764120
guy,Guyana,1988,4.6215,64.9,3.228,759663
guy,Guyana,1989,4.5746,64.9,3.186,754865
guy,Guyana,1990,4.6035,64.8,3.181,749894
guy,Guyana,1991,4.9098,65.3,3.183,747861
guy,Guyana,1992,5.2937,65.5,3.188,749911
guy,Guyana,1993,5.9498,65.4,3.199,752965
guy,Guyana,1994,6.6872,65.4,3.226,755822
guy,Guyana,1995,7.516,65.5,3.238,758388
guy,Guyana,1996,8.4475,65.3,3.23,760526
guy,Guyana,1997,9.4945,65.6,3.221,762245
guy,Guyana,1998,10.6712,66,3.182,763586
guy,Guyana,1999,11.029,66.3,3.125,764483
guy,Guyana,2000,10.9223,66.4,3.057,764832
guy,Guyana,2001,11.221,66.3,2.958,764477
guy,Guyana,2002,11.4022,66.2,2.844,763652
guy,Guyana,2003,11.3794,66.4,2.75,763101
guy,Guyana,2004,11.6098,66.5,2.681,762418
guy,Guyana,2005,11.447,66.7,2.648,760914
guy,Guyana,2006,12.1093,67.1,2.659,758966
guy,Guyana,2007,13.0642,67.3,2.681,756861
guy,Guyana,2008,13.3853,67.4,2.697,754606
guy,Guyana,2009,13.9691,67.6,2.694,752094
guy,Guyana,2010,14.6612,67.8,2.684,749256
guy,Guyana,2011,15.4872,67.8,2.694,746153
guy,Guyana,2012,16.3014,67.9,2.701,746288
guy,Guyana,2013,16.8129,68.2,2.711,750021
guy,Guyana,2014,17.001,68.3,2.695,754229
guy,Guyana,2015,17.0152,68.6,2.667,758781
guy,Guyana,2016,17.5528,69,2.634,763548
guy,Guyana,2017,18.0915,69.5,2.593,768479
guy,Guyana,2018,18.344,69.9,2.553,791556
guy,Guyana,2019,18.9405,70.2,2.521,807665
guy,Guyana,2020,27.1819,69.6,2.491,807481
guy,Guyana,2021,32.3144,66.8,2.462,815482
guy,Guyana,2022,52.3853,68.3,2.437,821637
guy,Guyana,2023,69.6889,69,2.412,826353
guy,Guyana,2024,99.3453,69.1,2.395,831087
hnd,Honduras,1960,3.489,49.5,7.458,2062060
hnd,Honduras,1961,3.4428,50.1,7.448,2121242
hnd,Honduras,1962,3.4852,51.2,7.443,2182064
hnd,Honduras,1963,3.43,52,7.441,2244878
hnd,Honduras,1964,3.4585,52.8,7.443,2309855
hnd,Honduras,1965,3.648,53.5,7.442,2377157
hnd,Honduras,1966,3.6947,54.3,7.41,2446751
hnd,Honduras,1967,3.7308,55.1,7.359,2518648
hnd,Honduras,1968,3.815,55.8,7.295,2593057
hnd,Honduras,1969,3.6929,55.9,7.228,2670289
hnd,Honduras,1970,3.6586,57.2,7.172,2750715
hnd,Honduras,1971,3.6703,57.9,7.113,2834616
hnd,Honduras,1972,3.7366,58.6,7.058,2922064
hnd,Honduras,1973,3.8819,57.4,6.985,3011459
hnd,Honduras,1974,3.9778,54.8,6.913,3099836
hnd,Honduras,1975,3.9136,60.7,6.866,3193234
hnd,Honduras,1976,4.1647,61.4,6.814,3294457
hnd,Honduras,1977,4.4267,62.2,6.732,3398655
hnd,Honduras,1978,4.684,63,6.634,3505463
hnd,Honduras,1979,4.7185,63.8,6.531,3614981
hnd,Honduras,1980,4.5691,64.7,6.418,3727173
hnd,Honduras,1981,4.6399,65.5,6.301,3841778
hnd,Honduras,1982,4.552,66.2,6.179,3958728
hnd,Honduras,1983,4.5074,67.1,6.059,4078174
hnd,Honduras,1984,4.698,67.9,5.935,4199850
hnd,Honduras,1985,4.8665,68.6,5.816,4323342
hnd,Honduras,1986,4.9486,69.1,5.7,4448899
hnd,Honduras,1987,5.1894,69.6,5.581,4576910
hnd,Honduras,1988,5.2925,70,5.468,4707677
hnd,Honduras,1989,5.4519,70.2,5.354,4841838
hnd,Honduras,1990,5.1454,70.5,5.271,4980488
hnd,Honduras,1991,5.9133,70.8,5.191,5123792
hnd,Honduras,1992,6.5688,71,5.113,5271431
hnd,Honduras,1993,7.8631,70.9,5.028,5423249
hnd,Honduras,1994,7.9535,71.2,4.935,5579242
hnd,Honduras,1995,7.7928,71.3,4.835,5739637
hnd,Honduras,1996,7.182,71.4,4.713,5903954
hnd,Honduras,1997,8.6754,71.6,4.59,6071454
hnd,Honduras,1998,9.0037,65.7,4.473,6234431
hnd,Honduras,1999,8.3548,72,4.366,6400463
hnd,Honduras,2000,9.5616,72.2,4.289,6577773
hnd,Honduras,2001,10.9426,72.4,4.153,6757993
hnd,Honduras,2002,9.5897,72.6,4,6938859
hnd,Honduras,2003,9.0293,72.8,3.844,7119213
hnd,Honduras,2004,9.3337,73,3.71,7298994
hnd,Honduras,2005,10.184,73.3,3.577,7478355
hnd,Honduras,2006,11.1049,73.5,3.449,7656832
hnd,Honduras,2007,12.0264,73.8,3.351,7834798
hnd,Honduras,2008,12.4172,73.9,3.26,8012587
hnd,Honduras,2009,12.2028,74.1,3.173,8189899
hnd,Honduras,2010,12.1056,74.1,3.078,8365878
hnd,Honduras,2011,11.6393,74.1,2.998,8540583
hnd,Honduras,2012,10.4077,72.4,2.927,8715076
hnd,Honduras,2013,10.3907,72.8,2.855,8889278
hnd,Honduras,2014,10.6187,73,2.793,9063122
hnd,Honduras,2015,10.5275,72.9,2.746,9237305
hnd,Honduras,2016,11.0578,74.8,2.704,9412380
hnd,Honduras,2017,10.8903,75,2.663,9588137
hnd,Honduras,2018,10.8649,75,2.645,9765210
hnd,Honduras,2019,10.9624,75.2,2.611,9943633
hnd,Honduras,2020,10.9607,72.6,2.577,10119640
hnd,Honduras,2021,10.959,70.8,2.548,10289877
hnd,Honduras,2022,10.9574,75.5,2.522,10463872
hnd,Honduras,2023,10.9557,76.1,2.5,10644851
hnd,Honduras,2024,11.1555,76.2,2.476,10825703
hrv,Croatia,1960,8.1217,64.6,2.239,4200264
hrv,Croatia,1961,8.6993,65.3,2.219,4223427
hrv,Croatia,1962,8.9068,66,2.192,4255014
hrv,Croatia,1963,9.8384,66.6,2.145,4287266
hrv,Croatia,1964,10.7486,67.1,2.142,4317757
hrv,Croatia,1965,11.0408,67.5,2.224,4346706
hrv,Croatia,1966,11.8173,68,2.227,4374301
hrv,Croatia,1967,12.1956,68.3,2.102,4400269
hrv,Croatia,1968,12.7213,68.5,2.027,4423828
hrv,Croatia,1969,13.6796,68.7,1.951,4444447
hrv,Croatia,1970,14.6459,68.8,1.882,4462673
hrv,Croatia,1971,15.8237,69,1.974,4480162
hrv,Croatia,1972,16.2586,69.4,2.007,4497891
hrv,Croatia,1973,16.9021,69.8,2.013,4515758
hrv,Croatia,1974,18.3664,70.2,1.983,4533953
hrv,Croatia,1975,18.9026,70.5,1.951,4552730
hrv,Croatia,1976,19.699,70.7,1.936,4571750
hrv,Croatia,1977,21.3644,71,1.947,4590623
hrv,Croatia,1978,22.9815,71.1,1.955,4609020
hrv,Croatia,1979,24.3494,71.2,1.947,4626959
hrv,Croatia,1980,24.8026,71.1,1.931,4643896
hrv,Croatia,1981,24.8907,71.1,1.926,4664258
hrv,Croatia,1982,24.8945,71,1.9,4689156
hrv,Croatia,1983,24.5031,71,1.88,4712884
hrv,Croatia,1984,25.0768,71.1,1.87,4734488
hrv,Croatia,1985,25.1193,71.2,1.82,4754555
hrv,Croatia,1986,25.854,71.5,1.76,4773051
hrv,Croatia,1987,25.8687,71.7,1.64,4790209
hrv,Croatia,1988,25.7003,72,1.79,4806032
hrv,Croatia,1989,27.0615,72.3,1.63,4820733
hrv,Croatia,1990,28.4948,72.5,1.63,4835065
hrv,Croatia,1991,30.0039,71.1,1.53,4825157
hrv,Croatia,1992,31.5931,72,1.48,4782233
hrv,Croatia,1993,33.2664,73,1.52,4729743
hrv,Croatia,1994,35.0283,73.4,1.47,4675514
hrv,Croatia,1995,36.8835,72.8,1.58,4619360
hrv,Croatia,1996,38.837,73.6,1.67,4562299
hrv,Croatia,1997,40.8939,73.7,1.69,4504621
hrv,Croatia,1998,43.0598,73.9,1.45,4445667
hrv,Croatia,1999,21.6497,74.2,1.38,4385822
hrv,Croatia,2000,24.3376,74.4,1.39,4326105
hrv,Croatia,2001,22.971800000000002,74.7,1.46,4301074
hrv,Croatia,2002,26.686,74.9,1.42,4305782
hrv,Croatia,2003,31.0007,75,1.41,4306686
hrv,Croatia,2004,36.0131,75.4,1.43,4310056
hrv,Croatia,2005,35.9107,75.5,1.5,4313946
hrv,Croatia,2006,35.8086,75.8,1.47,4315800
hrv,Croatia,2007,35.7068,75.9,1.48,4315954
hrv,Croatia,2008,35.6053,76.1,1.47,4314631
hrv,Croatia,2009,61.9276,76.4,1.5,4310530
hrv,Croatia,2010,54.2083,76.6,1.46,4301145
hrv,Croatia,2011,23.9951,77,1.41,4280824
hrv,Croatia,2012,22.8093,77.3,1.52,4259236
hrv,Croatia,2013,22.4653,77.5,1.46,4242398
hrv,Croatia,2014,23.7088,77.7,1.46,4219479
hrv,Croatia,2015,24.7421,77.8,1.41,4183729
hrv,Croatia,2016,26.7265,78,1.43,4136444
hrv,Croatia,2017,28.1181,78.1,1.42,4079200
hrv,Croatia,2018,30.1943,78.3,1.47,4024868
hrv,Croatia,2019,32.0536,78.5,1.47,3986334
hrv,Croatia,2020,33.3875,77.7,1.48,3953958
hrv,Croatia,2021,35.4519,77,1.62,3924610
hrv,Croatia,2022,36.1273,77.5,1.53,3907027
hrv,Croatia,2023,37.2813,78.6,1.46,3896023
hrv,Croatia,2024,38.6374,78.8,1.46,3875325
hti,Haiti,1960,2.5206,43.2,6.178,3858443
hti,Haiti,1961,2.3845,43.6,6.179,3929030
hti,Haiti,1962,2.5544,43.9,6.175,4001575
hti,Haiti,1963,2.3819,42.6,6.173,4073068
hti,Haiti,1964,2.2919,44.5,6.164,4146244
hti,Haiti,1965,2.2736,44.8,6.129,4223820
hti,Haiti,1966,2.2303,44.9,6.093,4302639
hti,Haiti,1967,2.1443,45.3,6.051,4382999
hti,Haiti,1968,2.184,45.5,6.009,4465328
hti,Haiti,1969,2.2199,45.8,5.957,4549334
hti,Haiti,1970,2.2457,46,5.911,4635124
hti,Haiti,1971,2.3647,46.3,5.877,4723244
hti,Haiti,1972,2.3499,46.5,5.849,4813868
hti,Haiti,1973,2.4215,46.8,5.811,4906743
hti,Haiti,1974,2.5216,47.1,5.781,5001796
hti,Haiti,1975,2.5073,47.3,5.748,5099086
hti,Haiti,1976,2.6732,47.6,5.71,5198357
hti,Haiti,1977,2.6401,47.8,5.674,5299476
hti,Haiti,1978,2.7199,48.1,5.642,5402580
hti,Haiti,1979,2.8717,48.5,5.594,5507590
hti,Haiti,1980,3.027,48.8,5.557,5614493
hti,Haiti,1981,3.1209,49.2,5.533,5723725
hti,Haiti,1982,3.0888,49.6,5.526,5835937
hti,Haiti,1983,3.1024,50,5.513,5951096
hti,Haiti,1984,3.1375,50.4,5.505,6069230
hti,Haiti,1985,3.1816,50.7,5.495,6190862
hti,Haiti,1986,3.183,50.9,5.479,6316122
hti,Haiti,1987,3.1811,51.1,5.471,6445123
hti,Haiti,1988,3.2793,51.1,5.472,6578145
hti,Haiti,1989,3.2716,51.2,5.444,6714730
hti,Haiti,1990,3.3176,51.4,5.414,6854441
hti,Haiti,1991,3.3577,51.7,5.317,6995450
hti,Haiti,1992,3.1559,51.9,5.208,7136571
hti,Haiti,1993,2.9601,51.6,5.099,7278181
hti,Haiti,1994,2.5847,52.5,4.991,7419771
hti,Haiti,1995,2.8171,53.1,4.884,7562546
hti,Haiti,1996,2.9077,53.7,4.777,7707557
hti,Haiti,1997,2.9599,54,4.669,7854298
hti,Haiti,1998,2.9977,55.1,4.561,8002143
hti,Haiti,1999,3.0505,55.6,4.452,8151296
hti,Haiti,2000,3.0485,56.1,4.39,8303151
hti,Haiti,2001,3.0066,56.6,4.248,8455918
hti,Haiti,2002,3.3112,57.1,4.125,8607641
hti,Haiti,2003,3.6466,57.5,4.047,8759912
hti,Haiti,2004,4.016,56.7,3.943,8910263
hti,Haiti,2005,4.4229,58.3,3.835,9061273
hti,Haiti,2006,4.8709,58.8,3.761,9216562
hti,Haiti,2007,5.3644,59.2,3.687,9373296
hti,Haiti,2008,5.9078,59.5,3.621,9530774
hti,Haiti,2009,6.5063,60,3.565,9689581
hti,Haiti,2010,7.1655,31,3.497,9803294
hti,Haiti,2011,7.8914,59.2,3.431,9914904
hti,Haiti,2012,8.6908,60.5,3.321,10069771
hti,Haiti,2013,8.9313,60.5,3.221,10222362
hti,Haiti,2014,9.0557,60.8,3.164,10373235
hti,Haiti,2015,9.0516,61,3.11,10523242
hti,Haiti,2016,9.0876,60.9,3.054,10671457
hti,Haiti,2017,9.1898,61.3,2.985,10817754
hti,Haiti,2018,9.2198,61.5,2.924,10962362
hti,Haiti,2019,8.9444,61.6,2.862,11105163
hti,Haiti,2020,8.5421,61.6,2.804,11243848
hti,Haiti,2021,8.2921,60.9,2.748,11374586
hti,Haiti,2022,8.0612,61.4,2.699,11503606
hti,Haiti,2023,7.82,61,2.656,11637398
hti,Haiti,2024,7.4079,61.19,2.625,11772557
hun,Hungary,1960,8.9268,67.9,2.02,9983374
hun,Hungary,1961,9.2975,68.3,1.94,10026513
hun,Hungary,1962,9.6118,68.5,1.79,10058066
hun,Hungary,1963,10.0702,69,1.82,10083841
hun,Hungary,1964,10.5564,69.3,1.82,10114371
hun,Hungary,1965,10.5648,69.4,1.82,10141119
hun,Hungary,1966,11.0849,69.6,1.89,10170405
hun,Hungary,1967,11.6273,69.5,2.01,10206810
hun,Hungary,1968,11.6736,69.4,2.06,10244544
hun,Hungary,1969,11.9263,69.3,2.04,10281589
hun,Hungary,1970,11.797,69.3,1.98,10315143
hun,Hungary,1971,12.3255,69.4,1.93,10343969
hun,Hungary,1972,12.7254,69.7,1.93,10374303
hun,Hungary,1973,13.4043,69.7,1.93,10407439
hun,Hungary,1974,13.8686,69.6,2.27,10453913
hun,Hungary,1975,14.3363,69.5,2.35,10515652
hun,Hungary,1976,14.5058,69.6,2.23,10573772
hun,Hungary,1977,15.3475,69.6,2.15,10623139
hun,Hungary,1978,15.8025,69.4,2.06,10660188
hun,Hungary,1979,15.8778,69.3,2.01,10688253
hun,Hungary,1980,15.9085,69.1,1.91,10695367
hun,Hungary,1981,17.0843,69,1.88,10679329
hun,Hungary,1982,18.2868,69,1.8,10656116
hun,Hungary,1983,18.7871,68.9,1.75,10622989
hun,Hungary,1984,19.8066,68.9,1.75,10584328
hun,Hungary,1985,20.1065,69,1.85,10547265
hun,Hungary,1986,20.8439,69.1,1.84,10511098
hun,Hungary,1987,22.0293,69.5,1.82,10475105
hun,Hungary,1988,15.215,69.6,1.81,10440531
hun,Hungary,1989,10.5086,69.5,1.82,10403421
hun,Hungary,1990,14.3583,69.4,1.87,10381281
hun,Hungary,1991,19.6184,69.3,1.87,10378176
hun,Hungary,1992,17.8534,69.2,1.77,10371474
hun,Hungary,1993,16.2472,69.2,1.68,10356870
hun,Hungary,1994,17.6957,69.5,1.64,10339937
hun,Hungary,1995,16.3645,69.9,1.57,10322788
hun,Hungary,1996,15.1335,70.4,1.46,10302235
hun,Hungary,1997,13.9951,70.8,1.37,10278602
hun,Hungary,1998,12.9423,70.9,1.32,10251717
hun,Hungary,1999,29.2525,71.2,1.28,10219796
hun,Hungary,2000,13.3395,71.8,1.32,10190600
hun,Hungary,2001,15.2262,72.3,1.31,10166690
hun,Hungary,2002,15.552,72.5,1.3,10138466
hun,Hungary,2003,17.3742,72.7,1.27,10108963
hun,Hungary,2004,37.5693,72.9,1.28,10085791
hun,Hungary,2005,39.9369,73,1.31,10065706
hun,Hungary,2006,39.1337,73.3,1.34,10049943
hun,Hungary,2007,39.0549,73.6,1.32,10034082
hun,Hungary,2008,20.8814,74,1.35,10016657
hun,Hungary,2009,19.8942,74.3,1.32,10001378
hun,Hungary,2010,20.7031,74.6,1.25,9979129
hun,Hungary,2011,20.9338,75,1.23,9946676
hun,Hungary,2012,19.8127,75.3,1.34,9916623
hun,Hungary,2013,20.5017,75.7,1.36,9889346
hun,Hungary,2014,21.5467,75.9,1.45,9862842
hun,Hungary,2015,22.6131,75.9,1.46,9839211
hun,Hungary,2016,23.6025,76.1,1.55,9810532
hun,Hungary,2017,24.8158,76.1,1.56,9785604
hun,Hungary,2018,26.6111,76.3,1.57,9774394
hun,Hungary,2019,29.0016,76.4,1.58,9770346
hun,Hungary,2020,30.6962,75.7,1.61,9749457
hun,Hungary,2021,31.8155,74.3,1.63,9707850
hun,Hungary,2022,32.3689,76,1.57,9684306
hun,Hungary,2023,32.1394,76.8,1.55,9686463
hun,Hungary,2024,32.4049,77,1.41,9676135
idn,Indonesia,1960,1.0446,46.9,5.505,88296070
idn,Indonesia,1961,1.0882,47.3,5.522,90791249
idn,Indonesia,1962,1.0555,47.6,5.534,93375850
idn,Indonesia,1963,0.9858,48.2,5.551,96051424
idn,Indonesia,1964,0.9968,48.7,5.568,98833749
idn,Indonesia,1965,0.979,49.1,5.593,101365130
idn,Indonesia,1966,0.961,49.5,5.593,103792754
idn,Indonesia,1967,0.926,50,5.583,106526393
idn,Indonesia,1968,0.9779,50.5,5.568,109450006
idn,Indonesia,1969,1.0205,51.1,5.553,112517639
idn,Indonesia,1970,1.0814,51.8,5.488,115657495
idn,Indonesia,1971,1.111,52.5,5.397,118833702
idn,Indonesia,1972,1.1857,53.2,5.315,122039841
idn,Indonesia,1973,1.296,53.9,5.246,125288515
idn,Indonesia,1974,1.3308,54.6,5.089,128555045
idn,Indonesia,1975,1.3182,55.2,5.032,131843848
idn,Indonesia,1976,1.3741,55.8,4.921,135173655
idn,Indonesia,1977,1.4388,56.4,4.807,138533541
idn,Indonesia,1978,1.4796,57,4.732,141953163
idn,Indonesia,1979,1.5164,57.6,4.625,145434834
idn,Indonesia,1980,1.6045,58.3,4.495,148950540
idn,Indonesia,1981,1.7629,59,4.356,152485035
idn,Indonesia,1982,1.7742,59.7,4.247,156052152
idn,Indonesia,1983,1.8426,60.4,4.109,159651381
idn,Indonesia,1984,1.9713,61.1,3.956,163251124
idn,Indonesia,1985,1.9784,61.8,3.725,166776185
idn,Indonesia,1986,1.9856,62.5,3.53,170175065
idn,Indonesia,1987,1.9927,63.1,3.42,173511154
idn,Indonesia,1988,2.1314,63.7,3.353,176855065
idn,Indonesia,1989,2.2798,64.4,3.247,180201630
idn,Indonesia,1990,2.4385,65,3.114,183501098
idn,Indonesia,1991,2.4552,65.6,3.058,186778238
idn,Indonesia,1992,2.4721,66.1,2.95,190043744
idn,Indonesia,1993,2.4891,66.6,2.9,193305168
idn,Indonesia,1994,2.648,67.1,2.851,196591828
idn,Indonesia,1995,2.8171,67.6,2.809,199888057
idn,Indonesia,1996,2.997,68,2.782,203204348
idn,Indonesia,1997,2.5791,68.3,2.742,206536095
idn,Indonesia,1998,2.2195,68.6,2.66,209826788
idn,Indonesia,1999,3.0186,68.8,2.568,213004668
idn,Indonesia,2000,3.0098,69.1,2.503,216077790
idn,Indonesia,2001,3.1843,69.3,2.466,219097902
idn,Indonesia,2002,3.8213,69.5,2.436,222088495
idn,Indonesia,2003,3.8114,69.6,2.41,225048008
idn,Indonesia,2004,3.8367,67,2.415,227926649
idn,Indonesia,2005,4.0097,69.7,2.452,230871650
idn,Indonesia,2006,3.8103,69.7,2.457,233951652
idn,Indonesia,2007,4.2541,69.8,2.476,237062337
idn,Indonesia,2008,4.3744,69.9,2.44,240157903
idn,Indonesia,2009,4.4237,70,2.442,243220028
idn,Indonesia,2010,4.8653,70.2,2.462,246305322
idn,Indonesia,2011,5.4248,70.4,2.515,249470032
idn,Indonesia,2012,5.6947,70.7,2.514,252698525
idn,Indonesia,2013,5.9284,71,2.441,255852467
idn,Indonesia,2014,6.0605,71.2,2.393,258877399
idn,Indonesia,2015,6.2537,71.5,2.346,261799249
idn,Indonesia,2016,6.6166,71.7,2.311,264627418
idn,Indonesia,2017,7.0395,72,2.253,267346658
idn,Indonesia,2018,7.4288,72.2,2.219,269951846
idn,Indonesia,2019,7.5081,72.5,2.205,272489381
idn,Indonesia,2020,7.701,71.4,2.189,274814866
idn,Indonesia,2021,7.9582,68.6,2.166,276758053
idn,Indonesia,2022,7.9134,72.4,2.149,278830529
idn,Indonesia,2023,8.1605,72.5,2.127,281190067
idn,Indonesia,2024,8.2351,72.7,2.115,283487931
ind,India,1960,2.9299,43.4,5.921,435990338
ind,India,1961,2.9282,43.8,5.937,446564729
ind,India,1962,2.9114,44.1,5.953,457283090
ind,India,1963,2.9798,44.4,5.969,468138575
ind,India,1964,3.1089,44.7,5.979,479229598
ind,India,1965,2.9117,43.8,5.941,490140146
ind,India,1966,2.8372,44.1,5.881,500740247
ind,India,1967,2.9722,44.4,5.825,511606372
ind,India,1968,2.9826,46,5.76,522716889
ind,India,1969,3.1388,46.4,5.684,533880544
ind,India,1970,3.1514,46.9,5.624,545864268
ind,India,1971,3.0898,47.4,5.565,558096387
ind,India,1972,2.981,48.2,5.482,570482142
ind,India,1973,3.0042,49.1,5.402,583465598
ind,India,1974,2.9428,49.5,5.325,597041391
ind,India,1975,3.1068,49.5,5.195,611309535
ind,India,1976,3.0553,50,5.13,625861883
ind,India,1977,3.1832,50.6,5.007,640801103
ind,India,1978,3.2191,51.6,4.888,655728229
ind,India,1979,3.2554,53,4.808,671155747
ind,India,1980,3.2922,54.2,4.775,687354025
ind,India,1981,3.3293,55,4.698,703696250
ind,India,1982,3.3669,55.6,4.62,720313473
ind,India,1983,3.4049,55.9,4.565,737372681
ind,India,1984,3.4094,56,4.516,754875449
ind,India,1985,3.4138,56.1,4.432,772647793
ind,India,1986,3.4183,56.2,4.399,790689978
ind,India,1987,3.4228,56.5,4.311,808931270
ind,India,1988,3.4452,57.1,4.222,827342990
ind,India,1989,3.4677,57.7,4.132,846039529
ind,India,1990,3.4904,58.5,4.045,864972221
ind,India,1991,3.5132,59.1,3.959,883927600
ind,India,1992,3.5362,59.7,3.877,902957070
ind,India,1993,3.5593,60.5,3.799,922118387
ind,India,1994,3.5723,61.1,3.723,941163767
ind,India,1995,3.5853,61.4,3.651,960301044
ind,India,1996,3.5984,61.5,3.582,979678458
ind,India,1997,3.6115,61.8,3.514,999133762
ind,India,1998,3.6247,62.1,3.446,1018665080
ind,India,1999,3.6379,62.9,3.383,1038225823
ind,India,2000,3.6511,63.6,3.35,1057922733
ind,India,2001,3.6644,64.2,3.303,1077898575
ind,India,2002,3.6778,64.6,3.217,1097600380
ind,India,2003,3.6912,65.1,3.122,1116803006
ind,India,2004,3.7046,65.7,3.046,1135991513
ind,India,2005,3.7939,66.2,2.958,1154676322
ind,India,2006,3.8854,66.3,2.867,1172878890
ind,India,2007,3.979,66.3,2.775,1190676021
ind,India,2008,4.0749,66.6,2.711,1207930964
ind,India,2009,4.1731,67.1,2.674,1225524753
ind,India,2010,4.4024,67.6,2.598,1243481564
ind,India,2011,4.6442,67.9,2.532,1261224954
ind,India,2012,4.7785,68.3,2.47,1278674502
ind,India,2013,4.9168,68.7,2.399,1295829511
ind,India,2014,5.059,69.1,2.293,1312277191
ind,India,2015,5.2053,69.4,2.289,1328024498
ind,India,2016,5.3558,69.6,2.284,1343944296
ind,India,2017,5.5107,69.9,2.193,1359657400
ind,India,2018,5.6701,70.2,2.184,1374659064
ind,India,2019,5.8341,70.9,2.12,1389030312
ind,India,2020,6.0028,70.3,2.047,1402617695
ind,India,2021,6.1765,68.8,2.014,1414203896
ind,India,2022,6.3551,71.2,1.994,1425423212
ind,India,2023,6.8782,71.6,1.975,1438069596
ind,India,2024,7.2592,71.8,1.962,1450935791
irl,Ireland,1960,7.9602,70.1,3.78,2827689
irl,Ireland,1961,8.3645,70.1,3.78,2824693
irl,Ireland,1962,8.5951,70.2,3.92,2831495
irl,Ireland,1963,8.9232,70.4,4.01,2843034
irl,Ireland,1964,9.2196,70.6,4.07,2857166
irl,Ireland,1965,9.3389,70.7,4.04,2873153
irl,Ireland,1966,9.3492,70.7,3.94,2888887
irl,Ireland,1967,9.7982,71.1,3.84,2905420
irl,Ireland,1968,10.5692,71.1,3.77,2922794
irl,Ireland,1969,11.175,71,3.83,2940753
irl,Ireland,1970,11.3101,71.2,3.85,2961403
irl,Ireland,1971,11.5515,71.4,3.93,2993120
irl,Ireland,1972,12.0906,71.3,3.84,3037153
irl,Ireland,1973,12.4318,71.2,3.71,3084434
irl,Ireland,1974,12.7181,71.4,3.59,3132177
irl,Ireland,1975,13.1827,71.7,3.37,3180119
irl,Ireland,1976,13.12,71.9,3.29,3228401
irl,Ireland,1977,13.9515,72.1,3.24,3277756
irl,Ireland,1978,14.7056,72.2,3.21,3329183
irl,Ireland,1979,14.8914,72.3,3.21,3375801
irl,Ireland,1980,15.1392,72.6,3.21,3415240
irl,Ireland,1981,16.1745,72.9,3.05,3448827
irl,Ireland,1982,16.8689,73.2,2.94,3475536
irl,Ireland,1983,17.051,73.4,2.74,3497608
irl,Ireland,1984,17.939,73.6,2.58,3515954
irl,Ireland,1985,18.679,73.6,2.48,3531271
irl,Ireland,1986,18.9574,73.8,2.44,3541867
irl,Ireland,1987,20.0352,74.2,2.32,3540381
irl,Ireland,1988,21.1435,74.5,2.17,3525095
irl,Ireland,1989,22.313,74.7,2.08,3511070
irl,Ireland,1990,23.5473,74.9,2.11,3514018
irl,Ireland,1991,24.8499,75.2,2.08,3534260
irl,Ireland,1992,26.2245,75.4,1.99,3558421
irl,Ireland,1993,27.6751,75.4,1.9,3576122
irl,Ireland,1994,29.206,75.6,1.85,3590157
irl,Ireland,1995,30.1438,75.7,1.84,3610697
irl,Ireland,1996,31.5777,75.9,1.88,3638509
irl,Ireland,1997,33.3911,76.1,1.93,3672293
irl,Ireland,1998,35.3086,76.2,1.94,3711073
irl,Ireland,1999,37.3363,76.3,1.9,3752938
irl,Ireland,2000,39.4804,76.7,1.89,3802585
irl,Ireland,2001,41.4238,77.3,1.94,3862981
irl,Ireland,2002,43.4628,77.7,1.97,3928443
irl,Ireland,2003,44.5917,78.2,1.96,3992935
irl,Ireland,2004,46.3142,78.6,1.93,4066064
irl,Ireland,2005,48.6239,79,1.86,4155284
irl,Ireland,2006,51.8487,79.3,1.91,4268778
irl,Ireland,2007,51.4849,79.6,2.01,4393513
irl,Ireland,2008,47.5671,79.8,2.06,4485999
irl,Ireland,2009,46.7955,80.1,2.06,4533752
irl,Ireland,2010,44.9844,80.6,2.05,4559080
irl,Ireland,2011,43.7815,80.8,2.03,4579602
irl,Ireland,2012,44.1146,80.9,1.98,4600132
irl,Ireland,2013,44.0154,81.1,1.93,4624686
irl,Ireland,2014,46.1753,81.4,1.89,4658239
irl,Ireland,2015,47.6405,81.5,1.85,4702487
irl,Ireland,2016,50.8923,81.7,1.81,4753503
irl,Ireland,2017,54.0714,82,1.76,4810261
irl,Ireland,2018,55.3653,82.2,1.74,4872556
irl,Ireland,2019,56.8939,82.4,1.69,4933491
irl,Ireland,2020,59.4242,82.2,1.6,4982606
irl,Ireland,2021,60.643,82.3,1.72,5028426
irl,Ireland,2022,59.4563,82.2,1.51,5110016
irl,Ireland,2023,55.1655,82.5,1.5,5196630
irl,Ireland,2024,55.0852,82.7,1.47,5255017
irn,Iran,1960,6.0535,45.9,7.519,21470434
irn,Iran,1961,6.4339,46.5,7.459,22125726
irn,Iran,1962,6.5155,46.3,7.401,22807907
irn,Iran,1963,6.9853,47.4,7.317,23519005
irn,Iran,1964,7.3469,48,7.237,24262859
irn,Iran,1965,8.1161,49.2,7.222,25036978
irn,Iran,1966,8.78,50.8,7.214,25829270
irn,Iran,1967,9.5582,52.2,7.19,26628432
irn,Iran,1968,10.6894,52.7,7.119,27437391
irn,Iran,1969,11.8412,54.2,7.007,28273482
irn,Iran,1970,9.9319,55,6.798,29145100
irn,Iran,1971,10.9158,56,6.549,30029071
irn,Iran,1972,12.2625,56.7,6.257,30921179
irn,Iran,1973,12.8859,57.8,6.061,31839838
irn,Iran,1974,13.4454,58.4,5.968,32796463
irn,Iran,1975,13.3403,59,5.947,33802973
irn,Iran,1976,15.2217,59.6,6.066,34837271
irn,Iran,1977,14.4313,59.9,6.179,35933181
irn,Iran,1978,12.2218,58.4,6.344,37126535
irn,Iran,1979,10.5384,58.6,6.549,38424952
irn,Iran,1980,8.2494,57.1,6.63,39842324
irn,Iran,1981,7.9456,56.7,6.618,41989312
irn,Iran,1982,9.4881,56.8,6.586,44272141
irn,Iran,1983,10.4489,58.6,6.528,46029535
irn,Iran,1984,9.8706,60.6,6.433,47793998
irn,Iran,1985,9.8817,61.7,6.242,49582289
irn,Iran,1986,8.7037,61.6,6.011,51446045
irn,Iran,1987,8.4595,64,5.719,53323493
irn,Iran,1988,8.2221,65,5.434,55072694
irn,Iran,1989,7.9915,67.1,5.172,56704914
irn,Iran,1990,7.7672,66.4,4.934,58380092
irn,Iran,1991,8.0504,68.9,4.568,59986931
irn,Iran,1992,8.3439,69.5,4.099,61184983
irn,Iran,1993,8.6481,69.9,3.674,61403543
irn,Iran,1994,8.9633,70.4,3.244,61520598
irn,Iran,1995,9.1342,70.9,2.852,62205567
irn,Iran,1996,9.3083,71.3,2.542,62881300
irn,Iran,1997,9.4858,71.5,2.323,63639638
irn,Iran,1998,9.6666,72,2.19,64519859
irn,Iran,1999,10.2804,72.4,2.089,65445391
irn,Iran,2000,10.9331,72.7,1.999,66418659
irn,Iran,2001,11.6273,73.1,1.918,67452005
irn,Iran,2002,12.3656,73.4,1.836,68011317
irn,Iran,2003,13.1507,72.3,1.801,68769340
irn,Iran,2004,13.9857,74.3,1.78,70256316
irn,Iran,2005,14.8737,74.7,1.756,71828455
irn,Iran,2006,15.2944,75.1,1.755,73392747
irn,Iran,2007,15.1083,75.5,1.748,74602648
irn,Iran,2008,14.9245,75.8,1.743,75514204
irn,Iran,2009,14.743,76.1,1.74,76457825
irn,Iran,2010,13.4519,76.4,1.749,77420842
irn,Iran,2011,12.2739,76.6,1.792,78383598
irn,Iran,2012,12.4398,76.9,1.851,79370580
irn,Iran,2013,11.9254,77.1,1.913,80414686
irn,Iran,2014,11.5564,77.2,1.975,81502045
irn,Iran,2015,11.7931,77.2,2.017,82619362
irn,Iran,2016,11.9433,77.3,2.054,83812228
irn,Iran,2017,12.7083,77.5,2.023,85026754
irn,Iran,2018,12.2234,77.7,1.919,86117998
irn,Iran,2019,10.9882,77.9,1.766,87051648
irn,Iran,2020,10.7377,74.2,1.7,87723443
irn,Iran,2021,11.5739,74.8,1.709,88455488
irn,Iran,2022,12.0989,78.1,1.704,89524246
irn,Iran,2023,12.7826,78.8,1.695,90608707
irn,Iran,2024,13.0333,79,1.684,91567738
irq,Iraq,1960,6.4988,60,5.3,7022052
irq,Iraq,1961,7.0385,58.6,5.8,7194553
irq,Iraq,1962,7.1744,59,6.991,7413875
irq,Iraq,1963,6.8328,59.2,7.005,7667928
irq,Iraq,1964,7.4137,60.4,7.01,7929566
irq,Iraq,1965,7.8294,60.5,7.02,8202140
irq,Iraq,1966,7.9778,60.7,7.022,8485104
irq,Iraq,1967,7.5403,61.1,7.029,8778869
irq,Iraq,1968,8.5938,61.4,7.056,9085016
irq,Iraq,1969,8.5976,61.5,7.083,9403356
irq,Iraq,1970,8.2885,61.8,7.071,9735611
irq,Iraq,1971,8.5428,62.7,7.055,10077809
irq,Iraq,1972,7.9621,62.8,7.024,10430164
irq,Iraq,1973,9.0781,63,6.986,10795869
irq,Iraq,1974,9.3778,61.4,6.952,11167761
irq,Iraq,1975,10.4932,61.8,6.913,11543639
irq,Iraq,1976,12.2478,63.8,6.856,11927651
irq,Iraq,1977,12.1346,64.1,6.795,12331046
irq,Iraq,1978,13.8857,64.4,6.726,12753355
irq,Iraq,1979,16.6119,64.8,6.662,13170365
irq,Iraq,1980,15.9919,61.6,6.593,13591992
irq,Iraq,1981,12.7259,61,6.526,14006381
irq,Iraq,1982,12.2514,55.6,6.46,14406083
irq,Iraq,1983,10.9167,58,6.387,14840555
irq,Iraq,1984,10.6533,61.9,6.321,15310733
irq,Iraq,1985,10.324,61.3,6.246,15683430
irq,Iraq,1986,10.5705,55,6.182,16074145
irq,Iraq,1987,11.818,60.7,6.114,16521049
irq,Iraq,1988,10.9958,61.1,6.052,16908819
irq,Iraq,1989,9.8698,66.4,5.988,17364542
irq,Iraq,1990,9.671,66.6,5.929,17581206
irq,Iraq,1991,3.5582,66.8,5.833,17767253
irq,Iraq,1992,4.6761,66.7,5.718,18300845
irq,Iraq,1993,5.6115,66.7,5.609,19201195
irq,Iraq,1994,5.6159,66.7,5.488,20139807
irq,Iraq,1995,5.5566,66.7,5.36,20825860
irq,Iraq,1996,6.148,66.8,5.249,21501321
irq,Iraq,1997,7.0855,66.9,5.194,22176593
irq,Iraq,1998,9.2433,67.1,5.112,22884399
irq,Iraq,1999,10.6566,67.3,5.035,23636527
irq,Iraq,2000,12.2541,67.5,4.92,24424056
irq,Iraq,2001,12.4797,67.7,4.799,25197840
irq,Iraq,2002,11.5258,67.8,4.668,26006559
irq,Iraq,2003,7.3496,66,4.581,26802659
irq,Iraq,2004,11.0727,66.5,4.527,27577878
irq,Iraq,2005,11.0236,66.2,4.446,28407448
irq,Iraq,2006,11.621,65.1,4.459,28616515
irq,Iraq,2007,11.7317,65.6,4.404,28391607
irq,Iraq,2008,11.8435,67.2,4.373,28971036
irq,Iraq,2009,11.9564,68.1,4.378,30058206
irq,Iraq,2010,12.0703,68.4,4.457,31045366
irq,Iraq,2011,12.1853,68.7,4.588,32161424
irq,Iraq,2012,12.3014,69,4.544,33654842
irq,Iraq,2013,12.3597,68.8,4.441,35281989
irq,Iraq,2014,12.4182,67.5,4.31,36550059
irq,Iraq,2015,12.477,68.2,4.08,37560535
irq,Iraq,2016,12.5361,68.8,3.843,38469627
irq,Iraq,2017,12.5955,69.6,3.64,39337353
irq,Iraq,2018,12.6551,70.9,3.547,40265624
irq,Iraq,2019,12.7151,70.9,3.48,41192171
irq,Iraq,2020,12.7753,67.5,3.419,42116605
irq,Iraq,2021,12.8358,68.7,3.358,43071211
irq,Iraq,2022,12.8966,70.8,3.294,44070551
irq,Iraq,2023,12.9577,71.1,3.249,45074049
irq,Iraq,2024,12.4892,71.2,3.221,46042015
isl,Iceland,1960,14.4496,73.2,4.29,175560
isl,Iceland,1961,14.0849,73.2,3.88,178998
isl,Iceland,1962,14.9287,73.1,3.98,182341
isl,Iceland,1963,16.0652,73.2,3.99,185643
isl,Iceland,1964,17.2841,73.2,3.88,189026
isl,Iceland,1965,18.113,73.3,3.73,192333
isl,Iceland,1966,19.2489,73.4,3.59,195596
isl,Iceland,1967,18.6175,73.5,3.28,198783
isl,Iceland,1968,17.2711,73.7,3.06,201504
isl,Iceland,1969,17.4611,73.7,2.99,203377
isl,Iceland,1970,18.5581,73.7,2.81,204478
isl,Iceland,1971,20.6419,73.7,2.92,206161
isl,Iceland,1972,21.4881,73.9,3.09,209203
isl,Iceland,1973,22.508,74.3,2.94,212381
isl,Iceland,1974,23.3536,74.6,2.66,215266
isl,Iceland,1975,23.0998,75.2,2.65,218028
isl,Iceland,1976,24.1129,75.7,2.52,220190
isl,Iceland,1977,25.8866,76,2.31,221834
isl,Iceland,1978,27.0786,76.2,2.35,223572
isl,Iceland,1979,27.9867,76.2,2.49,225756
isl,Iceland,1980,29.148,76.3,2.48,228144
isl,Iceland,1981,31.5333,76.3,2.33,230746
isl,Iceland,1982,32.8356,76.5,2.27,233845
isl,Iceland,1983,32.3451,76.7,2.24,236964
isl,Iceland,1984,33.9613,76.9,2.08,239501
isl,Iceland,1985,35.4088,77.2,1.93,241402
isl,Iceland,1986,37.8138,77.3,1.92,243184
isl,Iceland,1987,41.3511,77.3,2.06,245855
isl,Iceland,1988,41.5905,77.5,2.26,249726
isl,Iceland,1989,42.1428,77.6,2.19,252851
isl,Iceland,1990,43.4454,77.9,2.3,254833
isl,Iceland,1991,42.8314,78.1,2.18,257812
isl,Iceland,1992,40.8563,78.3,2.21,261085
isl,Iceland,1993,40.9662,78.5,2.22,263754
isl,Iceland,1994,42.0748,78.5,2.14,266053
isl,Iceland,1995,41.8966,78.4,2.08,267510
isl,Iceland,1996,43.5982,78.7,2.12,268960
isl,Iceland,1997,45.8583,78.9,2.04,271185
isl,Iceland,1998,48.655,79.1,2.05,274111
isl,Iceland,1999,50.0248,79.4,1.99,277448
isl,Iceland,2000,51.8067,79.8,2.08,281280
isl,Iceland,2001,53.1953,80.1,1.95,285053
isl,Iceland,2002,53.0423,80.4,1.93,287607
isl,Iceland,2003,53.8688,80.6,1.99,289605
isl,Iceland,2004,55.0923,80.7,2.04,292168
isl,Iceland,2005,57.4711,81,2.05,296834
isl,Iceland,2006,65.8687,81,2.08,303874
isl,Iceland,2007,69.5715,81.1,2.09,311651
isl,Iceland,2008,72.4961,81.3,2.15,317514
isl,Iceland,2009,60.8546,81.5,2.23,318612
isl,Iceland,2010,54.0228,81.7,2.2,318158
isl,Iceland,2011,53.9911,81.9,2.02,319137
isl,Iceland,2012,55.1156,82,2.04,320841
isl,Iceland,2013,56.3168,82.1,1.93,323885
isl,Iceland,2014,59.4189,82.2,1.93,327512
isl,Iceland,2015,63.4449,82.2,1.8,330952
isl,Iceland,2016,68.7352,82.3,1.74,335574
isl,Iceland,2017,71.2276,82.4,1.71,343531
isl,Iceland,2018,66.6386,82.6,1.71,352854
isl,Iceland,2019,66.4026,82.9,1.74,360700
isl,Iceland,2020,60.7991,82.7,1.72,366614
isl,Iceland,2021,62.821,82.8,1.82,372644
isl,Iceland,2022,66.7621,82.2,1.589,380356
isl,Iceland,2023,68.4974,82.5,1.55,387558
isl,Iceland,2024,66.9352,82.8,1.56,393396
isr,Israel,1960,11.4879,71.1,3.866,1891935
isr,Israel,1961,12.2426,71.4,3.858,1956884
isr,Israel,1962,12.842,71.3,3.85,2040961
isr,Israel,1963,13.562,71.2,3.838,2135041
isr,Israel,1964,14.2751,71.2,3.826,2231855
isr,Israel,1965,14.5117,71.2,3.814,2331451
isr,Israel,1966,14.6496,71.5,3.802,2433835
isr,Israel,1967,14.559,70.8,3.79,2538657
isr,Israel,1968,15.5974,71.5,3.786,2645470
isr,Israel,1969,17.1706,71.3,3.782,2754157
isr,Israel,1970,18.205,71.5,3.778,2864778
isr,Israel,1971,19.4564,71.9,3.774,2977300
isr,Israel,1972,21.0072,72,3.77,3079401
isr,Israel,1973,21.2696,70,3.698,3163044
isr,Israel,1974,21.8757,72,3.626,3239981
isr,Israel,1975,21.8872,72.3,3.554,3318089
isr,Israel,1976,21.3949,72.8,3.482,3398267
isr,Israel,1977,20.8754,73.1,3.41,3479618
isr,Israel,1978,21.3393,73.4,3.354,3560396
isr,Israel,1979,22.0246,73.8,3.298,3640874
isr,Israel,1980,21.9984,74.2,3.242,3721665
isr,Israel,1981,21.9722,74.6,3.186,3802238
isr,Israel,1982,21.946,74.8,3.13,3883632
isr,Israel,1983,21.9199,75,3.106,3959630
isr,Israel,1984,21.8938,75.3,3.082,4033735
isr,Israel,1985,21.8677,75.6,3.058,4105359
isr,Israel,1986,21.8417,75.8,3.034,4168971
isr,Israel,1987,22.4657,76.2,3.01,4236869
isr,Israel,1988,23.1075,76.6,2.948,4307320
isr,Israel,1989,23.7677,77.1,2.886,4381510
isr,Israel,1990,24.4467,77.3,2.824,4544999
isr,Israel,1991,25.1451,77.3,2.762,4779890
isr,Israel,1992,25.8635,77.3,2.7,4957238
isr,Israel,1993,26.085,77.5,2.8,5086045
isr,Israel,1994,26.3084,77.7,2.9,5216699
isr,Israel,1995,26.5337,78,2.9,5354739
isr,Israel,1996,26.761,78.4,2.9,5499551
isr,Israel,1997,26.9902,78.5,2.94,5646473
isr,Israel,1998,27.8927,78.6,2.98,5790140
isr,Israel,1999,28.8255,78.9,2.965,5946081
isr,Israel,2000,29.7894,79.1,2.95,6111190
isr,Israel,2001,30.7855,79.3,2.92,6259982
isr,Israel,2002,27.6098,79.5,2.89,6387720
isr,Israel,2003,28.544,79.8,2.95,6502820
isr,Israel,2004,29.6993,80.2,2.9,6615087
isr,Israel,2005,31.0677,80.5,2.84,6728206
isr,Israel,2006,31.659300000000002,80.7,2.88,6844032
isr,Israel,2007,33.209,81,2.9,6962455
isr,Israel,2008,34.0864,81.4,2.96,7082620
isr,Israel,2009,34.1277,81.8,2.96,7206096
isr,Israel,2010,34.9423,82,3.03,7336735
isr,Israel,2011,34.8005,82.1,2.98,7471023
isr,Israel,2012,36.7408,82.3,3.05,7607780
isr,Israel,2013,38.171,82.5,3.03,7749379
isr,Israel,2014,38.9285,82.6,3.08,7897179
isr,Israel,2015,40.111,82.7,3.09,8052908
isr,Israel,2016,40.6503,82.9,3.11,8210005
isr,Israel,2017,42.4271,83.1,3.11,8361797
isr,Israel,2018,44.0502,83.3,3.09,8510067
isr,Israel,2019,42.6116,83.5,3.01,8657474
isr,Israel,2020,42.2146,83,2.9,8800376
isr,Israel,2021,42.7783,82.8,3,8942924
isr,Israel,2022,44.5725,83.1,2.89,9103151
isr,Israel,2023,44.0433,83.3,2.85,9256314
isr,Israel,2024,43.8688,83.6,2.87,9387021
ita,Italy,1960,14.7626,69.7,2.4,49514555
ita,Italy,1961,15.8214,70.1,2.44,49815249
ita,Italy,1962,16.7852,69.8,2.46,50170590
ita,Italy,1963,17.6795,69.9,2.51,50570976
ita,Italy,1964,18.061,70.6,2.66,51019579
ita,Italy,1965,18.2991,70.6,2.6,51480728
ita,Italy,1966,19.0806,71.2,2.58,51919067
ita,Italy,1967,20.205,71.2,2.5,52338334
ita,Italy,1968,21.5098,71,2.46,52712156
ita,Italy,1969,22.5059,71,2.47,53060137
ita,Italy,1970,23.6999,71.6,2.38,53390236
ita,Italy,1971,23.8851,71.9,2.4,53707795
ita,Italy,1972,24.4043,72.1,2.35,54067563
ita,Italy,1973,25.7785,72.2,2.3,54450567
ita,Italy,1974,26.7977,72.6,2.28,54821113
ita,Italy,1975,25.9812,72.7,2.17,55166045
ita,Italy,1976,27.5173,72.9,2.04,55459416
ita,Italy,1977,28.0488,73.3,1.93,55714555
ita,Italy,1978,30.5121,73.7,1.84,55938965
ita,Italy,1979,31.7333,74,1.73,56132380
ita,Italy,1980,33.3753,74,1.64,56412084
ita,Italy,1981,32.246,74.5,1.58,56646750
ita,Italy,1982,33.0906,74.9,1.56,56719175
ita,Italy,1983,33.0868,74.8,1.51,56766111
ita,Italy,1984,34.657,75.5,1.46,56810353
ita,Italy,1985,33.9157,75.6,1.42,56855501
ita,Italy,1986,33.1902,76,1.35,56875988
ita,Italy,1987,38.8449,76.4,1.33,56891926
ita,Italy,1988,40.5402,76.6,1.36,56928751
ita,Italy,1989,42.3095,76.9,1.33,56976755
ita,Italy,1990,41.8968,77,1.33,57031454
ita,Italy,1991,41.4882,77.1,1.3,57075393
ita,Italy,1992,40.9871,77.4,1.3,57124990
ita,Italy,1993,40.4919,77.6,1.25,57170764
ita,Italy,1994,40.3403,77.8,1.21,57420138
ita,Italy,1995,40.1893,78.1,1.19,57403344
ita,Italy,1996,41.2902,78.4,1.2,57162092
ita,Italy,1997,42.4213,78.7,1.22,57189274
ita,Italy,1998,43.5833,78.8,1.22,57215194
ita,Italy,1999,43.9998,79.2,1.23,57240798
ita,Italy,2000,44.4202,79.6,1.26,57272196
ita,Italy,2001,44.432,79.9,1.25,57305760
ita,Italy,2002,44.4438,80,1.27,57420628
ita,Italy,2003,54.5548,80,1.29,57739699
ita,Italy,2004,56.1245,80.7,1.34,58176738
ita,Italy,2005,55.2555,80.8,1.33,58519693
ita,Italy,2006,56.3219,81.1,1.37,58754433
ita,Italy,2007,56.6702,81.2,1.39,59108720
ita,Italy,2008,55.8492,81.3,1.44,59561684
ita,Italy,2009,56.4639,81.5,1.44,59904010
ita,Italy,2010,55.4391,81.9,1.44,60164213
ita,Italy,2011,54.6121,82,1.42,60367880
ita,Italy,2012,52.1476,82,1.42,60531515
ita,Italy,2013,51.5544,82.4,1.39,60653868
ita,Italy,2014,51.3358,82.6,1.38,60664171
ita,Italy,2015,52.6179,82.4,1.36,60575316
ita,Italy,2016,53.8754,82.8,1.36,60478107
ita,Italy,2017,54.8171,82.7,1.34,60390318
ita,Italy,2018,55.0503,83,1.31,60277499
ita,Italy,2019,57.1673,83.2,1.27,60130136
ita,Italy,2020,57.0096,82,1.24,59912769
ita,Italy,2021,59.081,82.4,1.25,59729350
ita,Italy,2022,58.2579,82.2,1.24,59619115
ita,Italy,2023,58.6948,83,1.21,59499453
ita,Italy,2024,59.1283,83.2,1.18,59342867
jam,Jamaica,1960,6.8425,64.1,5.538,1650005
jam,Jamaica,1961,6.9808,64.3,5.597,1673261
jam,Jamaica,1962,7.0215,64.5,5.635,1696932
jam,Jamaica,1963,7.1754,64.8,5.731,1721099
jam,Jamaica,1964,7.4955,65.2,5.79,1745568
jam,Jamaica,1965,7.7994,65.7,5.719,1769192
jam,Jamaica,1966,7.8449,66.3,5.692,1791475
jam,Jamaica,1967,7.849,66.9,5.668,1812865
jam,Jamaica,1968,7.976,67.5,5.576,1833765
jam,Jamaica,1969,8.2993,68,5.468,1855127
jam,Jamaica,1970,9.1912,68.5,5.349,1878196
jam,Jamaica,1971,9.1469,68.9,5.212,1903728
jam,Jamaica,1972,9.4849,69.3,5.06,1931542
jam,Jamaica,1973,9.7818,69.8,4.995,1961219
jam,Jamaica,1974,9.2141,70.2,4.665,1990906
jam,Jamaica,1975,9.0186,70.6,4.436,2018981
jam,Jamaica,1976,8.304,70.9,4.213,2045578
jam,Jamaica,1977,7.9869,71.3,4.004,2070657
jam,Jamaica,1978,7.9096,71.8,3.838,2094836
jam,Jamaica,1979,7.6337,72.3,3.719,2119486
jam,Jamaica,1980,7.0827,72.8,3.588,2145658
jam,Jamaica,1981,7.5851,72.9,3.51,2173818
jam,Jamaica,1982,7.8877,72.8,3.458,2203889
jam,Jamaica,1983,8.2238,72.6,3.411,2234832
jam,Jamaica,1984,8.3983,72.5,3.324,2264562
jam,Jamaica,1985,8.2814,72.7,3.212,2290656
jam,Jamaica,1986,8.7639,73.1,3.106,2312125
jam,Jamaica,1987,9.5537,73.6,3.024,2329813
jam,Jamaica,1988,9.5672,74.1,2.982,2345777
jam,Jamaica,1989,9.241,74.5,2.93,2361916
jam,Jamaica,1990,8.9259,74.9,2.955,2379877
jam,Jamaica,1991,7.9516,75.3,2.997,2400869
jam,Jamaica,1992,7.0837,75.3,3.026,2424701
jam,Jamaica,1993,6.3105,75.2,2.987,2449916
jam,Jamaica,1994,7.2701,75,2.93,2475220
jam,Jamaica,1995,8.3757,74.9,2.851,2500151
jam,Jamaica,1996,9.6494,75.2,2.77,2524463
jam,Jamaica,1997,10.6559,75.1,2.677,2547848
jam,Jamaica,1998,11.7673,74.8,2.574,2569736
jam,Jamaica,1999,12.9946,74.6,2.465,2589795
jam,Jamaica,2000,13.3894,74.4,2.345,2607826
jam,Jamaica,2001,13.7962,74.6,2.296,2624403
jam,Jamaica,2002,14.2153,75.2,2.271,2640572
jam,Jamaica,2003,14.1946,75.8,2.244,2656623
jam,Jamaica,2004,14.1739,76.2,2.198,2672225
jam,Jamaica,2005,14.401,76.9,2.148,2687066
jam,Jamaica,2006,14.6318,77.2,2.089,2700968
jam,Jamaica,2007,14.8664,77.4,2.023,2713800
jam,Jamaica,2008,15.1046,77.7,1.953,2725635
jam,Jamaica,2009,15.3467,77.5,1.879,2736995
jam,Jamaica,2010,15.5927,77.3,1.799,2748568
jam,Jamaica,2011,15.8426,77,1.717,2760494
jam,Jamaica,2012,16.0965,76.9,1.648,2772430
jam,Jamaica,2013,16.3545,76.5,1.591,2783687
jam,Jamaica,2014,16.6166,75.9,1.544,2793749
jam,Jamaica,2015,16.8829,75.4,1.508,2802534
jam,Jamaica,2016,17.1535,75.1,1.464,2809915
jam,Jamaica,2017,17.4284,75,1.428,2815764
jam,Jamaica,2018,17.7078,75,1.4,2820097
jam,Jamaica,2019,18.11,75.1,1.39,2823271
jam,Jamaica,2020,18.5213,74.5,1.383,2830739
jam,Jamaica,2021,18.942,72.9,1.378,2837682
jam,Jamaica,2022,19.9208,74.9,1.372,2839144
jam,Jamaica,2023,20.4351,76.1,1.358,2839786
jam,Jamaica,2024,20.2926,76.21,1.351,2839175
jor,Jordan,1960,9.1359,53.5,7.599,853471
jor,Jordan,1961,10.44,54.3,7.699,897591
jor,Jordan,1962,10.1563,55.1,7.785,940554
jor,Jordan,1963,10.2829,55.9,7.854,984714
jor,Jordan,1964,11.4678,56.8,7.913,1035640
jor,Jordan,1965,12.2216,57.7,7.932,1099440
jor,Jordan,1966,12.0241,58.2,7.992,1178360
jor,Jordan,1967,11.7753,57.4,8.059,1271183
jor,Jordan,1968,10.4118,60.3,8.135,1372460
jor,Jordan,1969,10.7562,61.1,8.192,1473100
jor,Jordan,1970,9.1921,60.7,8.181,1565163
jor,Jordan,1971,8.9529,62.3,8.15,1645145
jor,Jordan,1972,8.9755,62.9,8.117,1714555
jor,Jordan,1973,8.6022,63.5,8.062,1778094
jor,Jordan,1974,8.6633,64,7.997,1839182
jor,Jordan,1975,8.596,64.6,7.925,1899055
jor,Jordan,1976,9.8535,65.1,7.832,1958177
jor,Jordan,1977,10.2023,65.7,7.723,2019002
jor,Jordan,1978,11.5609,66.3,7.594,2083595
jor,Jordan,1979,12.8528,66.8,7.448,2153882
jor,Jordan,1980,14.1257,67.4,7.287,2234186
jor,Jordan,1981,15.7274,68,7.121,2325517
jor,Jordan,1982,16.5938,68.6,6.959,2426927
jor,Jordan,1983,16.5072,69,6.812,2537307
jor,Jordan,1984,17.2174,69.5,6.671,2654688
jor,Jordan,1985,16.8856,69.8,6.534,2778810
jor,Jordan,1986,17.4998,70.2,6.387,2909887
jor,Jordan,1987,16.7973,70.4,6.196,3047634
jor,Jordan,1988,16.123,70.6,6.011,3193039
jor,Jordan,1989,15.4758,70.7,5.798,3349627
jor,Jordan,1990,14.8546,70.7,5.544,3621908
jor,Jordan,1991,14.2583,70.8,5.33,3915149
jor,Jordan,1992,13.686,70.8,5.137,4127693
jor,Jordan,1993,13.3233,70.8,4.972,4348020
jor,Jordan,1994,12.9702,70.9,4.819,4561406
jor,Jordan,1995,12.6265,71,4.676,4752096
jor,Jordan,1996,12.2919,71.1,4.508,4912516
jor,Jordan,1997,11.9661,71.3,4.318,5046285
jor,Jordan,1998,12.3601,71.4,4.112,5164284
jor,Jordan,1999,12.7671,71.6,3.971,5276444
jor,Jordan,2000,13.1875,71.7,3.864,5386945
jor,Jordan,2001,13.6217,71.8,3.803,5498894
jor,Jordan,2002,14.0702,72.1,3.805,5616066
jor,Jordan,2003,14.4021,72.5,3.816,5741828
jor,Jordan,2004,14.7417,72.7,3.729,5882061
jor,Jordan,2005,15.0894,72.8,3.653,6029587
jor,Jordan,2006,15.4453,73,3.711,6427371
jor,Jordan,2007,15.4323,73.6,3.797,6827227
jor,Jordan,2008,15.4193,74.1,3.876,6989866
jor,Jordan,2009,16.3456,74.5,3.841,7141753
jor,Jordan,2010,17.3276,74.9,3.78,7297043
jor,Jordan,2011,17.3655,75.2,3.69,7480424
jor,Jordan,2012,17.5372,75.5,3.568,7587127
jor,Jordan,2013,17.0837,75.9,3.449,7991809
jor,Jordan,2014,16.0549,76.2,3.302,8791710
jor,Jordan,2015,15.1575,76.6,3.141,9544729
jor,Jordan,2016,14.7465,76.9,3.072,10006367
jor,Jordan,2017,14.7748,77.1,2.994,10234226
jor,Jordan,2018,14.7301,77.4,2.923,10462306
jor,Jordan,2019,14.6937,77.6,2.855,10671891
jor,Jordan,2020,14.2731,75.3,2.791,10865228
jor,Jordan,2021,14.526,73.8,2.735,11066356
jor,Jordan,2022,14.659,77.5,2.679,11256263
jor,Jordan,2023,14.8405,78.5,2.639,11439213
jor,Jordan,2024,15.0603,78.7,2.604,11552876
jpn,Japan,1960,8.4513,67.8,2,96399754
jpn,Japan,1961,9.3052,68.4,1.96,97217594
jpn,Japan,1962,9.9535,68.9,1.98,98076405
jpn,Japan,1963,10.6132,69.9,2,98958231
jpn,Japan,1964,11.6184,70.3,2.05,99890178
jpn,Japan,1965,12.0607,70.4,2.14,100916019
jpn,Japan,1966,13.0996,71.2,1.58,101887835
jpn,Japan,1967,14.2856,71.6,2.23,102965527
jpn,Japan,1968,15.7634,71.9,2.13,104237471
jpn,Japan,1969,17.3458,72.1,2.13,105475170
jpn,Japan,1970,18.8004,72.3,2.13,106712368
jpn,Japan,1971,19.2601,73.1,2.16,107952030
jpn,Japan,1972,20.4157,73.5,2.14,109238955
jpn,Japan,1973,21.5648,73.6,2.14,110614736
jpn,Japan,1974,20.8422,74,2.05,112009694
jpn,Japan,1975,21.0412,74.5,1.91,113321196
jpn,Japan,1976,21.4592,74.9,1.85,114502795
jpn,Japan,1977,21.9971,75.5,1.8,115574277
jpn,Japan,1978,22.7559,75.9,1.79,116576944
jpn,Japan,1979,23.6034,76.3,1.77,117521556
jpn,Japan,1980,23.8749,76.3,1.75,118358756
jpn,Japan,1981,25.727,76.7,1.74,118994053
jpn,Japan,1982,27.1415,77.2,1.77,119485775
jpn,Japan,1983,28.2904,77.3,1.8,119948947
jpn,Japan,1984,29.7985,77.6,1.81,120384394
jpn,Japan,1985,31.542,77.9,1.76,120832163
jpn,Japan,1986,32.6464,78.4,1.72,121366735
jpn,Japan,1987,34.3774,78.7,1.69,121943587
jpn,Japan,1988,37.2124,78.7,1.66,122476952
jpn,Japan,1989,39.8284,79.1,1.57,122947413
jpn,Japan,1990,42.6523,79.2,1.54,123399765
jpn,Japan,1991,43.8855,79.4,1.53,123889871
jpn,Japan,1992,44.0306,79.5,1.5,124383708
jpn,Japan,1993,43.6732,79.6,1.46,124839958
jpn,Japan,1994,43.931,80,1.5,125286860
jpn,Japan,1995,44.9011,79.9,1.42,125672665
jpn,Japan,1996,46.1106,80.5,1.43,125975302
jpn,Japan,1997,46.3704,80.7,1.39,126265929
jpn,Japan,1998,45.5804,80.8,1.38,126549181
jpn,Japan,1999,45.2629,80.8,1.34,126801564
jpn,Japan,2000,46.3461,81.3,1.36,127027789
jpn,Japan,2001,46.3257,81.6,1.33,127260148
jpn,Japan,2002,46.155,81.9,1.32,127484598
jpn,Japan,2003,46.6759,82,1.29,127671251
jpn,Japan,2004,47.5896,82.2,1.29,127815774
jpn,Japan,2005,48.3485,82.2,1.26,127913330
jpn,Japan,2006,48.895,82.5,1.32,127997247
jpn,Japan,2007,49.4792,82.7,1.34,128087682
jpn,Japan,2008,48.763,82.8,1.37,128155990
jpn,Japan,2009,47.4108,83.1,1.37,128192470
jpn,Japan,2010,48.2463,83.1,1.39,128185275
jpn,Japan,2011,46.3096,82.9,1.39,128096432
jpn,Japan,2012,46.7515,83.4,1.41,127928285
jpn,Japan,2013,45.7917,83.6,1.43,127723645
jpn,Japan,2014,46.6443,83.9,1.42,127486605
jpn,Japan,2015,47.2596,84.1,1.45,127275872
jpn,Japan,2016,46.771,84.3,1.44,127159951
jpn,Japan,2017,47.4809,84.3,1.43,127064690
jpn,Japan,2018,46.2133,84.4,1.42,126913432
jpn,Japan,2019,46.6027,84.6,1.36,126699424
jpn,Japan,2020,48.1082,84.8,1.33,126304543
jpn,Japan,2021,49.6333,84.6,1.3,125679338
jpn,Japan,2022,50.3237,84.2,1.26,124997578
jpn,Japan,2023,51.3155,84.1,1.2,124370947
jpn,Japan,2024,51.5827,84.3,1.15,123753041
kaz,Kazakhstan,1960,5.6092,61.8,4.495,9429981
kaz,Kazakhstan,1961,5.8325,62.1,4.424,9742085
kaz,Kazakhstan,1962,5.899,62.7,4.357,10058928
kaz,Kazakhstan,1963,5.6844,63.4,4.264,10377466
kaz,Kazakhstan,1964,6.3599,63.9,4.071,10690309
kaz,Kazakhstan,1965,6.6676,64.2,3.881,10993183
kaz,Kazakhstan,1966,6.9426,64.4,3.819,11288989
kaz,Kazakhstan,1967,7.2035,64.6,3.769,11584428
kaz,Kazakhstan,1968,7.5827,64.8,3.629,11879182
kaz,Kazakhstan,1969,7.6491,64.9,3.509,12156212
kaz,Kazakhstan,1970,8.1961,65.1,3.505,12419057
kaz,Kazakhstan,1971,8.3673,65.1,3.534,12684813
kaz,Kazakhstan,1972,8.367,65.2,3.553,12951798
kaz,Kazakhstan,1973,9.0217,65.2,3.508,13208121
kaz,Kazakhstan,1974,9.002,65.2,3.453,13454570
kaz,Kazakhstan,1975,8.9823,65.2,3.398,13700843
kaz,Kazakhstan,1976,8.9627,65.3,3.332,13998738
kaz,Kazakhstan,1977,8.9431,65.4,3.257,14353265
kaz,Kazakhstan,1978,8.9236,65.6,3.156,14711497
kaz,Kazakhstan,1979,8.904,65.9,3.137,14978696
kaz,Kazakhstan,1980,8.8846,66.3,3.092,15152949
kaz,Kazakhstan,1981,8.6716,66.6,3.052,15323082
kaz,Kazakhstan,1982,8.468,66.8,3.02,15492595
kaz,Kazakhstan,1983,8.7842,66.9,3.068,15665551
kaz,Kazakhstan,1984,8.6553,67,3.146,15844621
kaz,Kazakhstan,1985,8.6565,67.4,3.208,16031090
kaz,Kazakhstan,1986,8.6871,68,3.189,16262702
kaz,Kazakhstan,1987,8.5539,68.2,3.122,16527715
kaz,Kazakhstan,1988,9.2129,68.1,3.001,16781168
kaz,Kazakhstan,1989,9.1431,68,2.866,16997013
kaz,Kazakhstan,1990,8.9513,67.7,2.745,17154054
kaz,Kazakhstan,1991,7.9267,67.2,2.677,17278600
kaz,Kazakhstan,1992,7.4979,66.6,2.584,17332625
kaz,Kazakhstan,1993,6.8452,65.6,2.483,17274487
kaz,Kazakhstan,1994,6.9937,64.8,2.378,17043771
kaz,Kazakhstan,1995,7.1455,64.2,2.253,16730536
kaz,Kazakhstan,1996,7.3005,64.3,2.084,16416027
kaz,Kazakhstan,1997,7.098,64.7,1.97,16043251
kaz,Kazakhstan,1998,6.901,65.3,1.938,15647785
kaz,Kazakhstan,1999,6.7096,65.6,1.902,15455874
kaz,Kazakhstan,2000,6.5234,65.8,1.898,15501103
kaz,Kazakhstan,2001,6.3425,65.9,1.906,15575550
kaz,Kazakhstan,2002,6.7033,65.8,1.956,15656677
kaz,Kazakhstan,2003,7.2073,65.6,2.075,15747380
kaz,Kazakhstan,2004,7.6341,65.7,2.201,15850159
kaz,Kazakhstan,2005,8.349,65.7,2.274,15968117
kaz,Kazakhstan,2006,9.3348,65.8,2.38,16103716
kaz,Kazakhstan,2007,10.8179,66.2,2.49,16257214
kaz,Kazakhstan,2008,10.7531,67.1,2.616,16426525
kaz,Kazakhstan,2009,10.6124,68.1,2.58,16619846
kaz,Kazakhstan,2010,11.2858,68.7,2.61,16836810
kaz,Kazakhstan,2011,13.3927,69.1,2.605,17066002
kaz,Kazakhstan,2012,13.6162,69.7,2.64,17306106
kaz,Kazakhstan,2013,14.2593,70.4,2.67,17556502
kaz,Kazakhstan,2014,13.9161,71.3,2.76,17816285
kaz,Kazakhstan,2015,13.2801,71.9,2.755,18084169
kaz,Kazakhstan,2016,12.2988,72.4,2.795,18363600
kaz,Kazakhstan,2017,13.2361,73,2.745,18651931
kaz,Kazakhstan,2018,14.0786,73.3,2.845,18932727
kaz,Kazakhstan,2019,14.0559,73.5,2.89,19209555
kaz,Kazakhstan,2020,14.3951,71.7,3.13,19482117
kaz,Kazakhstan,2021,15.0935,70.7,3.32,19743603
kaz,Kazakhstan,2022,15.3503,74.1,3.05,20034609
kaz,Kazakhstan,2023,15.8987,74.9,3.012,20330104
kaz,Kazakhstan,2024,16.4494,75,2.984,20592571
ken,Kenya,1960,4.1538,51.5,7.651,7695307
ken,Kenya,1961,3.93,51.9,7.715,7987770
ken,Kenya,1962,4.0679,52.3,7.769,8299308
ken,Kenya,1963,4.1537,52.6,7.817,8627971
ken,Kenya,1964,4.3792,53,7.869,8973535
ken,Kenya,1965,4.3654,53.3,7.923,9338078
ken,Kenya,1966,4.778,53.6,7.955,9717816
ken,Kenya,1967,4.869,53.9,7.953,10111057
ken,Kenya,1968,4.9335,54.2,7.948,10518823
ken,Kenya,1969,5.091,54.5,7.947,10939695
ken,Kenya,1970,5.0297,54.9,7.943,11368791
ken,Kenya,1971,5.1809,55.3,7.922,11788904
ken,Kenya,1972,5.2654,55.7,7.894,12206060
ken,Kenya,1973,5.3495,56.1,7.86,12634835
ken,Kenya,1974,5.4187,56.6,7.822,13070078
ken,Kenya,1975,5.2107,57,7.795,13511671
ken,Kenya,1976,5.2261,57.5,7.767,13957623
ken,Kenya,1977,5.5033,57.9,7.729,14428819
ken,Kenya,1978,5.7813,58.5,7.666,14934126
ken,Kenya,1979,5.779,58.9,7.598,15460666
ken,Kenya,1980,5.8782,59.4,7.531,16018459
ken,Kenya,1981,6.1782,59.9,7.454,16601507
ken,Kenya,1982,6.5301,60.3,7.345,17206175
ken,Kenya,1983,6.5537,60.8,7.218,17846374
ken,Kenya,1984,6.6082,61.1,7.083,18514906
ken,Kenya,1985,6.8252,61.5,6.96,19201768
ken,Kenya,1986,7.2031,61.8,6.84,19901646
ken,Kenya,1987,7.5303,62.1,6.686,20616096
ken,Kenya,1988,7.9564,62.2,6.515,21356219
ken,Kenya,1989,8.3242,62.1,6.332,22118434
ken,Kenya,1990,8.716,62,6.135,22892651
ken,Kenya,1991,8.6686,61.6,5.94,23646514
ken,Kenya,1992,8.4234000000000009,61,5.74,24382460
ken,Kenya,1993,6.9356,60.4,5.569,25117188
ken,Kenya,1994,5.7106,59.7,5.438,25857130
ken,Kenya,1995,5.8526,59.2,5.372,26601751
ken,Kenya,1996,5.9981,58.6,5.307,27344211
ken,Kenya,1997,6.1472,58,5.268,28101768
ken,Kenya,1998,5.9928,57.5,5.244,28888057
ken,Kenya,1999,5.8424,57.3,5.177,29733408
ken,Kenya,2000,5.6957,57.2,5.136,30642890
ken,Kenya,2001,5.5526,57.5,5.094,31619170
ken,Kenya,2002,5.4132,57.6,5.027,32629808
ken,Kenya,2003,5.2773,58,4.937,33652223
ken,Kenya,2004,5.1448,58.4,4.861,34713455
ken,Kenya,2005,5.0156,59.7,4.801,35796484
ken,Kenya,2006,5.0273,61.3,4.754,36904008
ken,Kenya,2007,5.0391,62.4,4.718,38036349
ken,Kenya,2008,5.0509,63,4.66,39206351
ken,Kenya,2009,5.0627,63.8,4.567,40408891
ken,Kenya,2010,5.0746,64.4,4.446,41598567
ken,Kenya,2011,5.0864,65,4.284,42758461
ken,Kenya,2012,5.0983,65.5,4.116,43888303
ken,Kenya,2013,5.1103,65.9,3.955,44986791
ken,Kenya,2014,5.1222,66.5,3.843,46051440
ken,Kenya,2015,5.1342,67,3.766,47088526
ken,Kenya,2016,4.941,67.6,3.689,48139687
ken,Kenya,2017,4.755,68.1,3.609,49197766
ken,Kenya,2018,4.576,68.4,3.536,50207107
ken,Kenya,2019,4.4038,68.7,3.433,51202827
ken,Kenya,2020,4.238,66.6,3.364,52217334
ken,Kenya,2021,4.3432,65.2,3.312,53219166
ken,Kenya,2022,4.4675,69.4,3.262,54252461
ken,Kenya,2023,4.6232,69.9,3.208,55339003
ken,Kenya,2024,4.7374,70.12,3.167,56432944
kgz,Kyrgyz Republic,1960,7.657,55.9,5.309,2215508
kgz,Kyrgyz Republic,1961,7.8162,56.4,5.364,2288666
kgz,Kyrgyz Republic,1962,7.9827,57,5.421,2367294
kgz,Kyrgyz Republic,1963,8.1449,57.6,5.479,2449242
kgz,Kyrgyz Republic,1964,8.3143,58.2,5.433,2532151
kgz,Kyrgyz Republic,1965,8.484,58.8,5.375,2615057
kgz,Kyrgyz Republic,1966,8.6587,59.4,5.321,2697633
kgz,Kyrgyz Republic,1967,8.8314,60.1,5.255,2780169
kgz,Kyrgyz Republic,1968,9.0115,60.7,5.182,2862894
kgz,Kyrgyz Republic,1969,9.1896,61.2,5.183,2944840
kgz,Kyrgyz Republic,1970,9.3704,61.4,5.203,3025142
kgz,Kyrgyz Republic,1971,9.5172,61.1,5.181,3101442
kgz,Kyrgyz Republic,1972,9.6653,60.8,5.137,3173944
kgz,Kyrgyz Republic,1973,9.8145,61,5.024,3244870
kgz,Kyrgyz Republic,1974,9.7604,61.4,4.891,3314021
kgz,Kyrgyz Republic,1975,9.7065,61.9,4.764,3381363
kgz,Kyrgyz Republic,1976,9.653,62.3,4.676,3447005
kgz,Kyrgyz Republic,1977,9.5997,62.7,4.593,3514121
kgz,Kyrgyz Republic,1978,9.5468,63.1,4.526,3584523
kgz,Kyrgyz Republic,1979,9.4941,63.6,4.377,3656189
kgz,Kyrgyz Republic,1980,9.4417,64,4.225,3729374
kgz,Kyrgyz Republic,1981,9.3159,64.3,4.188,3804456
kgz,Kyrgyz Republic,1982,9.1843,64.5,4.198,3882811
kgz,Kyrgyz Republic,1983,9.5795,64.7,4.165,3965758
kgz,Kyrgyz Republic,1984,9.4844,65,4.198,4039347
kgz,Kyrgyz Republic,1985,8.9197,65.5,4.203,4102391
kgz,Kyrgyz Republic,1986,8.5692,66.1,4.221,4168593
kgz,Kyrgyz Republic,1987,8.2697,66.5,4.163,4238467
kgz,Kyrgyz Republic,1988,8.9315,66.6,4.031,4308017
kgz,Kyrgyz Republic,1989,8.965,66.7,3.875,4382001
kgz,Kyrgyz Republic,1990,8.9716,66.8,3.63,4459543
kgz,Kyrgyz Republic,1991,8.0822,66.8,3.58,4532116
kgz,Kyrgyz Republic,1992,6.8481,66.4,3.52,4600310
kgz,Kyrgyz Republic,1993,5.7996,65.6,3.2,4626803
kgz,Kyrgyz Republic,1994,4.6153,65,2.9,4649185
kgz,Kyrgyz Republic,1995,4.2983,65.2,3.1,4713635
kgz,Kyrgyz Republic,1996,4.5126,65.6,2.8,4782882
kgz,Kyrgyz Republic,1997,4.8653,66.1,2.6,4847993
kgz,Kyrgyz Republic,1998,4.8717,66.5,2.7,4907791
kgz,Kyrgyz Republic,1999,3.7814,66.9,2.6,4968587
kgz,Kyrgyz Republic,2000,2.9351,67,2.4,5025145
kgz,Kyrgyz Republic,2001,3.1067,67.2,2.4,5071956
kgz,Kyrgyz Republic,2002,3.1862,67.2,2.4,5116254
kgz,Kyrgyz Republic,2003,3.3495,67.2,2.5,5159422
kgz,Kyrgyz Republic,2004,4.9977,67.3,2.6,5203041
kgz,Kyrgyz Republic,2005,4.4676,67.4,2.5,5246332
kgz,Kyrgyz Republic,2006,5.8645,67.4,2.7,5282453
kgz,Kyrgyz Republic,2007,5.5723,67.7,2.7,5313368
kgz,Kyrgyz Republic,2008,6.2583,68.2,2.8,5342520
kgz,Kyrgyz Republic,2009,6.3898,69,2.9,5398007
kgz,Kyrgyz Republic,2010,6.087,69.4,3.1,5491761
kgz,Kyrgyz Republic,2011,6.0695,69.9,3.1,5594535
kgz,Kyrgyz Republic,2012,5.8609,70.2,3.2,5696519
kgz,Kyrgyz Republic,2013,5.7771,70.8,3.1,5797289
kgz,Kyrgyz Republic,2014,6.0374,71.3,3.2,5898319
kgz,Kyrgyz Republic,2015,5.9377,71.8,3.2,6001882
kgz,Kyrgyz Republic,2016,6.0557,72.3,3.1,6108462
kgz,Kyrgyz Republic,2017,6.0973,72.8,3,6220150
kgz,Kyrgyz Republic,2018,6.5169,73.5,3.3,6341732
kgz,Kyrgyz Republic,2019,6.9041,74.5,3.3,6494035
kgz,Kyrgyz Republic,2020,6.2824,71.6,3.1,6664140
kgz,Kyrgyz Republic,2021,6.8512,72.3,2.89,6820479
kgz,Kyrgyz Republic,2022,6.7619,74.7,2.8,6955788
kgz,Kyrgyz Republic,2023,7.242,75.2,2.7,7073516
kgz,Kyrgyz Republic,2024,7.7602,75.3,2.6,7186009
khm,Cambodia,1960,2.2948,49.1,6.313,5449966
khm,Cambodia,1961,2.2438,49.6,6.302,5571168
khm,Cambodia,1962,2.394,50.1,6.301,5697558
khm,Cambodia,1963,2.5436,50.6,6.292,5823010
khm,Cambodia,1964,2.4424,51.1,6.288,5946178
khm,Cambodia,1965,2.5269,51.5,6.267,6072289
khm,Cambodia,1966,2.6134,51.9,6.237,6201232
khm,Cambodia,1967,2.7162,52.1,6.201,6332944
khm,Cambodia,1968,2.8069,52.5,6.165,6467324
khm,Cambodia,1969,2.8165,52.8,6.124,6604725
khm,Cambodia,1970,2.5601,45,6.071,6639182
khm,Cambodia,1971,2.4468,45.4,6.007,6620880
khm,Cambodia,1972,2.3141,45.8,5.943,6673886
khm,Cambodia,1973,2.4647,46.1,5.559,6739726
khm,Cambodia,1974,2.2067,46.4,4.797,6783240
khm,Cambodia,1975,2.0761,26.8,4.103,6581371
khm,Cambodia,1976,2.2217,26.6,3.409,6134991
khm,Cambodia,1977,2.2018,26.4,2.716,5668551
khm,Cambodia,1978,2.3828,26.1,3.338,5211653
khm,Cambodia,1979,2.2756,25.8,4.556,5088808
khm,Cambodia,1980,2.2157,53.2,5.774,5199872
khm,Cambodia,1981,2.1949,53.6,6.042,5284495
khm,Cambodia,1982,2.2026,54,6.193,5436432
khm,Cambodia,1983,2.2476,54.5,6.296,5636203
khm,Cambodia,1984,2.2992,55,6.338,5845117
khm,Cambodia,1985,2.3486,55.4,6.313,6043783
khm,Cambodia,1986,2.375,55.8,6.226,6285693
khm,Cambodia,1987,2.6014,57.5,6.097,6557970
khm,Cambodia,1988,2.7771,57.9,5.944,6812014
khm,Cambodia,1989,2.8579,58,5.681,7073473
khm,Cambodia,1990,2.8727,58.3,5.642,7374752
khm,Cambodia,1991,2.9663,58.5,5.588,7686850
khm,Cambodia,1992,3.0136,58.8,5.486,8113083
khm,Cambodia,1993,2.9621,59.1,5.433,8616381
khm,Cambodia,1994,2.0395,59.2,5.281,9239162
khm,Cambodia,1995,2.0643,59.5,5.076,10018497
khm,Cambodia,1996,2.0343,59.9,4.867,10801270
khm,Cambodia,1997,1.985,60.5,4.395,11570982
khm,Cambodia,1998,1.9889,60.9,4.13,12058173
khm,Cambodia,1999,2.1866,61.7,3.933,12265731
khm,Cambodia,2000,2.3497,62.4,3.794,12462336
khm,Cambodia,2001,2.4741,63.2,3.687,12658484
khm,Cambodia,2002,2.5784,64,3.57,12855241
khm,Cambodia,2003,2.7857,64.9,3.429,13050968
khm,Cambodia,2004,2.9979,65.8,3.307,13244731
khm,Cambodia,2005,3.3395,66.6,3.238,13439202
khm,Cambodia,2006,3.6439,67.5,3.175,13639028
khm,Cambodia,2007,3.9592,68.2,3.13,13841770
khm,Cambodia,2008,4.1885,69,3.048,14053479
khm,Cambodia,2009,4.2917,69.6,2.971,14276810
khm,Cambodia,2010,4.4462,70.1,2.859,14500726
khm,Cambodia,2011,4.6983,70.7,2.782,14722584
khm,Cambodia,2012,4.9824,71.1,2.751,14945085
khm,Cambodia,2013,5.2942,71.4,2.742,15170208
khm,Cambodia,2014,5.6336,71.8,2.734,15396772
khm,Cambodia,2015,5.9521,72.2,2.729,15623251
khm,Cambodia,2016,6.3296,72.4,2.725,15852803
khm,Cambodia,2017,6.7468,72.8,2.719,16073372
khm,Cambodia,2018,7.2483,73.1,2.724,16274522
khm,Cambodia,2019,7.7254,73.3,2.725,16481304
khm,Cambodia,2020,7.3419,73.4,2.699,16725474
khm,Cambodia,2021,7.4578,73,2.664,16974305
khm,Cambodia,2022,7.7368,73.3,2.616,17201724
khm,Cambodia,2023,8.0206,73.1,2.579,17423880
khm,Cambodia,2024,8.3995,73.2,2.548,17638801
kir,Kiribati,1960,8.8057,52.7,6.441,47157
kir,Kiribati,1961,9.0335,53.2,6.477,48323
kir,Kiribati,1962,9.2638,53.7,6.415,49538
kir,Kiribati,1963,9.5025,54.3,6.35,50791
kir,Kiribati,1964,9.7464,54.8,6.289,52088
kir,Kiribati,1965,9.9983,55.4,6.262,53439
kir,Kiribati,1966,10.2551,55.9,6.225,54425
kir,Kiribati,1967,10.5166,56.4,6.112,54996
kir,Kiribati,1968,10.7827,57,5.984,55529
kir,Kiribati,1969,11.0591,57.5,5.848,56360
kir,Kiribati,1970,11.3425,58,5.706,57510
kir,Kiribati,1971,10.804,58.5,5.554,58652
kir,Kiribati,1972,11.8385,58.8,5.374,59778
kir,Kiribati,1973,14.0039,59.5,5.199,60824
kir,Kiribati,1974,19.9068,60.3,5.094,61219
kir,Kiribati,1975,20.4835,61,5.019,60987
kir,Kiribati,1976,14.6255,61.5,4.964,60661
kir,Kiribati,1977,13.5838,61.3,4.957,60267
kir,Kiribati,1978,13.3473,62.3,4.969,59864
kir,Kiribati,1979,11.472,62.5,4.965,60172
kir,Kiribati,1980,6.1902,62.8,4.964,61148
kir,Kiribati,1981,6.477,63,4.961,62121
kir,Kiribati,1982,6.6653,63.2,4.952,63134
kir,Kiribati,1983,6.1582,63.5,4.914,64169
kir,Kiribati,1984,6.8497,63.7,4.91,65228
kir,Kiribati,1985,6.0824,63.9,4.911,66496
kir,Kiribati,1986,5.9199,64.1,4.871,68059
kir,Kiribati,1987,5.8341,64.3,4.806,69733
kir,Kiribati,1988,7.0183,64.6,4.733,71427
kir,Kiribati,1989,6.4844,64.8,4.693,73147
kir,Kiribati,1990,6.233,65,4.668,74855
kir,Kiribati,1991,5.8466,65,4.642,76367
kir,Kiribati,1992,6.743,65.2,4.568,77641
kir,Kiribati,1993,6.6515,65.4,4.487,78841
kir,Kiribati,1994,6.6838,65.5,4.442,80021
kir,Kiribati,1995,6.7252,65.6,4.419,81234
kir,Kiribati,1996,6.6345,66,4.425,82623
kir,Kiribati,1997,6.5971,66.2,4.368,84147
kir,Kiribati,1998,6.7906,66.4,4.29,85657
kir,Kiribati,1999,6.4349,66.7,4.185,87126
kir,Kiribati,2000,6.7415,66.9,4.071,88613
kir,Kiribati,2001,6.4149,67.1,3.957,90335
kir,Kiribati,2002,6.3836,67.3,3.814,92264
kir,Kiribati,2003,6.1694,67.6,3.702,94175
kir,Kiribati,2004,5.9922,67.8,3.734,96085
kir,Kiribati,2005,5.9517,68,3.76,98035
kir,Kiribati,2006,6.1344,68.2,3.815,100017
kir,Kiribati,2007,6.1907,68.4,3.865,102068
kir,Kiribati,2008,6.2475,68.6,3.899,104222
kir,Kiribati,2009,6.3048,68.8,3.905,106467
kir,Kiribati,2010,6.3626,68.9,3.898,108704
kir,Kiribati,2011,6.421,69.1,3.878,110647
kir,Kiribati,2012,6.4799,69.3,3.768,112284
kir,Kiribati,2013,6.5393,69.6,3.643,113838
kir,Kiribati,2014,6.5993,69.8,3.521,115326
kir,Kiribati,2015,6.6598,70.1,3.438,116815
kir,Kiribati,2016,6.7209,70.3,3.375,118478
kir,Kiribati,2017,6.7825,70.6,3.339,120275
kir,Kiribati,2018,6.8447,68.6,3.318,122084
kir,Kiribati,2019,6.9075,71,3.29,123921
kir,Kiribati,2020,6.6885,70.5,3.254,126099
kir,Kiribati,2021,7.127,69.1,3.219,128377
kir,Kiribati,2022,7.3329,70.8,3.182,130469
kir,Kiribati,2023,7.4103,71.2,3.147,132530
kir,Kiribati,2024,7.6853,71.31,3.124,134518
kna,St. Kitts and Nevis,1960,3.9692,54.8,6.541,55810
kna,St. Kitts and Nevis,1961,3.9838,55.1,6.272,55334
kna,St. Kitts and Nevis,1962,3.9986,57.1,6.061,54461
kna,St. Kitts and Nevis,1963,4.0126,58.7,6.121,53441
kna,St. Kitts and Nevis,1964,4.0268,59.9,6.084,52326
kna,St. Kitts and Nevis,1965,4.0403,61.1,6.008,51139
kna,St. Kitts and Nevis,1966,4.0559,62.5,5.783,49898
kna,St. Kitts and Nevis,1967,4.0698,64,5.46,48605
kna,St. Kitts and Nevis,1968,4.0838,65,5.165,47245
kna,St. Kitts and Nevis,1969,4.0989,65.6,4.967,45731
kna,St. Kitts and Nevis,1970,4.1133,65.8,4.728,44606
kna,St. Kitts and Nevis,1971,4.3736,65.7,4.506,44206
kna,St. Kitts and Nevis,1972,4.5579,65.5,4.161,44033
kna,St. Kitts and Nevis,1973,4.6969,65.3,3.966,43880
kna,St. Kitts and Nevis,1974,4.906,65.3,3.806,43738
kna,St. Kitts and Nevis,1975,4.9922,65.3,3.675,43606
kna,St. Kitts and Nevis,1976,5.2615,65.2,3.589,43482
kna,St. Kitts and Nevis,1977,5.5612,65.3,3.478,43358
kna,St. Kitts and Nevis,1978,5.8396,65.4,3.286,43217
kna,St. Kitts and Nevis,1979,6.2952,65.6,3.23,43033
kna,St. Kitts and Nevis,1980,6.7852,65.8,3.261,42850
kna,St. Kitts and Nevis,1981,7.2966,66,3.296,42698
kna,St. Kitts and Nevis,1982,7.7473,66.3,3.175,42532
kna,St. Kitts and Nevis,1983,7.7789,66.7,3.098,42334
kna,St. Kitts and Nevis,1984,8.7269,67.1,2.884,42113
kna,St. Kitts and Nevis,1985,9.4652,67.5,2.82,41874
kna,St. Kitts and Nevis,1986,10.5339,67.8,2.683,41618
kna,St. Kitts and Nevis,1987,11.6154,68.1,2.622,41348
kna,St. Kitts and Nevis,1988,13.0875,68.3,2.622,41062
kna,St. Kitts and Nevis,1989,14.3262,68.5,2.689,40758
kna,St. Kitts and Nevis,1990,15.374,68.8,2.725,40432
kna,St. Kitts and Nevis,1991,15.0163,69.3,2.597,40358
kna,St. Kitts and Nevis,1992,15.444,69.6,2.433,40715
kna,St. Kitts and Nevis,1993,16.2078,69.9,2.375,41242
kna,St. Kitts and Nevis,1994,16.766,70.2,2.31,41776
kna,St. Kitts and Nevis,1995,17.356,70.1,2.304,42326
kna,St. Kitts and Nevis,1996,18.0513,70.3,2.26,42877
kna,St. Kitts and Nevis,1997,18.9511,70.7,2.3,43428
kna,St. Kitts and Nevis,1998,18.5293,70.7,2.31,43998
kna,St. Kitts and Nevis,1999,18.7785,71.2,2.256,44601
kna,St. Kitts and Nevis,2000,20.2781,71.4,2.126,45248
kna,St. Kitts and Nevis,2001,20.9915,71.6,2.082,45761
kna,St. Kitts and Nevis,2002,21.0493,71.9,2.038,46020
kna,St. Kitts and Nevis,2003,20.0301,72.2,2.004,46176
kna,St. Kitts and Nevis,2004,20.6358,72.4,1.964,46315
kna,St. Kitts and Nevis,2005,22.4463,72.6,1.931,46437
kna,St. Kitts and Nevis,2006,22.9516,72.9,1.902,46569
kna,St. Kitts and Nevis,2007,22.8892,73.3,1.871,46706
kna,St. Kitts and Nevis,2008,25.2455,73.4,1.833,46835
kna,St. Kitts and Nevis,2009,24.2365,73.5,1.8,46916
kna,St. Kitts and Nevis,2010,24.157,73.6,1.762,46846
kna,St. Kitts and Nevis,2011,24.5266,73.6,1.74,46886
kna,St. Kitts and Nevis,2012,24.2696,73.9,1.713,47033
kna,St. Kitts and Nevis,2013,25.6399,74.1,1.682,47069
kna,St. Kitts and Nevis,2014,27.5709,74.2,1.665,47089
kna,St. Kitts and Nevis,2015,27.7635,74.2,1.643,47087
kna,St. Kitts and Nevis,2016,28.8627,74.3,1.633,47075
kna,St. Kitts and Nevis,2017,28.9419,74.5,1.61,47050
kna,St. Kitts and Nevis,2018,29.5481,74.7,1.587,47008
kna,St. Kitts and Nevis,2019,30.4526,74.8,1.568,46952
kna,St. Kitts and Nevis,2020,25.8379,74.1,1.55,46870
kna,St. Kitts and Nevis,2021,25.9922,73.1,1.531,46763
kna,St. Kitts and Nevis,2022,28.7136,74.3,1.512,46709
kna,St. Kitts and Nevis,2023,29.925,74.8,1.505,46758
kna,St. Kitts and Nevis,2024,30.2192,75.01,1.526,46843
kor,South Korea,1960,2.0642,56.4,5.994,26115379
kor,South Korea,1961,2.1083,56.7,5.803,26852951
kor,South Korea,1962,2.098,57.1,5.562,27509237
kor,South Korea,1963,2.1989,57.6,5.334,28145540
kor,South Korea,1964,2.3113,58.2,5.068,28744977
kor,South Korea,1965,2.3756,58.8,4.887,29284338
kor,South Korea,1966,2.5657,59.4,4.782,29845941
kor,South Korea,1967,2.675,60,4.615,30495728
kor,South Korea,1968,2.9024,60.7,4.51,31175290
kor,South Korea,1969,3.2148,61.5,4.447,31852761
kor,South Korea,1970,3.4037,62.3,4.53,32542197
kor,South Korea,1971,3.6486,63,4.54,33239853
kor,South Korea,1972,3.7963,63.7,4.12,33936465
kor,South Korea,1973,4.2366,64.4,4.07,34625849
kor,South Korea,1974,4.5103,65,3.77,35287837
kor,South Korea,1975,4.7329,65.5,3.43,35875743
kor,South Korea,1976,5.217,65.8,3,36379925
kor,South Korea,1977,5.7114,65.9,2.99,36843637
kor,South Korea,1978,6.1756,66.2,2.64,37281935
kor,South Korea,1979,6.5455,66.7,2.9,37710899
kor,South Korea,1980,6.2765,66.2,2.82,38141107
kor,South Korea,1981,6.92,67.6,2.57,38689189
kor,South Korea,1982,7.5871,67.9,2.39,39356154
kor,South Korea,1983,8.6089,67.7,2.06,40000941
kor,South Korea,1984,9.5415,68.7,1.74,40598300
kor,South Korea,1985,10.3247,69.3,1.66,41148963
kor,South Korea,1986,11.4637,69.7,1.58,41718505
kor,South Korea,1987,12.9305,70.1,1.53,42322092
kor,South Korea,1988,14.6088,70.9,1.55,42922977
kor,South Korea,1989,15.8343,71.4,1.56,43524767
kor,South Korea,1990,17.6167,71.7,1.57,44081427
kor,South Korea,1991,19.187,72.2,1.71,44439150
kor,South Korea,1992,20.0483,72.9,1.76,44653695
kor,South Korea,1993,21.0906,73.4,1.654,44887724
kor,South Korea,1994,22.6894,73.6,1.656,45130840
kor,South Korea,1995,24.4924,74.1,1.634,45368425
kor,South Korea,1996,26.0304,74.6,1.574,45638700
kor,South Korea,1997,27.2372,74.8,1.537,45941537
kor,South Korea,1998,25.523,75.1,1.464,46230878
kor,South Korea,1999,28.1218,75.6,1.425,46500383
kor,South Korea,2000,30.2862,76.2,1.48,46766661
kor,South Korea,2001,31.3799,76.8,1.309,47043468
kor,South Korea,2002,33.4784,77.1,1.178,47299120
kor,South Korea,2003,34.2314,77.6,1.191,47514160
kor,South Korea,2004,35.7475,78.1,1.164,47697075
kor,South Korea,2005,37.0915,78.7,1.085,47851644
kor,South Korea,2006,38.7354,79.2,1.132,48006518
kor,South Korea,2007,39.3775,79.6,1.259,48178118
kor,South Korea,2008,40.0302,80.1,1.192,48356493
kor,South Korea,2009,40.3062,80.5,1.149,48546687
kor,South Korea,2010,40.584,80.7,1.226,48769332
kor,South Korea,2011,41.6981,81.1,1.244,49127643
kor,South Korea,2012,42.8428,81.3,1.297,49599579
kor,South Korea,2013,43.8741,81.8,1.187,50071164
kor,South Korea,2014,44.9301,82.2,1.205,50539056
kor,South Korea,2015,49.1022,82.4,1.239,50983912
kor,South Korea,2016,53.6617,82.7,1.172,51297839
kor,South Korea,2017,55.4641,82.9,1.052,51486270
kor,South Korea,2018,56.9643,83,0.977,51640894
kor,South Korea,2019,59.1028,83.4,0.918,51767846
kor,South Korea,2020,61.3264,83.5,0.837,51858482
kor,South Korea,2021,64.3901,83.5,0.808,51848397
kor,South Korea,2022,66.1964,82.6,0.778,51782512
kor,South Korea,2023,67.0425,83.4,0.721,51748739
kor,South Korea,2024,70.0021,83.5,0.748,51717590
kwt,Kuwait,1960,37.5206,64.1,7.223,311060
kwt,Kuwait,1961,42.4754,63.4,7.248,345945
kwt,Kuwait,1962,48.0814,63.3,7.254,384995
kwt,Kuwait,1963,54.4249,63.7,7.275,427694
kwt,Kuwait,1964,61.5986,64.2,7.286,473115
kwt,Kuwait,1965,69.7178,64.6,7.314,521174
kwt,Kuwait,1966,71.9004,64.5,7.34,572590
kwt,Kuwait,1967,67.9685,64.5,7.326,628089
kwt,Kuwait,1968,68.6194,65,7.278,687716
kwt,Kuwait,1969,65.4422,65.9,7.181,749452
kwt,Kuwait,1970,97.2132,66.9,7.025,809114
kwt,Kuwait,1971,98.9486,67.4,6.839,865076
kwt,Kuwait,1972,98.0532,67.7,6.637,920352
kwt,Kuwait,1973,87.5256,67.8,6.43,977654
kwt,Kuwait,1974,72.8476,67.9,6.233,1038346
kwt,Kuwait,1975,61.095,68.2,6.059,1104863
kwt,Kuwait,1976,62.0658,68.6,5.896,1178711
kwt,Kuwait,1977,56.9326,69.1,5.712,1258023
kwt,Kuwait,1978,58.3077,69.7,5.521,1340319
kwt,Kuwait,1979,63.4351,70.2,5.333,1423514
kwt,Kuwait,1980,48.7661,70.6,5.184,1504782
kwt,Kuwait,1981,38.2368,70.9,5.021,1583426
kwt,Kuwait,1982,32.7086,71.3,4.848,1662480
kwt,Kuwait,1983,34.2478,71.6,4.658,1744295
kwt,Kuwait,1984,34.9269,72,4.452,1820688
kwt,Kuwait,1985,32.2124,72.2,4.218,1894242
kwt,Kuwait,1986,33.7128,72.3,4.003,1972520
kwt,Kuwait,1987,33.755,72.5,3.827,2052994
kwt,Kuwait,1988,30.7754,72.8,3.702,2134707
kwt,Kuwait,1989,36.2792,73.4,3.593,2217468
kwt,Kuwait,1990,27.4941,71.8,3.487,1684819
kwt,Kuwait,1991,19.836,69.9,3.398,1351399
kwt,Kuwait,1992,33.008,74.5,3.353,1634961
kwt,Kuwait,1993,45.5619,74.3,3.313,1672151
kwt,Kuwait,1994,51.58,74.4,3.272,1664361
kwt,Kuwait,1995,54.9429,74.3,3.248,1681513
kwt,Kuwait,1996,55.1807,74.2,3.223,1730246
kwt,Kuwait,1997,55.8143,74.4,3.135,1787683
kwt,Kuwait,1998,56.8941,74.6,3.039,1844302
kwt,Kuwait,1999,54.9167,75,2.952,1900030
kwt,Kuwait,2000,56.5582,75.3,2.887,1954709
kwt,Kuwait,2001,55.8048,75.3,2.839,2008121
kwt,Kuwait,2002,56.6055,75.4,2.795,2059974
kwt,Kuwait,2003,65.362,75.7,2.771,2109881
kwt,Kuwait,2004,70.8803,76.1,2.762,2157320
kwt,Kuwait,2005,75.8871,76.5,2.731,2236788
kwt,Kuwait,2006,77.3964,76.4,2.589,2364733
kwt,Kuwait,2007,77.4106,76.7,2.412,2507887
kwt,Kuwait,2008,74.9411,77,2.266,2651421
kwt,Kuwait,2009,65.8537,77.5,2.155,2795484
kwt,Kuwait,2010,60.7831,78,2.044,2943372
kwt,Kuwait,2011,62.6062,78.1,1.956,3132814
kwt,Kuwait,2012,62.6677,78.6,1.99,3337025
kwt,Kuwait,2013,60.3028,79,1.968,3507746
kwt,Kuwait,2014,57.9923,79.4,2.06,3665766
kwt,Kuwait,2015,55.7696,79.6,2.03,3834454
kwt,Kuwait,2016,54.9713,79.6,2.061,4003971
kwt,Kuwait,2017,50.4808,79.8,2.16,4154685
kwt,Kuwait,2018,49.8418,80,2.118,4323387
kwt,Kuwait,2019,49.6071,80.2,2.082,4442194
kwt,Kuwait,2020,47.6683,78.6,2.033,4400144
kwt,Kuwait,2021,48.9035,78.6,2.148,4360742
kwt,Kuwait,2022,49.6063,80.5,1.546,4589511
kwt,Kuwait,2023,46.1282,81.1,1.524,4838782
kwt,Kuwait,2024,43.8589,81.3,1.56,4934507
lao,Lao,1960,1.9812,37.4,6.292,2121514
lao,Lao,1961,1.9937,37.8,6.31,2169796
lao,Lao,1962,2.0061,39,6.313,2219910
lao,Lao,1963,2.0158,38.1,6.318,2271061
lao,Lao,1964,2.0279,38.5,6.313,2322826
lao,Lao,1965,2.0399,38.9,6.316,2376200
lao,Lao,1966,2.0518,39.3,6.307,2431084
lao,Lao,1967,2.0636,39.9,6.306,2487715
lao,Lao,1968,2.0752,40.3,6.298,2546377
lao,Lao,1969,2.0867,40.8,6.301,2606959
lao,Lao,1970,2.098,41.2,6.31,2669702
lao,Lao,1971,2.144,41.7,6.295,2734628
lao,Lao,1972,2.1555,42.2,6.284,2801660
lao,Lao,1973,2.2795,42.8,6.281,2870573
lao,Lao,1974,2.2997,44.5,6.289,2939761
lao,Lao,1975,2.3908,45,6.287,3005521
lao,Lao,1976,2.4251,45.5,6.289,3064876
lao,Lao,1977,2.3408,45.9,6.293,3118923
lao,Lao,1978,2.3274,46.3,6.298,3171740
lao,Lao,1979,2.2501,46.6,6.314,3228202
lao,Lao,1980,2.4333,47,6.332,3292573
lao,Lao,1981,2.8961,47.5,6.35,3366631
lao,Lao,1982,3.0908,48,6.369,3450026
lao,Lao,1983,3.1893,48.5,6.376,3541001
lao,Lao,1984,3.3841,48.9,6.37,3637843
lao,Lao,1985,3.6161,49.3,6.328,3739985
lao,Lao,1986,3.7303,49.7,6.255,3846715
lao,Lao,1987,3.6416,50,6.205,3957612
lao,Lao,1988,3.5477,50.3,6.158,4072601
lao,Lao,1989,3.938,50.6,6.102,4190974
lao,Lao,1990,4.1657,50.8,6.057,4311955
lao,Lao,1991,4.2327,51.2,5.986,4435118
lao,Lao,1992,4.3547,51.6,5.9,4559646
lao,Lao,1993,4.1274,51.9,5.798,4685060
lao,Lao,1994,3.912,52.3,5.598,4809220
lao,Lao,1995,3.7078,53.1,5.355,4929409
lao,Lao,1996,3.5143,53.8,5.148,5045678
lao,Lao,1997,3.3309,54.6,4.961,5152011
lao,Lao,1998,3.472,55.2,4.792,5248266
lao,Lao,1999,3.6191,56.1,4.639,5340784
lao,Lao,2000,3.7725,56.9,4.429,5431212
lao,Lao,2001,3.9323,57.8,4.29,5521482
lao,Lao,2002,4.0989,58.7,4.132,5610889
lao,Lao,2003,4.2117000000000004,59.6,4.024,5697945
lao,Lao,2004,4.3276,60.4,3.898,5781626
lao,Lao,2005,4.4467,61.1,3.685,5869523
lao,Lao,2006,4.5691,61.8,3.559,5963200
lao,Lao,2007,4.6948,62.4,3.438,6056236
lao,Lao,2008,4.9274,63,3.331,6148969
lao,Lao,2009,5.1716,63.5,3.229,6241642
lao,Lao,2010,5.4279,63.9,3.137,6334194
lao,Lao,2011,5.6968,64.3,3.049,6426590
lao,Lao,2012,5.9791,64.7,2.953,6518978
lao,Lao,2013,6.1682,64.9,2.872,6611385
lao,Lao,2014,6.3632,65.2,2.802,6703172
lao,Lao,2015,6.5644,65.4,2.796,6801645
lao,Lao,2016,6.772,65.6,2.744,6908802
lao,Lao,2017,6.9861,65.8,2.691,7018147
lao,Lao,2018,7.207,65.9,2.633,7128045
lao,Lao,2019,7.4853,66.1,2.589,7237636
lao,Lao,2020,7.4114,66.2,2.535,7346533
lao,Lao,2021,7.49,66.2,2.494,7453194
lao,Lao,2022,7.5851,66,2.455,7559007
lao,Lao,2023,7.7605,66.1,2.421,7664993
lao,Lao,2024,7.9818,66.29,2.397,7769819
lbn,Lebanon,1960,11.8154,66.6,5.877,1794406
lbn,Lebanon,1961,12.2818,67.3,5.891,1850084
lbn,Lebanon,1962,12.4378,67.9,5.902,1909578
lbn,Lebanon,1963,12.23,68.5,5.905,1970316
lbn,Lebanon,1964,12.6349,69.1,5.851,2030543
lbn,Lebanon,1965,13.5209,69.6,5.768,2088831
lbn,Lebanon,1966,14.0461,70.2,5.677,2148260
lbn,Lebanon,1967,13.013,70.7,5.569,2206731
lbn,Lebanon,1968,14.2481,71.2,5.448,2266368
lbn,Lebanon,1969,14.1741,71.7,5.316,2328159
lbn,Lebanon,1970,14.7493,72.1,5.188,2386114
lbn,Lebanon,1971,15.7388,72.5,5.05,2446314
lbn,Lebanon,1972,17.2304,73,4.912,2509729
lbn,Lebanon,1973,17.6233,73.4,4.79,2572935
lbn,Lebanon,1974,17.6669,73.8,4.654,2635185
lbn,Lebanon,1975,12.1439,67,4.521,2693191
lbn,Lebanon,1976,5.186,44,4.394,2726469
lbn,Lebanon,1977,9.4597,74.5,4.279,2762155
lbn,Lebanon,1978,9.1412,74.5,4.176,2822682
lbn,Lebanon,1979,9.968,74.5,4.077,2882635
lbn,Lebanon,1980,10.2697,74.5,4.011,2944763
lbn,Lebanon,1981,10.7091,74.5,3.953,3008981
lbn,Lebanon,1982,6.94,52.7,3.855,3054931
lbn,Lebanon,1983,8.6444,68.9,3.734,3094996
lbn,Lebanon,1984,12.6224,69.2,3.658,3152744
lbn,Lebanon,1985,15.8113,70.8,3.533,3217376
lbn,Lebanon,1986,14.7101,71.1,3.466,3300365
lbn,Lebanon,1987,17.2036,76,3.42,3385555
lbn,Lebanon,1988,12.5163,76.2,3.392,3454649
lbn,Lebanon,1989,7.3495,75.4,3.363,3525285
lbn,Lebanon,1990,7.2022,74.7,3.268,3595175
lbn,Lebanon,1991,10.4617,76.9,3.162,3668912
lbn,Lebanon,1992,11.7775,77,3.052,3747371
lbn,Lebanon,1993,12.8853,77.2,2.937,3820647
lbn,Lebanon,1994,13.8803,77.5,2.823,3889799
lbn,Lebanon,1995,14.712,77.7,2.725,3960735
lbn,Lebanon,1996,16.0916,77.9,2.698,4034781
lbn,Lebanon,1997,16.0659,78.3,2.667,4108405
lbn,Lebanon,1998,16.551,78.6,2.648,4181281
lbn,Lebanon,1999,16.3476,79,2.631,4255277
lbn,Lebanon,2000,16.4215,79.3,2.6,4329340
lbn,Lebanon,2001,16.8854,79.7,2.576,4401918
lbn,Lebanon,2002,17.3143,80.1,2.523,4463504
lbn,Lebanon,2003,17.7076,80.4,2.457,4525508
lbn,Lebanon,2004,18.6698,80.6,2.378,4599279
lbn,Lebanon,2005,18.9273,80.6,2.291,4671102
lbn,Lebanon,2006,18.9262,79.9,2.244,4751136
lbn,Lebanon,2007,20.3003,80.5,2.201,4844118
lbn,Lebanon,2008,21.7715,80.4,2.172,4925354
lbn,Lebanon,2009,23.6523,80.4,2.191,4992287
lbn,Lebanon,2010,25.2391,80.4,2.256,5041288
lbn,Lebanon,2011,25.1846,80,2.32,5096020
lbn,Lebanon,2012,23.1555,79.4,2.345,5235742
lbn,Lebanon,2013,21.2899,78.9,2.361,5743436
lbn,Lebanon,2014,19.5747,78.7,2.375,6346990
lbn,Lebanon,2015,17.9976,79,2.382,6472469
lbn,Lebanon,2016,16.5476,80,2.39,6323060
lbn,Lebanon,2017,15.2144,80.3,2.372,6160128
lbn,Lebanon,2018,13.9886,79.7,2.347,5984119
lbn,Lebanon,2019,12.8616,77.6,2.327,5794594
lbn,Lebanon,2020,11.8254,72.9,2.308,5702398
lbn,Lebanon,2021,10.8727,77,2.283,5718122
lbn,Lebanon,2022,9.9967,78.1,2.263,5744489
lbn,Lebanon,2023,9.8708,78.9,2.239,5773493
lbn,Lebanon,2024,9.3513,79,2.227,5805962
lbr,Liberia,1960,8.2549,43.7,6.391,1139522
lbr,Liberia,1961,8.8277,43.8,6.446,1167717
lbr,Liberia,1962,9.4403,44,6.504,1197039
lbr,Liberia,1963,10.0954,44.1,6.556,1227414
lbr,Liberia,1964,10.2819,44.3,6.585,1258745
lbr,Liberia,1965,10.2327,44.4,6.617,1291156
lbr,Liberia,1966,11.3667,44.6,6.628,1324383
lbr,Liberia,1967,11.2307,44.8,6.65,1358435
lbr,Liberia,1968,11.3839,45,6.657,1393530
lbr,Liberia,1969,11.82,45.3,6.644,1429605
lbr,Liberia,1970,12.1898,45.6,6.578,1466676
lbr,Liberia,1971,12.4105,45.9,6.542,1504077
lbr,Liberia,1972,12.4577,46.2,6.599,1542670
lbr,Liberia,1973,12.533,46.5,6.651,1583588
lbr,Liberia,1974,12.5475,46.8,6.691,1626362
lbr,Liberia,1975,11.7061,47,6.744,1670913
lbr,Liberia,1976,11.8997,47.3,6.793,1717060
lbr,Liberia,1977,11.6505,47.4,6.841,1766019
lbr,Liberia,1978,11.94,47.6,6.884,1818247
lbr,Liberia,1979,12.1087,47.7,6.919,1872713
lbr,Liberia,1980,10.9659,47.6,6.872,1929253
lbr,Liberia,1981,10.167,47.8,6.834,1986867
lbr,Liberia,1982,9.9675,47.8,6.788,2045073
lbr,Liberia,1983,9.2864,47.7,6.76,2107113
lbr,Liberia,1984,8.9458,47.7,6.728,2173312
lbr,Liberia,1985,8.5484000000000009,47.7,6.693,2240539
lbr,Liberia,1986,8.296,47.9,6.638,2308511
lbr,Liberia,1987,8.3448,48.1,6.572,2377229
lbr,Liberia,1988,8.5255,48.5,6.507,2446941
lbr,Liberia,1989,8.7412,49.1,6.434,2517858
lbr,Liberia,1990,4.4738,46.8,6.37,2223667
lbr,Liberia,1991,4.2915,48.4,6.323,1956518
lbr,Liberia,1992,2.5919,48.9,6.277,2072461
lbr,Liberia,1993,1.6475,47.5,6.246,2155126
lbr,Liberia,1994,1.2769,46.4,6.21,2149928
lbr,Liberia,1995,1.1993,47.8,6.173,2169162
lbr,Liberia,1996,1.2942,46.3,6.129,2232289
lbr,Liberia,1997,2.4458,49.6,6.079,2412989
lbr,Liberia,1998,2.8523,50,6.017,2670124
lbr,Liberia,1999,3.2718,50.7,5.953,2821684
lbr,Liberia,2000,4.0265,51.7,5.875,2928117
lbr,Liberia,2001,4.1089,52.7,5.774,3015338
lbr,Liberia,2002,4.2607,52.6,5.653,3094782
lbr,Liberia,2003,2.9289,52.8,5.547,3119532
lbr,Liberia,2004,2.9437,55.3,5.506,3156892
lbr,Liberia,2005,2.9721,56,5.519,3301015
lbr,Liberia,2006,3.0483,56.5,5.53,3490787
lbr,Liberia,2007,3.1838,57.2,5.462,3669050
lbr,Liberia,2008,3.3778,57.5,5.328,3821003
lbr,Liberia,2009,3.5836,57.7,5.174,3943028
lbr,Liberia,2010,3.8019,57.9,5.058,4058890
lbr,Liberia,2011,4.0336,58.2,4.97,4221178
lbr,Liberia,2012,4.2793,58.2,4.881,4373043
lbr,Liberia,2013,4.5401,58.3,4.749,4470239
lbr,Liberia,2014,4.8167,55.5,4.622,4564293
lbr,Liberia,2015,4.8371,57.7,4.523,4659431
lbr,Liberia,2016,4.8576,59.6,4.461,4755608
lbr,Liberia,2017,4.8811,60.2,4.396,4848925
lbr,Liberia,2018,4.8419,60.7,4.336,4944726
lbr,Liberia,2019,4.6298,60.9,4.257,5043721
lbr,Liberia,2020,4.3995,58.2,4.174,5149463
lbr,Liberia,2021,4.5224,56.2,4.089,5259323
lbr,Liberia,2022,4.6393,60.8,4.016,5373294
lbr,Liberia,2023,4.7507,61.5,3.95,5493031
lbr,Liberia,2024,4.8721,61.6,3.864,5612817
lby,Libya,1960,3.515,43.7,7.509,1492890
lby,Libya,1961,3.6176,44.5,7.556,1555699
lby,Libya,1962,4.4946,45.5,7.61,1621960
lby,Libya,1963,5.678,46.2,7.685,1690457
lby,Libya,1964,7.5075,47.6,7.752,1753691
lby,Libya,1965,8.9999,48.6,7.823,1804015
lby,Libya,1966,9.9449,49.7,7.891,1849063
lby,Libya,1967,10.3687,50.7,7.932,1898199
lby,Libya,1968,12.9413,51.8,7.974,1952781
lby,Libya,1969,13.5639,52.9,8.011,2014293
lby,Libya,1970,13.3048,53.8,8.048,2082589
lby,Libya,1971,12.2713,54.7,8.096,2153534
lby,Libya,1972,12.8896,55.6,8.073,2226091
lby,Libya,1973,12.5569,56.5,8.047,2314193
lby,Libya,1974,14.6476,57.6,8.02,2432211
lby,Libya,1975,14.7116,58.6,7.977,2571556
lby,Libya,1976,17.6365,59.6,7.932,2721237
lby,Libya,1977,19.0285,60.3,7.872,2881533
lby,Libya,1978,19.3599,61.7,7.789,3052526
lby,Libya,1979,20.3876,62.7,7.68,3233846
lby,Libya,1980,19.8454,63.7,7.543,3424378
lby,Libya,1981,16.262,64.6,7.371,3621486
lby,Libya,1982,16.6627,65.5,7.162,3724765
lby,Libya,1983,15.9581,66.3,6.91,3718961
lby,Libya,1984,14.7478,67.1,6.622,3773633
lby,Libya,1985,15.7415,67.9,6.328,3898745
lby,Libya,1986,13.9463,68.6,6.022,4017403
lby,Libya,1987,11.8136,66.9,5.718,4129739
lby,Libya,1988,12.0344,69.6,5.41,4237755
lby,Libya,1989,12.9027,69.9,5.091,4342920
lby,Libya,1990,14.4092,70.5,4.776,4445239
lby,Libya,1991,16.8612,70.9,4.461,4544400
lby,Libya,1992,16.5822,71.2,4.162,4640352
lby,Libya,1993,16.1167,71.7,3.883,4733045
lby,Libya,1994,16.575,72.1,3.649,4822037
lby,Libya,1995,16.3633,72.4,3.442,4906843
lby,Libya,1996,16.8799,71.9,3.256,4987393
lby,Libya,1997,17.878,72.9,3.132,5064639
lby,Libya,1998,17.3017,72.8,3.043,5140704
lby,Libya,1999,17.4599,72.9,2.972,5218038
lby,Libya,2000,18.0405,73,2.906,5305021
lby,Libya,2001,17.6885,73.1,2.866,5403639
lby,Libya,2002,17.3763,73.1,2.831,5508410
lby,Libya,2003,19.4331,73.2,2.797,5619398
lby,Libya,2004,20.0327,73.3,2.773,5736693
lby,Libya,2005,22.039,73.3,2.765,5858798
lby,Libya,2006,23.0756,73.5,2.699,5980211
lby,Libya,2007,24.0321,73.6,2.648,6104380
lby,Libya,2008,23.5629,73.8,2.599,6235430
lby,Libya,2009,21.9636,73.9,2.556,6366686
lby,Libya,2010,22.428,74,2.603,6497839
lby,Libya,2011,11.4096,71.7,2.646,6343203
lby,Libya,2012,21.8814,73.9,2.68,6179328
lby,Libya,2013,17.5866,74.3,2.716,6304628
lby,Libya,2014,13.276,72.7,2.754,6427252
lby,Libya,2015,12.9533,72.9,2.711,6531819
lby,Libya,2016,12.5672,73.2,2.673,6632126
lby,Libya,2017,16.387,74,2.626,6738770
lby,Libya,2018,17.4036,74.3,2.581,6849055
lby,Libya,2019,15.2283,74.2,2.539,6951033
lby,Libya,2020,10.5989,72.2,2.507,7045399
lby,Libya,2021,13.4308,70.3,2.462,7135175
lby,Libya,2022,12.1713,74.5,2.402,7223805
lby,Libya,2023,13.2572,70.1,2.355,7305659
lby,Libya,2024,13.0423,71.92,2.298,7381023
lca,St. Lucia,1960,0.7803,58.1,6.767,92585
lca,St. Lucia,1961,0.81,58.7,6.835,93490
lca,St. Lucia,1962,0.8377,59.3,6.818,94505
lca,St. Lucia,1963,0.8656,59.7,6.721,95519
lca,St. Lucia,1964,0.8938,60.4,6.758,96505
lca,St. Lucia,1965,0.9199,60.9,6.688,97493
lca,St. Lucia,1966,0.9447,61.4,6.607,98463
lca,St. Lucia,1967,0.9717,61.9,6.508,99504
lca,St. Lucia,1968,1.0028,62.5,6.387,100675
lca,St. Lucia,1969,1.0361,63,6.249,101879
lca,St. Lucia,1970,1.0668,63.7,6.101,103165
lca,St. Lucia,1971,1.1069,64.4,5.953,104564
lca,St. Lucia,1972,1.1241,65.1,5.813,106002
lca,St. Lucia,1973,1.1295,65.7,5.686,107498
lca,St. Lucia,1974,1.1838,66.3,5.571,109076
lca,St. Lucia,1975,1.2273,66.8,5.358,110725
lca,St. Lucia,1976,1.4397,67.2,5.161,112425
lca,St. Lucia,1977,1.5564,67.7,4.966,114135
lca,St. Lucia,1978,1.6552,68.1,4.825,115834
lca,St. Lucia,1979,1.6873,68.4,4.583,117528
lca,St. Lucia,1980,1.5761,68.5,4.412,119290
lca,St. Lucia,1981,1.7163,68.9,4.276,121166
lca,St. Lucia,1982,1.8126,69.1,4.169,123087
lca,St. Lucia,1983,1.9313,69.3,4.082,125044
lca,St. Lucia,1984,2.1125,69.5,4.018,127067
lca,St. Lucia,1985,2.3721,69.7,3.97,129159
lca,St. Lucia,1986,2.7554,69.9,3.801,131239
lca,St. Lucia,1987,2.8892,70,3.613,133227
lca,St. Lucia,1988,3.3674,70.2,3.435,135000
lca,St. Lucia,1989,3.7562,70.4,3.314,136512
lca,St. Lucia,1990,4.1689,70.6,3.238,137857
lca,St. Lucia,1991,4.2126,70.9,3.19,139520
lca,St. Lucia,1992,4.5647,71.3,3.11,141617
lca,St. Lucia,1993,4.603,71.5,2.999,143726
lca,St. Lucia,1994,4.6879,71.7,3.028,145890
lca,St. Lucia,1995,4.7744,72,3.026,148208
lca,St. Lucia,1996,5.4201,72.4,2.712,150436
lca,St. Lucia,1997,6.1533,72.9,2.743,152569
lca,St. Lucia,1998,6.9856,73.3,2.403,154677
lca,St. Lucia,1999,7.9304,73.6,2.501,156702
lca,St. Lucia,2000,9.0031,73.9,2.207,158616
lca,St. Lucia,2001,10.2209,74.1,2.125,160237
lca,St. Lucia,2002,11.6033,74.3,2.032,161641
lca,St. Lucia,2003,13.1728,74.3,1.939,162976
lca,St. Lucia,2004,14.9546,74.5,1.863,164239
lca,St. Lucia,2005,16.9773,74.7,1.807,165450
lca,St. Lucia,2006,19.2737,75,1.765,166639
lca,St. Lucia,2007,21.8806,75.3,1.7,167758
lca,St. Lucia,2008,24.8402,75.7,1.7,168808
lca,St. Lucia,2009,28.2001,75.8,1.735,169869
lca,St. Lucia,2010,32.0144,75.6,1.673,170906
lca,St. Lucia,2011,36.3447,76.1,1.5,171801
lca,St. Lucia,2012,41.2607,76.4,1.5,172587
lca,St. Lucia,2013,46.8416,76.2,1.5,173369
lca,St. Lucia,2014,53.1774,76.6,1.485,174138
lca,St. Lucia,2015,60.3702,76.7,1.473,174905
lca,St. Lucia,2016,62.1762,76.8,1.461,175646
lca,St. Lucia,2017,64.024,77,1.448,176342
lca,St. Lucia,2018,65.621,77.2,1.436,177017
lca,St. Lucia,2019,64.9253,77.4,1.424,177661
lca,St. Lucia,2020,48.9462,76.7,1.411,178250
lca,St. Lucia,2021,54.5402,74.4,1.399,178522
lca,St. Lucia,2022,65.565,76.6,1.387,178781
lca,St. Lucia,2023,66.8255,77.4,1.379,179285
lca,St. Lucia,2024,69.2489,77.51,1.385,179744
lka,Sri Lanka,1960,2.8045,62.9,5.352,9661389
lka,Sri Lanka,1961,2.8276,63.4,5.24,9899372
lka,Sri Lanka,1962,2.7934,63.4,5.177,10143754
lka,Sri Lanka,1963,2.8085,63.4,5.118,10395040
lka,Sri Lanka,1964,2.8308,63.5,5.057,10653397
lka,Sri Lanka,1965,2.8132,64,4.934,10916965
lka,Sri Lanka,1966,2.7542,64.4,4.828,11183928
lka,Sri Lanka,1967,2.9105,64.8,4.787,11457328
lka,Sri Lanka,1968,3.0016,65,4.658,11736088
lka,Sri Lanka,1969,3.0888,65.1,4.499,12013858
lka,Sri Lanka,1970,3.1908,65.3,4.387,12287110
lka,Sri Lanka,1971,3.0927,65.1,4.266,12551910
lka,Sri Lanka,1972,3.0867,65.2,4.156,12809205
lka,Sri Lanka,1973,3.1198,64.9,4.001,13060916
lka,Sri Lanka,1974,3.1513,64.3,3.855,13305693
lka,Sri Lanka,1975,3.1591,64.5,3.816,13548984
lka,Sri Lanka,1976,3.1826,65.3,3.783,13796770
lka,Sri Lanka,1977,3.265,66.3,3.741,14049371
lka,Sri Lanka,1978,3.42,67.2,3.81,14310128
lka,Sri Lanka,1979,3.5401,68.1,3.822,14579614
lka,Sri Lanka,1980,3.6547,68.7,3.725,14847974
lka,Sri Lanka,1981,3.9828,69.1,3.649,15099414
lka,Sri Lanka,1982,4.2523,69,3.32,15286567
lka,Sri Lanka,1983,4.4468,69,3.114,15388794
lka,Sri Lanka,1984,4.742,68.7,3.006,15441860
lka,Sri Lanka,1985,4.986,68.9,2.895,15544154
lka,Sri Lanka,1986,5.033,69.1,2.743,15731256
lka,Sri Lanka,1987,5.0804,69.3,2.644,15916576
lka,Sri Lanka,1988,5.1283,69.3,2.565,16078621
lka,Sri Lanka,1989,5.1766,69.5,2.578,16248557
lka,Sri Lanka,1990,5.2254,69.4,2.541,16352458
lka,Sri Lanka,1991,5.3139,69.8,2.514,16475354
lka,Sri Lanka,1992,5.4039,70.6,2.487,16739284
lka,Sri Lanka,1993,5.4954,71.3,2.438,17025918
lka,Sri Lanka,1994,5.5885,71.4,2.405,17275773
lka,Sri Lanka,1995,5.6831,70.6,2.353,17564068
lka,Sri Lanka,1996,5.8147,70.4,2.285,17905018
lka,Sri Lanka,1997,5.9494,70.7,2.215,18248200
lka,Sri Lanka,1998,6.0872,70.9,2.136,18596003
lka,Sri Lanka,1999,6.2283,71.5,2.142,18944731
lka,Sri Lanka,2000,6.3725,71.8,2.213,19293054
lka,Sri Lanka,2001,6.5202,72.5,2.283,19600362
lka,Sri Lanka,2002,6.6712,73.2,2.31,19805752
lka,Sri Lanka,2003,6.9475,73.6,2.301,19951521
lka,Sri Lanka,2004,7.2352,68.2,2.271,20087605
lka,Sri Lanka,2005,7.5348,74,2.263,20216524
lka,Sri Lanka,2006,7.8469,74,2.292,20352411
lka,Sri Lanka,2007,7.8659,74.2,2.295,20492545
lka,Sri Lanka,2008,7.8849,73.5,2.232,20629378
lka,Sri Lanka,2009,7.9039,73.4,2.179,20756435
lka,Sri Lanka,2010,8.2556,74.2,2.134,20879089
lka,Sri Lanka,2011,8.6229,75.4,2.144,21009048
lka,Sri Lanka,2012,9.0065,76,2.173,21169458
lka,Sri Lanka,2013,9.3303,76.2,2.178,21358827
lka,Sri Lanka,2014,9.6657,76.4,2.134,21547456
lka,Sri Lanka,2015,10.0131,76.6,2.09,21729971
lka,Sri Lanka,2016,10.3731,76.9,2.062,21910772
lka,Sri Lanka,2017,10.4405,77,2.044,22087522
lka,Sri Lanka,2018,10.5083,77.2,2.033,22253118
lka,Sri Lanka,2019,10.5765,77.6,2.022,22410552
lka,Sri Lanka,2020,10.034,78.2,2.007,22561807
lka,Sri Lanka,2021,10.3444,76.4,1.995,22700372
lka,Sri Lanka,2022,9.5733,76.5,1.984,22834965
lka,Sri Lanka,2023,9.4114,76.6,1.974,22971617
lka,Sri Lanka,2024,9.9373,76.8,1.952,23103565
lso,Lesotho,1960,2.1891,49.1,5.784,736500
lso,Lesotho,1961,2.1514,49.3,5.785,758824
lso,Lesotho,1962,2.3971,49.6,5.787,781814
lso,Lesotho,1963,2.5652,50,5.776,805373
lso,Lesotho,1964,2.6809,50.4,5.765,829437
lso,Lesotho,1965,2.6384,50.7,5.772,854090
lso,Lesotho,1966,2.5535,51.1,5.756,881870
lso,Lesotho,1967,2.7316,51.4,5.745,913982
lso,Lesotho,1968,2.6251,51.8,5.725,948105
lso,Lesotho,1969,2.5631,52,5.704,983202
lso,Lesotho,1970,2.5268,52.3,5.698,1019273
lso,Lesotho,1971,2.209,52.4,5.696,1056246
lso,Lesotho,1972,2.5346,52.6,5.694,1094063
lso,Lesotho,1973,3.0764,53,5.688,1132697
lso,Lesotho,1974,3.1401,53.4,5.753,1172420
lso,Lesotho,1975,2.7742,53.7,5.825,1213643
lso,Lesotho,1976,3.1071,54,5.871,1253214
lso,Lesotho,1977,3.504,54.5,5.848,1289967
lso,Lesotho,1978,4.0207,55.1,5.823,1327240
lso,Lesotho,1979,3.4339,55.6,5.789,1366169
lso,Lesotho,1980,3.2013,55.9,5.746,1406521
lso,Lesotho,1981,3.3128,56.3,5.694,1448069
lso,Lesotho,1982,3.4589,56.7,5.632,1490732
lso,Lesotho,1983,3.4965,56.9,5.56,1534413
lso,Lesotho,1984,3.7078,57.3,5.478,1578986
lso,Lesotho,1985,3.7686,57.5,5.401,1624379
lso,Lesotho,1986,3.8491,57.8,5.317,1666138
lso,Lesotho,1987,3.9562,58.1,5.222,1703390
lso,Lesotho,1988,4.0664,58.4,5.104,1739841
lso,Lesotho,1989,4.1796,58.7,4.964,1775436
lso,Lesotho,1990,4.2959,58.9,4.813,1809696
lso,Lesotho,1991,4.4155,59,4.681,1842379
lso,Lesotho,1992,4.5384,58.9,4.541,1873274
lso,Lesotho,1993,4.6648,58.5,4.365,1901793
lso,Lesotho,1994,4.7946,57.9,4.21,1927707
lso,Lesotho,1995,4.423,57,4.125,1951437
lso,Lesotho,1996,4.0801,55.7,4.058,1972418
lso,Lesotho,1997,3.7638,54,3.982,1988130
lso,Lesotho,1998,3.4721,52.1,3.815,1998049
lso,Lesotho,1999,3.2029,50,3.67,2003234
lso,Lesotho,2000,2.9546,47.9,3.605,2003913
lso,Lesotho,2001,2.7256,45.8,3.63,2000853
lso,Lesotho,2002,2.5143,43.9,3.682,1994679
lso,Lesotho,2003,2.6369,42.4,3.619,1985059
lso,Lesotho,2004,2.7655,41.4,3.508,1971129
lso,Lesotho,2005,2.9003,42.7,3.428,1953076
lso,Lesotho,2006,3.0417,45.6,3.414,1945063
lso,Lesotho,2007,3.19,49.3,3.442,1953268
lso,Lesotho,2008,3.3455,52.3,3.392,1966541
lso,Lesotho,2009,3.5086,53,3.309,1980883
lso,Lesotho,2010,3.6796,53.3,3.25,1996251
lso,Lesotho,2011,3.859,53.3,3.343,2014009
lso,Lesotho,2012,4.0471,52.9,3.296,2034354
lso,Lesotho,2013,4.2444,52.5,3.283,2056504
lso,Lesotho,2014,4.4514,51.8,3.239,2080089
lso,Lesotho,2015,4.6684,51.7,3.217,2104611
lso,Lesotho,2016,4.896,53.2,3.18,2130422
lso,Lesotho,2017,5.1347,54.8,3.105,2157110
lso,Lesotho,2018,4.9973,55.9,3.016,2183603
lso,Lesotho,2019,4.8689,56.5,2.924,2209405
lso,Lesotho,2020,4.4191,56.3,2.846,2235727
lso,Lesotho,2021,4.4677,54.9,2.769,2261542
lso,Lesotho,2022,4.5252,57.2,2.716,2286110
lso,Lesotho,2023,4.5573,57.9,2.694,2311472
lso,Lesotho,2024,4.6312,58.3,2.664,2337423
ltu,Lithuania,1960,5.7112,69.3,2.56,2769095
ltu,Lithuania,1961,5.9371,69.7,2.53,2812599
ltu,Lithuania,1962,6.003,70.1,2.45,2853287
ltu,Lithuania,1963,5.7826,70.6,2.35,2891072
ltu,Lithuania,1964,6.4455,71.1,2.28,2928854
ltu,Lithuania,1965,6.7328,71.4,2.23,2965262
ltu,Lithuania,1966,6.9846,71.4,2.22,3000357
ltu,Lithuania,1967,7.2208,71.4,2.23,3035378
ltu,Lithuania,1968,7.5718,71.2,2.24,3070265
ltu,Lithuania,1969,7.6105,71.1,2.3,3103419
ltu,Lithuania,1970,8.1232,71,2.4,3135872
ltu,Lithuania,1971,8.261,71.1,2.41,3170709
ltu,Lithuania,1972,8.2284,71.1,2.34,3204905
ltu,Lithuania,1973,8.838,71.1,2.22,3236222
ltu,Lithuania,1974,8.9164,71.1,2.21,3266362
ltu,Lithuania,1975,8.9955,71,2.18,3295733
ltu,Lithuania,1976,9.0753,70.9,2.18,3324568
ltu,Lithuania,1977,9.1558,70.8,2.14,3353247
ltu,Lithuania,1978,9.237,70.6,2.08,3380074
ltu,Lithuania,1979,9.3189,70.5,2.05,3404736
ltu,Lithuania,1980,9.4016,70.5,1.99,3428419
ltu,Lithuania,1981,9.7536,70.6,1.98,3452309
ltu,Lithuania,1982,10.1126,70.8,1.97,3477584
ltu,Lithuania,1983,10.176,70.8,2.1,3505432
ltu,Lithuania,1984,10.2499,70.8,2.07,3534124
ltu,Lithuania,1985,9.8873,71.1,2.08,3562389
ltu,Lithuania,1986,10.1861,71.5,2.12,3593780
ltu,Lithuania,1987,10.3245,71.7,2.11,3627367
ltu,Lithuania,1988,11.1034,71.7,2.02,3672646
ltu,Lithuania,1989,11.0025,71.4,1.98,3696105
ltu,Lithuania,1990,10.3568,70.9,2.03,3695012
ltu,Lithuania,1991,9.7669,70.5,2.01,3701407
ltu,Lithuania,1992,7.71,70,1.97,3697544
ltu,Lithuania,1993,6.5001,69.3,1.74,3680197
ltu,Lithuania,1994,8.1579,68.9,1.57,3654891
ltu,Lithuania,1995,10.2387,69.2,1.55,3627038
ltu,Lithuania,1996,12.8501,69.9,1.49,3599711
ltu,Lithuania,1997,13.2582,70.6,1.47,3573409
ltu,Lithuania,1998,13.6793,71.2,1.46,3547771
ltu,Lithuania,1999,13.5074,71.6,1.46,3522901
ltu,Lithuania,2000,12.7285,71.9,1.39,3500402
ltu,Lithuania,2001,12.667,71.8,1.29,3473004
ltu,Lithuania,2002,12.6537,71.7,1.23,3444050
ltu,Lithuania,2003,17.4202,71.7,1.26,3415278
ltu,Lithuania,2004,33.7873,71.5,1.27,3376699
ltu,Lithuania,2005,18.2206,71.1,1.29,3322263
ltu,Lithuania,2006,22.6918,70.9,1.33,3269808
ltu,Lithuania,2007,26.9265,71.1,1.36,3231374
ltu,Lithuania,2008,52.1394,71.6,1.45,3198481
ltu,Lithuania,2009,23.8877,72.3,1.5,3163254
ltu,Lithuania,2010,21.4925,72.9,1.5,3097720
ltu,Lithuania,2011,23.5004,73.4,1.55,3028642
ltu,Lithuania,2012,25.3044,73.8,1.6,2988329
ltu,Lithuania,2013,26.4311,74.1,1.59,2958360
ltu,Lithuania,2014,28.8782,74.5,1.57,2933168
ltu,Lithuania,2015,31.7925,74.7,1.63,2905764
ltu,Lithuania,2016,34.0129,75.1,1.63,2869110
ltu,Lithuania,2017,36.2201,75.5,1.57,2829313
ltu,Lithuania,2018,38.8933,75.9,1.53,2802478
ltu,Lithuania,2019,42.8107,76,1.43,2795058
ltu,Lithuania,2020,48.7067,75.2,1.36,2795765
ltu,Lithuania,2021,50.2282,74.3,1.36,2794488
ltu,Lithuania,2022,46.8238,75.5,1.27,2816919
ltu,Lithuania,2023,46.3305,76.6,1.18,2854099
ltu,Lithuania,2024,47.3435,76.8,1.11,2859110
lux,Luxembourg,1960,23.176,68.8,2.29,313877
lux,Luxembourg,1961,23.8526,69,NA,316342
lux,Luxembourg,1962,23.8816,69,2.37,319651
lux,Luxembourg,1963,24.3455,69.1,NA,322848
lux,Luxembourg,1964,26.0444,69.2,2.34,326233
lux,Luxembourg,1965,26.2341,69.3,2.42,329702
lux,Luxembourg,1966,26.3597,69.4,2.34,333077
lux,Luxembourg,1967,26.3939,69.5,2.24,335517
lux,Luxembourg,1968,27.5448,69.7,2.12,337007
lux,Luxembourg,1969,30.2201,69.8,2.02,338263
lux,Luxembourg,1970,30.52,69.9,1.97,339332
lux,Luxembourg,1971,31.0805,70.1,1.95,341956
lux,Luxembourg,1972,32.8012,70.4,1.75,346072
lux,Luxembourg,1973,35.1925,70.6,1.58,349201
lux,Luxembourg,1974,36.2987,70.8,1.58,351425
lux,Luxembourg,1975,33.6153,70.9,1.55,353680
lux,Luxembourg,1976,34.2774,71.2,1.48,355872
lux,Luxembourg,1977,34.6822,71.6,1.5,358245
lux,Luxembourg,1978,35.9742,72,1.48,361046
lux,Luxembourg,1979,36.6965,72.3,1.48,362894
lux,Luxembourg,1980,36.8906,72.5,1.5,363705
lux,Luxembourg,1981,39.1474,72.7,1.55,364485
lux,Luxembourg,1982,40.7994,72.9,1.49,365056
lux,Luxembourg,1983,42.8494,73.2,1.43,365490
lux,Luxembourg,1984,46.2305,73.4,1.42,365897
lux,Luxembourg,1985,49.4201,73.7,1.38,366661
lux,Luxembourg,1986,54.6333,74,1.43,368406
lux,Luxembourg,1987,60.2694,74.3,1.4,370790
lux,Luxembourg,1988,62.7072,74.6,1.51,373783
lux,Luxembourg,1989,67.9087,74.9,1.52,377377
lux,Luxembourg,1990,68.6924,75.2,1.6,381700
lux,Luxembourg,1991,68.9263,75.5,1.6,386817
lux,Luxembourg,1992,71.7297,75.8,1.64,391964
lux,Luxembourg,1993,71.8485,76,1.7,397200
lux,Luxembourg,1994,68.4663,76.4,1.72,402590
lux,Luxembourg,1995,70.1038,76.6,1.7,408227
lux,Luxembourg,1996,70.3176,76.8,1.77,413776
lux,Luxembourg,1997,72.8075,77.1,1.71,418969
lux,Luxembourg,1998,74.279,77.5,1.68,424154
lux,Luxembourg,1999,76.8582,77.8,1.74,429897
lux,Luxembourg,2000,76.7079,78.1,1.76,436132
lux,Luxembourg,2001,78.8655,78.5,1.66,441752
lux,Luxembourg,2002,83.6884,78.6,1.63,446389
lux,Luxembourg,2003,81.7989,78.8,1.62,451838
lux,Luxembourg,2004,84.0106,79.2,1.66,458296
lux,Luxembourg,2005,86.8429,79.6,1.63,465363
lux,Luxembourg,2006,85.8361,79.8,1.65,472866
lux,Luxembourg,2007,86.9583,80.1,1.61,480270
lux,Luxembourg,2008,86.6968,80.4,1.61,488990
lux,Luxembourg,2009,86.3827,80.7,1.59,498187
lux,Luxembourg,2010,84.7565,80.9,1.63,507410
lux,Luxembourg,2011,83.7675,81.1,1.52,518584
lux,Luxembourg,2012,84.917,81.4,1.57,530947
lux,Luxembourg,2013,84.3605,81.7,1.55,543354
lux,Luxembourg,2014,85.1488,81.9,1.5,556279
lux,Luxembourg,2015,79.5255,82.1,1.47,569536
lux,Luxembourg,2016,86.1654,82.3,1.41,583506
lux,Luxembourg,2017,86.3343,82.5,1.39,596495
lux,Luxembourg,2018,90.6681,82.8,1.38,608101
lux,Luxembourg,2019,91.2581,83,1.34,620163
lux,Luxembourg,2020,100.8472,82.5,1.36,630597
lux,Luxembourg,2021,100.5961,82.8,1.38,640274
lux,Luxembourg,2022,103.2674,83,1.31,653313
lux,Luxembourg,2023,100.5003,83.2,1.25,665098
lux,Luxembourg,2024,99.8461,83.4,1.25,673036
lva,Latvia,1960,8.3831,70.4,1.94,2131171
lva,Latvia,1961,8.7759,70.5,1.94,2157169
lva,Latvia,1962,8.9377,70.7,1.91,2182285
lva,Latvia,1963,8.6711,71,1.85,2205801
lva,Latvia,1964,9.7335,71.3,1.79,2229758
lva,Latvia,1965,10.2378,71.4,1.74,2252762
lva,Latvia,1966,10.6961,71.3,1.76,2274349
lva,Latvia,1967,11.1349,71,1.8,2296079
lva,Latvia,1968,11.7587,70.8,1.83,2317284
lva,Latvia,1969,11.8987,70.6,1.88,2337666
lva,Latvia,1970,12.7903,70.5,1.96,2357559
lva,Latvia,1971,13.0984,70.5,2,2377073
lva,Latvia,1972,13.1369,70.4,2,2395874
lva,Latvia,1973,14.208,70.3,1.98,2415783
lva,Latvia,1974,14.3617,70.1,1.97,2436995
lva,Latvia,1975,14.5171,69.9,1.96,2455771
lva,Latvia,1976,14.6742,69.8,1.93,2470537
lva,Latvia,1977,14.8329,69.7,1.89,2484608
lva,Latvia,1978,14.9934,69.6,1.87,2497362
lva,Latvia,1979,15.1557,69.5,1.87,2505526
lva,Latvia,1980,15.3197,69.6,1.86,2511759
lva,Latvia,1981,15.5357,69.7,1.88,2519970
lva,Latvia,1982,15.7382,69.8,1.97,2532015
lva,Latvia,1983,15.902,69.9,2.07,2546971
lva,Latvia,1984,16.1972,70.1,2.09,2562773
lva,Latvia,1985,15.704,70.3,2.08,2579231
lva,Latvia,1986,15.954,70.7,2.12,2599778
lva,Latvia,1987,15.7155,70.9,2.15,2625963
lva,Latvia,1988,16.2357,70.8,2.11,2652247
lva,Latvia,1989,17.048,70.5,2.05,2664836
lva,Latvia,1990,17.16,69.9,2.02,2660131
lva,Latvia,1991,14.9984,69.4,1.86,2648940
lva,Latvia,1992,10.2765,68.6,1.73,2614827
lva,Latvia,1993,9.7489,67.6,1.51,2563820
lva,Latvia,1994,10.6096,67.1,1.39,2521233
lva,Latvia,1995,11.5464,67.6,1.25,2485949
lva,Latvia,1996,11.1985,68.6,1.16,2457905
lva,Latvia,1997,11.0439,69.4,1.11,2433231
lva,Latvia,1998,11.2623,69.8,1.09,2410209
lva,Latvia,1999,12.138,70.1,1.16,2390822
lva,Latvia,2000,13.0817,70.3,1.25,2368313
lva,Latvia,2001,14.0988,70.4,1.22,2338301
lva,Latvia,2002,15.1949,70.6,1.26,2311351
lva,Latvia,2003,17.3333,70.8,1.32,2288984
lva,Latvia,2004,32.691,70.9,1.29,2264174
lva,Latvia,2005,17.5986,70.9,1.39,2239784
lva,Latvia,2006,20.8944,70.9,1.46,2219032
lva,Latvia,2007,51.5463,71.4,1.54,2200776
lva,Latvia,2008,50.8452,72.1,1.58,2177711
lva,Latvia,2009,41.6339,72.8,1.46,2142043
lva,Latvia,2010,20.5971,73.3,1.36,2097831
lva,Latvia,2011,21.0426,73.7,1.33,2059941
lva,Latvia,2012,21.616,74.1,1.44,2034633
lva,Latvia,2013,23.9277,74.4,1.52,2013010
lva,Latvia,2014,26.2253,74.8,1.65,1994149
lva,Latvia,2015,28.1821,75.1,1.7,1977867
lva,Latvia,2016,29.6002,75.3,1.74,1959863
lva,Latvia,2017,32.0937,75.6,1.69,1942594
lva,Latvia,2018,34.9453,75.9,1.6,1927588
lva,Latvia,2019,36.2973,76.2,1.61,1914263
lva,Latvia,2020,39.1322,75.8,1.55,1901123
lva,Latvia,2021,40.9022,73.7,1.57,1885587
lva,Latvia,2022,37.9861,74.8,1.47,1881063
lva,Latvia,2023,39.1106,75.8,1.36,1882396
lva,Latvia,2024,39.2513,75.9,1.24,1871871
mar,Morocco,1960,3.5836,45.5,6.887,11624933
mar,Morocco,1961,3.7358,47.2,6.969,11931085
mar,Morocco,1962,3.8576,47.7,7.046,12253092
mar,Morocco,1963,4.0056,48.1,7.012,12577502
mar,Morocco,1964,4.0366,48.7,6.97,12898886
mar,Morocco,1965,3.9916,49.1,6.932,13239171
mar,Morocco,1966,3.9434,49.6,6.889,13597065
mar,Morocco,1967,4.0114,50.2,6.845,13968175
mar,Morocco,1968,4.1091,50.7,6.786,14347899
mar,Morocco,1969,4.2676,51.3,6.726,14734255
mar,Morocco,1970,4.3382,51.9,6.682,15129449
mar,Morocco,1971,4.4088,52.4,6.616,15527225
mar,Morocco,1972,4.4105,53,6.545,15924692
mar,Morocco,1973,4.4371,53.6,6.481,16326269
mar,Morocco,1974,4.5471,54.3,6.397,16733842
mar,Morocco,1975,4.7294,54.8,6.299,17150786
mar,Morocco,1976,5.0902,55.5,6.175,17574182
mar,Morocco,1977,5.2135,56.2,6.036,18014756
mar,Morocco,1978,5.1877,57,5.91,18477385
mar,Morocco,1979,5.2682,57.7,5.849,18955589
mar,Morocco,1980,5.4321,58.4,5.784,19459943
mar,Morocco,1981,5.3927,59.2,5.71,19985401
mar,Morocco,1982,5.9434,59.9,5.604,20520318
mar,Morocco,1983,5.8592,60.6,5.41,21060696
mar,Morocco,1984,6.0531,61.3,5.199,21593778
mar,Morocco,1985,6.4044,62,4.988,22113953
mar,Morocco,1986,6.776,62.7,4.772,22600803
mar,Morocco,1987,7.1693,63.4,4.583,23054392
mar,Morocco,1988,7.5854,64,4.394,23500524
mar,Morocco,1989,8.0256,64.5,4.217,23939414
mar,Morocco,1990,8.4914,65,4.06,24375551
mar,Morocco,1991,8.3293,65.4,3.947,24799014
mar,Morocco,1992,8.1703,65.7,3.757,25212468
mar,Morocco,1993,8.0144,66,3.548,25614586
mar,Morocco,1994,7.8614,66.4,3.413,26000822
mar,Morocco,1995,7.7114,66.8,3.295,26399429
mar,Morocco,1996,7.5642,67.2,3.229,26808107
mar,Morocco,1997,7.4199,67.5,3.147,27213337
mar,Morocco,1998,7.2783,67.8,3.037,27621648
mar,Morocco,1999,7.3796,68,2.882,28027179
mar,Morocco,2000,7.4824,68.3,2.774,28423435
mar,Morocco,2001,7.7221,68.6,2.686,28814643
mar,Morocco,2002,7.9694,68.8,2.617,29198142
mar,Morocco,2003,8.2246,69,2.606,29571415
mar,Morocco,2004,8.488,69.2,2.611,29953018
mar,Morocco,2005,8.7599,69.5,2.613,30358144
mar,Morocco,2006,9.0404,69.8,2.611,30771178
mar,Morocco,2007,9.363,70,2.618,31186468
mar,Morocco,2008,9.6971,70.3,2.612,31606767
mar,Morocco,2009,10.0431,70.7,2.624,32030778
mar,Morocco,2010,10.4014,70.9,2.629,32467016
mar,Morocco,2011,10.7725,71.2,2.595,32912588
mar,Morocco,2012,11.1569,71.4,2.543,33355241
mar,Morocco,2013,11.555,71.6,2.478,33787571
mar,Morocco,2014,11.7212,71.9,2.425,34204780
mar,Morocco,2015,12.0853,72,2.406,34607588
mar,Morocco,2016,12.0015,72.2,2.396,35023457
mar,Morocco,2017,12.4556,72.4,2.375,35446392
mar,Morocco,2018,12.694,72.4,2.354,35839760
mar,Morocco,2019,12.9245,72.5,2.342,36210898
mar,Morocco,2020,11.8727,71.6,2.32,36584208
mar,Morocco,2021,12.7109,71.7,2.288,36954442
mar,Morocco,2022,12.7741,72.7,2.256,37329064
mar,Morocco,2023,13.0727,73,2.23,37712505
mar,Morocco,2024,13.3634,73.19,2.208,38081173
mco,Monaco,1960,53.9577,71.5,2.812,21808
mco,Monaco,1961,57.545,71.7,2.783,21901
mco,Monaco,1962,61.3727,71.9,2.756,22078
mco,Monaco,1963,65.4554,72.1,2.727,22385
mco,Monaco,1964,69.8082,72.2,2.69,22686
mco,Monaco,1965,74.4502,72.3,2.66,22941
mco,Monaco,1966,79.4019,72.3,2.625,23131
mco,Monaco,1967,84.6813,72.4,2.591,23230
mco,Monaco,1968,90.3143,72.4,2.566,23437
mco,Monaco,1969,96.3172,72.5,2.536,23831
mco,Monaco,1970,102.7224,72.6,2.5,24229
mco,Monaco,1971,109.5882,72.8,2.47,24576
mco,Monaco,1972,116.205,73,2.44,24862
mco,Monaco,1973,125.5568,73.2,2.408,25072
mco,Monaco,1974,133.0557,73.4,2.377,25235
mco,Monaco,1975,133.7923,73.6,2.351,25500
mco,Monaco,1976,142.007,73.9,2.326,25895
mco,Monaco,1977,149.568,74.1,2.306,26273
mco,Monaco,1978,158.2175,74.3,2.284,26605
mco,Monaco,1979,166.7069,74.5,2.264,26892
mco,Monaco,1980,172.4508,74.8,2.244,27122
mco,Monaco,1981,176.9537,75,2.224,27293
mco,Monaco,1982,184.2156,75.3,2.203,27561
mco,Monaco,1983,189.4,75.5,2.184,27960
mco,Monaco,1984,195.2821,75.7,2.165,28356
mco,Monaco,1985,201.8213,75.8,2.141,28731
mco,Monaco,1986,210.075,75.8,2.106,29093
mco,Monaco,1987,218.7735,75.9,2.062,29446
mco,Monaco,1988,232.5237,76,2.011,29781
mco,Monaco,1989,246.1215,76.1,1.934,30084
mco,Monaco,1990,256.6749,76.2,1.848,30358
mco,Monaco,1991,263.3285,76.3,1.786,30625
mco,Monaco,1992,271.0549,76.4,1.755,30887
mco,Monaco,1993,272.7958,76.4,1.749,31136
mco,Monaco,1994,283.3385,76.5,1.756,31375
mco,Monaco,1995,294.1743,76.6,1.783,31609
mco,Monaco,1996,302.6373,76.6,1.824,31837
mco,Monaco,1997,314.9953,76.7,1.884,32063
mco,Monaco,1998,331.9684,76.7,1.954,32267
mco,Monaco,1999,348.9839,76.8,2.007,32410
mco,Monaco,2000,368.7642,76.9,2.082,32455
mco,Monaco,2001,381.5629,77.1,2.176,32447
mco,Monaco,2002,391.2917,77.2,2.006,32422
mco,Monaco,2003,401.3404,77.2,1.914,32374
mco,Monaco,2004,417.2841,77.3,1.994,32307
mco,Monaco,2005,430.8192,77.4,2.006,32210
mco,Monaco,2006,455.6678,77.6,2.101,32057
mco,Monaco,2007,519.0246,77.8,2.206,31837
mco,Monaco,2008,520.7858,78,2.384,31836
mco,Monaco,2009,477.517,78.1,2.397,32364
mco,Monaco,2010,491.4568,78.3,2.385,33163
mco,Monaco,2011,527.1729,78.5,2.22,33946
mco,Monaco,2012,527.1729,78.7,2.294,34711
mco,Monaco,2013,525.4029,78.8,2.313,35447
mco,Monaco,2014,528.8611,79,2.485,36128
mco,Monaco,2015,533.4992,79.3,2.503,36757
mco,Monaco,2016,540.3429,79.6,2.578,37276
mco,Monaco,2017,545.4167,79.9,2.418,37678
mco,Monaco,2018,551.0532,80.2,2.485,38154
mco,Monaco,2019,590.9901,80.4,2.403,38109
mco,Monaco,2020,513.5429,79.6,2.38,38050
mco,Monaco,2021,619.9436,79.3,2.122,38527
mco,Monaco,2022,681.2835,79.8,2.114,38931
mco,Monaco,2023,715.1826,80.4,2.11,38956
mco,Monaco,2024,722.6916,80.49,2.102,38631
mda,Moldova,1960,7.9082,59.7,3.315,3076166
mda,Moldova,1961,8.2931,60.2,3.228,3143887
mda,Moldova,1962,8.4578,60.8,3.043,3209505
mda,Moldova,1963,8.2179,61.3,2.891,3271788
mda,Moldova,1964,9.2728,61.7,2.71,3330238
mda,Moldova,1965,9.8011,62.1,2.685,3385972
mda,Moldova,1966,10.2924,62.5,2.651,3440655
mda,Moldova,1967,10.766,62.9,2.617,3494202
mda,Moldova,1968,11.4271,63.2,2.592,3547082
mda,Moldova,1969,11.6236,63.5,2.566,3599990
mda,Moldova,1970,12.5595,63.6,2.565,3643517
mda,Moldova,1971,12.9023,63.3,2.563,3677927
mda,Moldova,1972,12.9847,63.1,2.564,3713997
mda,Moldova,1973,14.0901,63.2,2.566,3752623
mda,Moldova,1974,14.2496,63.5,2.564,3793847
mda,Moldova,1975,14.411,63.8,2.522,3836946
mda,Moldova,1976,14.5742,64.1,2.472,3881030
mda,Moldova,1977,14.7392,64.5,2.424,3925583
mda,Moldova,1978,14.9061,64.9,2.387,3970294
mda,Moldova,1979,15.0749,65.2,2.384,4010389
mda,Moldova,1980,15.2456,65.5,2.381,4048713
mda,Moldova,1981,16.0619,65.6,2.402,4089538
mda,Moldova,1982,16.9299,65.6,2.449,4130065
mda,Moldova,1983,17.5723,65.5,2.578,4172076
mda,Moldova,1984,17.8411,65.7,2.669,4215888
mda,Moldova,1985,16.0001,66.2,2.674,4261131
mda,Moldova,1986,16.9641,67.2,2.738,4309366
mda,Moldova,1987,16.865,68,2.776,4359064
mda,Moldova,1988,16.7034,68.3,2.628,4407769
mda,Moldova,1989,17.7078,68.4,2.463,4439380
mda,Moldova,1990,16.9745,68.2,2.392,4451148
mda,Moldova,1991,14.1405,67.9,2.278,4456609
mda,Moldova,1992,10.0153,67.3,2.217,4455711
mda,Moldova,1993,9.9001,67.1,2.112,4448239
mda,Moldova,1994,6.8585,66.5,1.993,4434456
mda,Moldova,1995,6.7933,66.3,1.825,4414211
mda,Moldova,1996,6.4147,66.8,1.709,4387655
mda,Moldova,1997,6.556,67.7,1.79,4355538
mda,Moldova,1998,5.3867,68.5,1.65,4318715
mda,Moldova,1999,4.717,68.7,1.556,4278216
mda,Moldova,2000,4.3678,68.9,1.496,4234967
mda,Moldova,2001,5.1975,69.2,1.471,4189770
mda,Moldova,2002,6.405,69.2,1.448,4142930
mda,Moldova,2003,7.6457,69.1,1.479,4095419
mda,Moldova,2004,7.5116,69.2,1.543,4046669
mda,Moldova,2005,6.7926,69.2,1.528,3988669
mda,Moldova,2006,11.5508,69.4,1.537,3921316
mda,Moldova,2007,13.0594,69.6,1.575,3851396
mda,Moldova,2008,12.7355,70,1.638,3779504
mda,Moldova,2009,12.7136,70.2,1.719,3706210
mda,Moldova,2010,12.9861,70.5,1.703,3631992
mda,Moldova,2011,13.3211,71.3,1.65,3557266
mda,Moldova,2012,13.0113,71.8,1.661,3482626
mda,Moldova,2013,13.9195,72.2,1.622,3408738
mda,Moldova,2014,13.5695,72.3,1.82,3342709
mda,Moldova,2015,14.0124,72.4,1.87,3287164
mda,Moldova,2016,13.6027,72.9,1.89,3237794
mda,Moldova,2017,13.6551,73.5,1.81,3193497
mda,Moldova,2018,14.1451,74,1.81,3153773
mda,Moldova,2019,14.3901,74.7,1.78,3112562
mda,Moldova,2020,14.3863,73.1,1.77,3069131
mda,Moldova,2021,14.3826,72.2,1.751,3023778
mda,Moldova,2022,13.3521,75.2,1.694,3039985
mda,Moldova,2023,13.902,76,1.731,3067070
mda,Moldova,2024,14.3153,76.11,1.726,3034961
mdg,Madagascar,1960,4.1804,45.4,7.343,5111029
mdg,Madagascar,1961,4.215,45.7,7.299,5246158
mdg,Madagascar,1962,4.1906,45.9,7.256,5384150
mdg,Madagascar,1963,3.9866,46.2,7.212,5525185
mdg,Madagascar,1964,4.0613,46.4,7.188,5669863
mdg,Madagascar,1965,3.947,46.7,7.171,5819116
mdg,Madagascar,1966,3.9385,47,7.156,5974279
mdg,Madagascar,1967,4.1402,47.3,7.144,6136486
mdg,Madagascar,1968,4.2897,47.7,7.131,6306493
mdg,Madagascar,1969,4.33,48,7.118,6484716
mdg,Madagascar,1970,4.4186,48.4,7.096,6672003
mdg,Madagascar,1971,4.4684,48.7,7.068,6868868
mdg,Madagascar,1972,4.284,49,7.042,7074398
mdg,Madagascar,1973,4.0594,49.4,7.011,7288048
mdg,Madagascar,1974,4.0021,49.7,6.993,7509726
mdg,Madagascar,1975,3.9301,50,6.971,7739336
mdg,Madagascar,1976,3.6891,50.2,6.954,7976831
mdg,Madagascar,1977,3.6593,50.4,6.927,8222240
mdg,Madagascar,1978,3.4506,50.6,6.904,8475864
mdg,Madagascar,1979,3.6673,50.8,6.872,8737581
mdg,Madagascar,1980,3.5765,50.9,6.838,9006032
mdg,Madagascar,1981,3.4529,51,6.774,9279011
mdg,Madagascar,1982,3.3336,51,6.699,9557671
mdg,Madagascar,1983,3.2184,51,6.626,9843044
mdg,Madagascar,1984,3.1072,51,6.547,10134550
mdg,Madagascar,1985,2.9998,51.1,6.456,10433142
mdg,Madagascar,1986,2.8962,51.1,6.343,10736857
mdg,Madagascar,1987,2.7961,51.3,6.242,11047291
mdg,Madagascar,1988,2.6995,51.4,6.178,11369462
mdg,Madagascar,1989,2.6062,51.6,6.149,11704998
mdg,Madagascar,1990,2.5162,51.8,6.14,12055639
mdg,Madagascar,1991,2.4292,51.9,6.118,12421412
mdg,Madagascar,1992,2.3453,52.1,6.082,12800870
mdg,Madagascar,1993,2.2643,52.5,6.062,13197345
mdg,Madagascar,1994,2.2393,53,6.042,13613850
mdg,Madagascar,1995,2.2146,53.7,6.036,14051275
mdg,Madagascar,1996,2.1902,54.4,6.031,14510711
mdg,Madagascar,1997,2.1661,55.1,6.023,14990814
mdg,Madagascar,1998,2.1878,55.9,5.992,15489364
mdg,Madagascar,1999,2.2098,56.4,5.839,16000506
mdg,Madagascar,2000,2.2273,57.1,5.665,16516338
mdg,Madagascar,2001,2.245,57.7,5.528,17032939
mdg,Madagascar,2002,2.2064,58.1,5.412,17549913
mdg,Madagascar,2003,2.1685,58.7,5.329,18071854
mdg,Madagascar,2004,2.1313,59.2,5.264,18606608
mdg,Madagascar,2005,2.0947,59.7,5.195,19159707
mdg,Madagascar,2006,2.0373,60,5.133,19730909
mdg,Madagascar,2007,1.9814,60.3,5.083,20318583
mdg,Madagascar,2008,1.9271,60.4,5.043,20923840
mdg,Madagascar,2009,1.8743,60.5,5.003,21547280
mdg,Madagascar,2010,1.8229,60.7,4.896,22183340
mdg,Madagascar,2011,1.767,60.8,4.737,22822300
mdg,Madagascar,2012,1.7129,60.9,4.613,23462438
mdg,Madagascar,2013,1.7053,61.1,4.527,24109290
mdg,Madagascar,2014,1.7156,61.3,4.421,24764348
mdg,Madagascar,2015,1.7232,61.4,4.335,25426702
mdg,Madagascar,2016,1.7458,61.6,4.285,26099952
mdg,Madagascar,2017,1.7679,61.8,4.259,26788375
mdg,Madagascar,2018,1.7775,62,4.246,27494926
mdg,Madagascar,2019,1.8082,62.3,4.221,28219554
mdg,Madagascar,2020,1.6366,61.6,4.17,28953556
mdg,Madagascar,2021,1.6701,60.8,4.104,29691083
mdg,Madagascar,2022,1.6969,61.8,4.036,30437261
mdg,Madagascar,2023,1.7252,62.5,3.972,31195932
mdg,Madagascar,2024,1.7544,62.7,3.912,31964956
mdv,Maldives,1960,1.2873000000000001,48.3,6.713,91189
mdv,Maldives,1961,1.3159,48.8,6.792,93450
mdv,Maldives,1962,1.3445,49.3,6.887,95802
mdv,Maldives,1963,1.374,49.7,6.941,98222
mdv,Maldives,1964,1.404,50.2,7.003,100662
mdv,Maldives,1965,1.4345,50.5,7.07,104102
mdv,Maldives,1966,1.4654,50.9,7.145,108507
mdv,Maldives,1967,1.4973,51.2,7.227,112528
mdv,Maldives,1968,1.5296,51.5,7.279,116075
mdv,Maldives,1969,1.5612,51.8,7.327,119564
mdv,Maldives,1970,1.595,52.2,7.391,123219
mdv,Maldives,1971,1.6169,52.5,7.384,127035
mdv,Maldives,1972,1.5918,52.9,7.374,130968
mdv,Maldives,1973,1.5529,53.3,7.399,134952
mdv,Maldives,1974,1.578,53.8,7.377,138978
mdv,Maldives,1975,1.398,54.2,7.321,143158
mdv,Maldives,1976,1.3575,54.5,7.292,147525
mdv,Maldives,1977,1.46,55,7.266,151930
mdv,Maldives,1978,1.6195,53.4,7.229,156159
mdv,Maldives,1979,1.7311,56.2,7.233,160360
mdv,Maldives,1980,1.9783,56.9,7.226,164835
mdv,Maldives,1981,2.1908,57.7,7.191,169532
mdv,Maldives,1982,2.2582,58.5,7.146,174333
mdv,Maldives,1983,2.4236,59.4,7.092,179128
mdv,Maldives,1984,2.885,60.4,7.025,184198
mdv,Maldives,1985,3.2092,61.3,6.939,190169
mdv,Maldives,1986,3.4069,62.1,6.846,196935
mdv,Maldives,1987,3.66,62.9,6.731,203944
mdv,Maldives,1988,3.9601,63.4,6.583,210885
mdv,Maldives,1989,4.3258,64.3,6.386,217738
mdv,Maldives,1990,4.3464,65,6.13,224762
mdv,Maldives,1991,4.35,65.4,5.796,231802
mdv,Maldives,1992,4.5048,66,5.435,238543
mdv,Maldives,1993,4.6377,66.6,5.063,244884
mdv,Maldives,1994,4.8657,67.4,4.688,250822
mdv,Maldives,1995,5.3116,68,4.292,256649
mdv,Maldives,1996,5.611,68.5,3.859,262347
mdv,Maldives,1997,5.9669,69.1,3.477,267707
mdv,Maldives,1998,6.3014,69.9,3.171,272723
mdv,Maldives,1999,6.5797,70.5,2.899,277412
mdv,Maldives,2000,6.7208,71.1,2.691,282019
mdv,Maldives,2001,6.3469,71.5,2.532,286767
mdv,Maldives,2002,6.6924,72,2.425,291616
mdv,Maldives,2003,6.8984,72.5,2.342,296491
mdv,Maldives,2004,7.1107,71.5,2.262,301413
mdv,Maldives,2005,7.3296,73.2,2.199,306429
mdv,Maldives,2006,7.5552,73.5,2.204,313851
mdv,Maldives,2007,7.7877,73.8,2.293,324479
mdv,Maldives,2008,8.0274,74.2,2.371,336170
mdv,Maldives,2009,8.2745,74.4,2.39,348275
mdv,Maldives,2010,9.2784,74.7,2.349,360792
mdv,Maldives,2011,10.4041,74.9,2.307,373674
mdv,Maldives,2012,11.6663,75.1,2.254,386818
mdv,Maldives,2013,13.0817,75.3,2.174,400070
mdv,Maldives,2014,14.6688,75.5,2.089,413617
mdv,Maldives,2015,16.4485,75.7,2.004,428154
mdv,Maldives,2016,18.444,75.8,1.903,443308
mdv,Maldives,2017,18.2018,75.9,1.798,458287
mdv,Maldives,2018,17.9627,76,1.71,473099
mdv,Maldives,2019,17.7268,76.1,1.64,487731
mdv,Maldives,2020,11.5523,76,1.613,502118
mdv,Maldives,2021,15.4534,75.1,1.599,516154
mdv,Maldives,2022,17.3231,75.6,1.583,524106
mdv,Maldives,2023,18.0767,76.1,1.575,525994
mdv,Maldives,2024,18.9398,76.38,1.56,527799
mex,Mexico,1960,4.6865,58.4,6.763,36724615
mex,Mexico,1961,4.7347,59.3,6.777,37890118
mex,Mexico,1962,4.7888,59.9,6.8,39129200
mex,Mexico,1963,5.0362,60,6.817,40424065
mex,Mexico,1964,5.4884,60.3,6.833,41772049
mex,Mexico,1965,5.6454,60.6,6.819,43174477
mex,Mexico,1966,5.8341,61,6.79,44629106
mex,Mexico,1967,5.9923,61.3,6.753,46129608
mex,Mexico,1968,6.2973,61.4,6.707,47668303
mex,Mexico,1969,6.4136,61.6,6.626,49233194
mex,Mexico,1970,6.628,62,6.529,50814953
mex,Mexico,1971,6.6699,62.6,6.419,52412558
mex,Mexico,1972,7.001,63,6.281,54030168
mex,Mexico,1973,7.338,63.3,6.121,55667284
mex,Mexico,1974,7.5398,63.9,5.947,57320149
mex,Mexico,1975,7.7331,64.6,5.739,58982400
mex,Mexico,1976,7.8371,65.1,5.543,60645512
mex,Mexico,1977,7.8794,65.7,5.361,62308493
mex,Mexico,1978,8.331,66.4,5.202,63979046
mex,Mexico,1979,8.8807,66.7,4.964,65648865
mex,Mexico,1980,9.4108,67,4.739,67300334
mex,Mexico,1981,10.5648,67.6,4.574,68892108
mex,Mexico,1982,10.6704,68.1,4.425,70433260
mex,Mexico,1983,10.236,68.6,4.296,71971240
mex,Mexico,1984,10.6059,69,4.184,73506846
mex,Mexico,1985,10.6749,69.3,4.087,75043414
mex,Mexico,1986,10.7443,69.9,3.971,76585637
mex,Mexico,1987,10.8142,70.2,3.803,78136651
mex,Mexico,1988,10.8845,70.3,3.64,79695531
mex,Mexico,1989,10.9553,70.7,3.532,81247182
mex,Mexico,1990,11.5602,71.1,3.444,82820170
mex,Mexico,1991,12.1985,71.6,3.363,84430572
mex,Mexico,1992,12.8721,71.9,3.285,86044809
mex,Mexico,1993,13.1073,72.1,3.211,87653807
mex,Mexico,1994,13.3468,72.4,3.132,89259205
mex,Mexico,1995,11.3931,72.5,3.044,90862455
mex,Mexico,1996,9.7254,72.7,2.964,92452702
mex,Mexico,1997,10.1419,73,2.886,94021207
mex,Mexico,1998,10.5762,73.4,2.815,95575245
mex,Mexico,1999,11.5395,73.8,2.763,97115707
mex,Mexico,2000,12.5906,74.5,2.714,98625552
mex,Mexico,2001,12.605,74.8,2.671,100099099
mex,Mexico,2002,12.6193,74.9,2.633,101548624
mex,Mexico,2003,12.9676,75,2.579,102978515
mex,Mexico,2004,13.3255,75.2,2.536,104394131
mex,Mexico,2005,13.7076,75.3,2.495,105811504
mex,Mexico,2006,14.3051,75.5,2.456,107253666
mex,Mexico,2007,14.4781,75.6,2.421,108774360
mex,Mexico,2008,14.6532,75.5,2.391,110374288
mex,Mexico,2009,14.1764,75.7,2.364,111999721
mex,Mexico,2010,13.7151,75.4,2.34,113623895
mex,Mexico,2011,14.3136,75.7,2.317,115243504
mex,Mexico,2012,14.9382,76,2.294,116818208
mex,Mexico,2013,14.4897,76.1,2.269,118343573
mex,Mexico,2014,14.0545,76.2,2.211,119784261
mex,Mexico,2015,14.9333,76.2,2.137,121072306
mex,Mexico,2016,15.8669,76,2.086,122251351
mex,Mexico,2017,16.0282,75.9,2.041,123400057
mex,Mexico,2018,16.1912,75.9,2.03,124573711
mex,Mexico,2019,15.7995,76,2.02,125762982
mex,Mexico,2020,15.4173,71.4,1.99,126799054
mex,Mexico,2021,16.5745,71.1,1.97,127648148
mex,Mexico,2022,17.8186,75.3,1.94,128613117
mex,Mexico,2023,18.2459,76.3,1.91,129739759
mex,Mexico,2024,18.3526,76.5,1.892,130861007
mhl,Marshall Islands,1960,4.54,50.5,8.077,14703
mhl,Marshall Islands,1961,4.6444,50.9,8.115,15219
mhl,Marshall Islands,1962,4.7542,51.4,8.122,15755
mhl,Marshall Islands,1963,4.8667,51.8,8.123,16302
mhl,Marshall Islands,1964,4.9818,52.3,8.143,16852
mhl,Marshall Islands,1965,5.0997,52.7,8.156,17402
mhl,Marshall Islands,1966,5.2175,53.1,8.199,17927
mhl,Marshall Islands,1967,5.3407,53.6,8.169,18655
mhl,Marshall Islands,1968,5.4666,54,8.143,19862
mhl,Marshall Islands,1969,5.5952,54.4,8.112,21305
mhl,Marshall Islands,1970,5.7265,54.8,8.075,22530
mhl,Marshall Islands,1971,5.8631,55.1,8.036,23366
mhl,Marshall Islands,1972,5.9971,55.5,7.995,23992
mhl,Marshall Islands,1973,6.1391,56,7.952,24581
mhl,Marshall Islands,1974,6.7674,56.5,7.899,25296
mhl,Marshall Islands,1975,6.498,56.9,7.832,26154
mhl,Marshall Islands,1976,6.282,57.4,7.757,27021
mhl,Marshall Islands,1977,6.2237,57.7,7.67,27906
mhl,Marshall Islands,1978,6.3631,58.1,7.58,28809
mhl,Marshall Islands,1979,6.2754,58.5,7.473,29738
mhl,Marshall Islands,1980,5.6023,58.8,7.37,30774
mhl,Marshall Islands,1981,5.7203,59.1,7.269,32017
mhl,Marshall Islands,1982,5.6432,59.4,7.179,33397
mhl,Marshall Islands,1983,6.2718,59.7,7.083,34811
mhl,Marshall Islands,1984,6.1493,60.1,6.988,36264
mhl,Marshall Islands,1985,5.7139,60.3,6.866,37761
mhl,Marshall Islands,1986,6.6742,60.6,6.731,39286
mhl,Marshall Islands,1987,7.2069,60.9,6.568,40828
mhl,Marshall Islands,1988,7.547,61.2,6.384,42321
mhl,Marshall Islands,1989,7.3202,61.4,6.183,43586
mhl,Marshall Islands,1990,7.7835,61.6,5.97,44629
mhl,Marshall Islands,1991,7.6241,61.7,5.757,45568
mhl,Marshall Islands,1992,8.0263,61.8,5.546,46388
mhl,Marshall Islands,1993,8.3888,61.9,5.382,47093
mhl,Marshall Islands,1994,8.7779,62.1,5.232,47712
mhl,Marshall Islands,1995,9.4028,62.2,5.091,48266
mhl,Marshall Islands,1996,8.3604,62.3,5.021,48775
mhl,Marshall Islands,1997,7.7594,62.3,4.959,49259
mhl,Marshall Islands,1998,7.6183,62.3,4.868,49717
mhl,Marshall Islands,1999,7.4394,62.4,4.783,50202
mhl,Marshall Islands,2000,7.584,62,4.695,50706
mhl,Marshall Islands,2001,8.0173,62.5,4.583,51123
mhl,Marshall Islands,2002,8.2351,62.6,4.488,51425
mhl,Marshall Islands,2003,8.0727,62.6,4.418,51639
mhl,Marshall Islands,2004,8.0075,62.7,4.34,51791
mhl,Marshall Islands,2005,8.1323,62.8,4.276,51906
mhl,Marshall Islands,2006,8.1357,62.8,4.197,51992
mhl,Marshall Islands,2007,8.4267,62.9,4.09,52035
mhl,Marshall Islands,2008,7.8032,62.9,3.967,52030
mhl,Marshall Islands,2009,8.0779,63,3.83,52019
mhl,Marshall Islands,2010,8.5206,63.1,3.673,52044
mhl,Marshall Islands,2011,8.5002,63.1,3.527,51907
mhl,Marshall Islands,2012,8.4701,63.2,3.382,51419
mhl,Marshall Islands,2013,8.9207,63.3,3.247,50681
mhl,Marshall Islands,2014,8.9649,63.4,3.18,49796
mhl,Marshall Islands,2015,9.3204,63.5,3.131,48800
mhl,Marshall Islands,2016,9.7723,63.6,3.091,47709
mhl,Marshall Islands,2017,10.3766,63.7,3.064,46529
mhl,Marshall Islands,2018,11.2467,63.9,3.038,45285
mhl,Marshall Islands,2019,12.783,64.1,3.012,44007
mhl,Marshall Islands,2020,12.8071,63.7,2.989,42706
mhl,Marshall Islands,2021,13.3833,62.3,2.964,41367
mhl,Marshall Islands,2022,13.6596,63.8,2.936,40077
mhl,Marshall Islands,2023,13.5446,64.1,2.919,38827
mhl,Marshall Islands,2024,14.3941,64.29,2.864,37548
mkd,North Macedonia,1960,4.4106,58.4,3.826,1435059
mkd,North Macedonia,1961,4.473,59,3.615,1455171
mkd,North Macedonia,1962,4.5157,59.6,3.503,1471745
mkd,North Macedonia,1963,5.2525,58.9,3.616,1488737
mkd,North Macedonia,1964,6.7232,61.3,3.56,1510900
mkd,North Macedonia,1965,6.0899,62.1,3.516,1533466
mkd,North Macedonia,1966,6.5577,63,3.432,1557349
mkd,North Macedonia,1967,6.7815,63.6,3.332,1582492
mkd,North Macedonia,1968,6.9362,64.2,3.219,1608930
mkd,North Macedonia,1969,7.5889,64.8,3.101,1636345
mkd,North Macedonia,1970,8.11,65.4,3.012,1664208
mkd,North Macedonia,1971,8.5364,66,2.927,1691216
mkd,North Macedonia,1972,8.8443,66.6,2.865,1717395
mkd,North Macedonia,1973,9.2781,67.1,2.719,1743816
mkd,North Macedonia,1974,9.6976,67.6,2.698,1770545
mkd,North Macedonia,1975,10.0294,68,2.692,1797972
mkd,North Macedonia,1976,10.3543,68.4,2.623,1825830
mkd,North Macedonia,1977,10.8839,68.7,2.49,1853138
mkd,North Macedonia,1978,11.6436,68.9,2.416,1879847
mkd,North Macedonia,1979,12.3383,69.1,2.401,1906523
mkd,North Macedonia,1980,12.3575,69.3,2.363,1933038
mkd,North Macedonia,1981,12.4142,69.5,2.293,1959065
mkd,North Macedonia,1982,12.4734,69.7,2.286,1978956
mkd,North Macedonia,1983,12.1711,69.8,2.25,1991901
mkd,North Macedonia,1984,12.5295,70,2.24,2003399
mkd,North Macedonia,1985,12.3972,70.1,2.252,2014331
mkd,North Macedonia,1986,13.2303,70.3,2.253,2024732
mkd,North Macedonia,1987,13.0318,70.5,2.315,2035157
mkd,North Macedonia,1988,12.6007,70.6,2.324,2045737
mkd,North Macedonia,1989,12.8262,70.9,2.25,2055649
mkd,North Macedonia,1990,11.5366,71.1,2.269,2063689
mkd,North Macedonia,1991,10.8653,71.3,2.31,2055994
mkd,North Macedonia,1992,10.2278,71.5,2.281,2032523
mkd,North Macedonia,1993,9.5411,71.3,2.26,2006854
mkd,North Macedonia,1994,9.4272,71.7,2.232,1992666
mkd,North Macedonia,1995,9.3051,71.8,2.13,1998534
mkd,North Macedonia,1996,9.3704,71.9,2.059,2012553
mkd,North Macedonia,1997,9.5763,72.1,1.916,2025755
mkd,North Macedonia,1998,9.8708,72.4,1.89,2037568
mkd,North Macedonia,1999,9.2875,72.5,1.77,2048087
mkd,North Macedonia,2000,8.7386,72.7,1.863,2057253
mkd,North Macedonia,2001,11.2735,72.8,1.729,2066301
mkd,North Macedonia,2002,14.5438,73.2,1.786,2074484
mkd,North Macedonia,2003,14.2165,73.5,1.745,2081411
mkd,North Macedonia,2004,17.7607,73.8,1.524,2086581
mkd,North Macedonia,2005,15.3079,73.9,1.5,2089807
mkd,North Macedonia,2006,15.7803,74.1,1.46,2089233
mkd,North Macedonia,2007,18.2663,74.2,1.46,2081972
mkd,North Macedonia,2008,21.144,74.5,1.47,2070834
mkd,North Macedonia,2009,12.0448,74.7,1.5,2060599
mkd,North Macedonia,2010,12.0458,74.9,1.6,2051505
mkd,North Macedonia,2011,12.4448,75.1,1.46,2040446
mkd,North Macedonia,2012,12.5155,75.3,1.5,2027289
mkd,North Macedonia,2013,12.5189,75.5,1.5,2013280
mkd,North Macedonia,2014,13.3308,75.6,1.5,1997833
mkd,North Macedonia,2015,13.9105,75.7,1.49,1980366
mkd,North Macedonia,2016,14.7452,75.9,1.5,1961259
mkd,North Macedonia,2017,15.3527,76.1,1.43,1940879
mkd,North Macedonia,2018,15.7613,76.2,1.42,1919728
mkd,North Macedonia,2019,17.2167,76.1,1.34,1897641
mkd,North Macedonia,2020,16.5876,74.6,1.31,1872015
mkd,North Macedonia,2021,17.5152,73.3,1.6,1851108
mkd,North Macedonia,2022,18.0515,75.9,1.6,1840233
mkd,North Macedonia,2023,18.4649,77,1.5,1831802
mkd,North Macedonia,2024,19.3511,77.1,1.4,1823009
mli,Mali,1960,1.0256,40.5,7.019,5402550
mli,Mali,1961,1.0028,40.5,7.031,5482283
mli,Mali,1962,0.9775,40.5,7.038,5563917
mli,Mali,1963,1.0199,40.5,7.046,5646605
mli,Mali,1964,0.9687,40.5,7.055,5730125
mli,Mali,1965,0.964,40.5,7.081,5815487
mli,Mali,1966,0.9767,40.5,7.111,5902204
mli,Mali,1967,0.9647,40.5,7.136,5990906
mli,Mali,1968,0.9832,40.6,7.159,6082979
mli,Mali,1969,0.9578,40.6,7.175,6177704
mli,Mali,1970,1.0005,40.8,7.181,6276472
mli,Mali,1971,1.006,40.8,7.203,6377944
mli,Mali,1972,1.0343,41.1,7.219,6483726
mli,Mali,1973,0.9884,41.3,7.223,6597106
mli,Mali,1974,0.9445,41.4,7.228,6715436
mli,Mali,1975,1.0382,41.7,7.253,6837261
mli,Mali,1976,1.1503,42,7.272,6960979
mli,Mali,1977,1.2009,42.3,7.299,7090979
mli,Mali,1978,1.152,42.7,7.319,7229651
mli,Mali,1979,1.3105,43.2,7.348,7375266
mli,Mali,1980,1.1821,43.6,7.365,7530515
mli,Mali,1981,1.1669,43.9,7.365,7692766
mli,Mali,1982,1.0716,44.4,7.32,7860194
mli,Mali,1983,1.1103,44.9,7.276,8034400
mli,Mali,1984,1.1434,45.3,7.256,8208599
mli,Mali,1985,1.1733,45.8,7.261,8374663
mli,Mali,1986,1.236,46.5,7.311,8531277
mli,Mali,1987,1.2592,47,7.312,8681164
mli,Mali,1988,1.2641,47.5,7.324,8833996
mli,Mali,1989,1.4059,47.9,7.331,8999938
mli,Mali,1990,1.5097,48.2,7.311,9178830
mli,Mali,1991,1.6123,48.9,7.28,9362888
mli,Mali,1992,1.5279,49.3,7.237,9553540
mli,Mali,1993,1.5426,49.7,7.18,9754786
mli,Mali,1994,1.5632,50,7.119,9967031
mli,Mali,1995,1.7026,50.4,7.052,10185365
mli,Mali,1996,1.8545,50.6,7.01,10407278
mli,Mali,1997,2.0199,50.1,6.971,10646495
mli,Mali,1998,2.2,50.1,6.936,10919573
mli,Mali,1999,2.3962,52.4,6.911,11227415
mli,Mali,2000,2.6099,53.1,6.886,11559290
mli,Mali,2001,2.8427,54.2,6.852,11912158
mli,Mali,2002,2.9102,55.1,6.819,12288050
mli,Mali,2003,2.9793,56.2,6.783,12684955
mli,Mali,2004,3.05,57.4,6.741,13102409
mli,Mali,2005,3.1225,58.2,6.708,13538647
mli,Mali,2006,3.1966,58.8,6.677,13990139
mli,Mali,2007,3.1391,59.5,6.647,14457775
mli,Mali,2008,3.0827,60,6.624,14940782
mli,Mali,2009,3.0272,60.4,6.592,15435539
mli,Mali,2010,3.2282,60.8,6.579,15945198
mli,Mali,2011,3.4425,61.1,6.545,16469049
mli,Mali,2012,3.671,61.5,6.523,16957033
mli,Mali,2013,3.9147,61.5,6.491,17459615
mli,Mali,2014,4.1746,61.8,6.441,18020267
mli,Mali,2015,4.4518,61.7,6.385,18593022
mli,Mali,2016,4.7473,62.1,6.319,19191289
mli,Mali,2017,5.0625,62.1,6.251,19813011
mli,Mali,2018,5.3985,62.3,6.118,20442030
mli,Mali,2019,5.1831,62.6,5.892,21068405
mli,Mali,2020,4.9763,61.3,5.85,21713836
mli,Mali,2021,4.7778,61,5.779,22388630
mli,Mali,2022,4.7988,62.8,5.692,23072640
mli,Mali,2023,4.8779,63.6,5.614,23769127
mli,Mali,2024,4.9736,63.92,5.51,24478595
mlt,Malta,1960,3.2661,68.6,3.62,330820
mlt,Malta,1961,3.2251,68.9,3.27,330849
mlt,Malta,1962,3.0793,69.1,3.24,330488
mlt,Malta,1963,3.0694,69.3,2.9,329805
mlt,Malta,1964,3.1543,69.6,2.79,328788
mlt,Malta,1965,3.3914,69.8,2.52,327398
mlt,Malta,1966,3.7549,70,2.33,325675
mlt,Malta,1967,3.9891,70.2,2.24,323813
mlt,Malta,1968,4.3682,70.3,2.12,323512
mlt,Malta,1969,4.5971,70.5,2.02,324753
mlt,Malta,1970,5.1283,70.7,2.03,326011
mlt,Malta,1971,5.2341,70.9,2.06,327293
mlt,Malta,1972,5.5705,71.3,2.01,328609
mlt,Malta,1973,5.7472,71.6,1.65,330053
mlt,Malta,1974,6.2723,71.8,1.64,331679
mlt,Malta,1975,7.4054,71.9,2.27,333450
mlt,Malta,1976,8.5916,72.1,2.21,335286
mlt,Malta,1977,9.5355,72.1,2.14,337161
mlt,Malta,1978,10.4109,72.2,2.05,339061
mlt,Malta,1979,11.3105,72.4,2.1,340971
mlt,Malta,1980,11.7649,72.5,1.99,342877
mlt,Malta,1981,12.6685,72.8,1.87,344752
mlt,Malta,1982,13.2333,73.1,1.9,346644
mlt,Malta,1983,13.4653,73.5,1.92,348591
mlt,Malta,1984,13.9986,73.9,1.95,350551
mlt,Malta,1985,14.6013,74.4,1.95,352566
mlt,Malta,1986,15.0852,74.8,1.93,355077
mlt,Malta,1987,15.9964,75.2,1.97,358080
mlt,Malta,1988,17.4403,75.7,2.06,361224
mlt,Malta,1989,19.0555,76,2.1,364522
mlt,Malta,1990,20.3609,76.3,2.02,367908
mlt,Malta,1991,21.118,76.4,1.99,371332
mlt,Malta,1992,21.8896,76.7,2.07,374795
mlt,Malta,1993,22.6508,77.2,1.96,378217
mlt,Malta,1994,23.7162,77.6,1.84,381454
mlt,Malta,1995,25.0536,77.7,1.77,384550
mlt,Malta,1996,25.8379,77.8,1.99,387624
mlt,Malta,1997,26.9995,77.9,1.93,390679
mlt,Malta,1998,28.2078,78,1.84,393774
mlt,Malta,1999,29.3727,78,1.73,396889
mlt,Malta,2000,34.3722,78.3,1.68,399895
mlt,Malta,2001,33.9804,78.7,1.48,402784
mlt,Malta,2002,34.7203,78.9,1.45,405565
mlt,Malta,2003,35.7856,79.1,1.48,408226
mlt,Malta,2004,35.7557,79.4,1.4,410798
mlt,Malta,2005,36.6396,79.5,1.38,413320
mlt,Malta,2006,37.4097,79.7,1.36,415454
mlt,Malta,2007,40.7751,80,1.35,417197
mlt,Malta,2008,41.8336,80.3,1.43,418969
mlt,Malta,2009,41.0311,80.6,1.42,420795
mlt,Malta,2010,41.5475,80.9,1.36,422651
mlt,Malta,2011,42.3912,81,1.45,424628
mlt,Malta,2012,43.9105,81.2,1.42,426611
mlt,Malta,2013,46.2705,81.6,1.36,428452
mlt,Malta,2014,48.9979,81.8,1.38,434485
mlt,Malta,2015,49.235,82,1.37,444981
mlt,Malta,2016,52.3518,82.3,1.37,455269
mlt,Malta,2017,52.7133,82.4,1.26,467902
mlt,Malta,2018,54.033,82.5,1.23,484558
mlt,Malta,2019,58.8608,82.6,1.14,504015
mlt,Malta,2020,61.4934,82.2,1.14,518207
mlt,Malta,2021,64.5308,82.3,1.13,524376
mlt,Malta,2022,65.4473,82.3,1.08,528192
mlt,Malta,2023,67.1597,83,1.06,532956
mlt,Malta,2024,68.4923,83.2,1.01,539607
mmr,Myanmar,1960,1.1829,39.8,5.901,21730250
mmr,Myanmar,1961,1.1778,40.1,5.9,22210581
mmr,Myanmar,1962,1.2462,40.6,5.904,22704719
mmr,Myanmar,1963,1.2848,41.2,5.905,23213408
mmr,Myanmar,1964,1.2366,41.4,5.907,23737315
mmr,Myanmar,1965,1.263,41.9,5.912,24279431
mmr,Myanmar,1966,1.1756,42.3,5.876,24836496
mmr,Myanmar,1967,1.1431,42.7,5.842,25406429
mmr,Myanmar,1968,1.1965,42.8,5.797,25989662
mmr,Myanmar,1969,1.205,43.3,5.747,26585112
mmr,Myanmar,1970,1.2379,43.7,5.682,27193016
mmr,Myanmar,1971,1.2344,44.4,5.615,27807219
mmr,Myanmar,1972,1.1941,44.8,5.527,28428324
mmr,Myanmar,1973,1.1796,45.2,5.435,29026388
mmr,Myanmar,1974,1.1891,45.6,5.341,29598167
mmr,Myanmar,1975,1.2056,46.1,5.249,30176565
mmr,Myanmar,1976,1.2376,46.7,5.159,30758811
mmr,Myanmar,1977,1.271,47.2,5.069,31355966
mmr,Myanmar,1978,1.3081,47.7,4.985,31972976
mmr,Myanmar,1979,1.3404,48.5,4.897,32596550
mmr,Myanmar,1980,1.3996,49.1,4.789,33227204
mmr,Myanmar,1981,1.4355,49.7,4.688,33858783
mmr,Myanmar,1982,1.4632,50.4,4.662,34482965
mmr,Myanmar,1983,1.4834,51.1,4.633,35162715
mmr,Myanmar,1984,1.4997,51.8,4.517,35899313
mmr,Myanmar,1985,1.4785,52.5,4.316,36622827
mmr,Myanmar,1986,1.4071,53.1,4.081,37314878
mmr,Myanmar,1987,1.2789,53.6,3.861,37971594
mmr,Myanmar,1988,1.1618,53.8,3.67,38600927
mmr,Myanmar,1989,1.1702,54.4,3.593,39214618
mmr,Myanmar,1990,1.1593,54.8,3.504,39817251
mmr,Myanmar,1991,1.1174,55,3.432,40394154
mmr,Myanmar,1992,1.1912,55.4,3.354,40950342
mmr,Myanmar,1993,1.2285,55.9,3.281,41502429
mmr,Myanmar,1994,1.2837,56.4,3.204,42055143
mmr,Myanmar,1995,1.3364,56.8,3.127,42605338
mmr,Myanmar,1996,1.3856,57.3,3.058,43154860
mmr,Myanmar,1997,1.4272,57.7,2.985,43708798
mmr,Myanmar,1998,1.474,58,2.912,44257793
mmr,Myanmar,1999,1.5973,58.4,2.851,44787724
mmr,Myanmar,2000,1.7766,58.8,2.813,45290841
mmr,Myanmar,2001,1.9366,59.3,2.793,45771139
mmr,Myanmar,2002,2.126,59.7,2.765,46232653
mmr,Myanmar,2003,2.3745,60.1,2.68,46667192
mmr,Myanmar,2004,2.6488,60.5,2.588,47068772
mmr,Myanmar,2005,2.9586,61,2.515,47438365
mmr,Myanmar,2006,3.2939,61.5,2.471,47785135
mmr,Myanmar,2007,3.6345,62,2.447,48125043
mmr,Myanmar,2008,3.9498,56.2,2.404,48390793
mmr,Myanmar,2009,4.314,63,2.369,48660459
mmr,Myanmar,2010,4.6734,63.4,2.335,49024382
mmr,Myanmar,2011,4.8953,63.8,2.306,49419820
mmr,Myanmar,2012,5.2102,64.2,2.276,49837446
mmr,Myanmar,2013,5.6014,64.5,2.264,50262658
mmr,Myanmar,2014,6.0089,64.8,2.252,50681634
mmr,Myanmar,2015,6.3779,65.1,2.266,51089056
mmr,Myanmar,2016,6.4594,65.3,2.27,51495696
mmr,Myanmar,2017,6.542,65.3,2.252,51894938
mmr,Myanmar,2018,6.9019,65.8,2.228,52272247
mmr,Myanmar,2019,7.3045,65.9,2.206,52640713
mmr,Myanmar,2020,6.5964,65.8,2.179,53016522
mmr,Myanmar,2021,5.7635,64,2.158,53387102
mmr,Myanmar,2022,5.955,65.5,2.131,53756787
mmr,Myanmar,2023,5.9702,65.4,2.115,54133798
mmr,Myanmar,2024,5.8724,65.6,2.098,54500091
mne,Montenegro,1960,4.1846,67.5,3.532,471197
mne,Montenegro,1961,5.0775,68,3.487,477827
mne,Montenegro,1962,5.0106,68.4,3.443,484442
mne,Montenegro,1963,5.7343,68.8,3.382,490788
mne,Montenegro,1964,6.7375,69.3,3.279,496930
mne,Montenegro,1965,6.9519,69.6,3.186,502892
mne,Montenegro,1966,7.3114,69.9,3.093,508634
mne,Montenegro,1967,7.4932,70.2,2.912,514096
mne,Montenegro,1968,7.9027,70.5,2.795,519308
mne,Montenegro,1969,8.7466,70.8,2.791,524446
mne,Montenegro,1970,9.4648,71,2.687,529671
mne,Montenegro,1971,9.8565,71.3,2.673,535109
mne,Montenegro,1972,10.4066,71.5,2.611,540698
mne,Montenegro,1973,10.4002,71.6,2.512,546262
mne,Montenegro,1974,11.0605,71.7,2.434,551732
mne,Montenegro,1975,11.4473,71.8,2.381,557151
mne,Montenegro,1976,12.0736,71.9,2.352,562630
mne,Montenegro,1977,13.4171,72,2.307,568093
mne,Montenegro,1978,14.204,72.1,2.247,573516
mne,Montenegro,1979,14.2549,71.5,2.197,579011
mne,Montenegro,1980,17.6889,72.2,2.217,584820
mne,Montenegro,1981,17.1154,72.2,2.193,589909
mne,Montenegro,1982,17.6866,72.2,2.186,593629
mne,Montenegro,1983,17.4994,72.3,2.166,596956
mne,Montenegro,1984,18.2313,72.3,2.136,600247
mne,Montenegro,1985,18.4084,72.3,2.129,603500
mne,Montenegro,1986,19.1627,72.5,2.091,606795
mne,Montenegro,1987,18.3703,72.6,2.07,610170
mne,Montenegro,1988,17.8876,72.8,2.006,613585
mne,Montenegro,1989,18.0648,73,1.938,617042
mne,Montenegro,1990,16.6044,73.1,1.945,620497
mne,Montenegro,1991,15.1076,73.2,2.015,623559
mne,Montenegro,1992,11.6557,73.3,2.013,626019
mne,Montenegro,1993,7.5111,73.2,1.955,628099
mne,Montenegro,1994,7.7311,73.1,1.936,629878
mne,Montenegro,1995,8.9689,73,1.958,631381
mne,Montenegro,1996,11.6411,73,1.922,632620
mne,Montenegro,1997,12.6427,73,1.886,633533
mne,Montenegro,1998,13.504,73,1.893,634091
mne,Montenegro,1999,12.4462,73.2,1.884,634283
mne,Montenegro,2000,13.2279,73.3,1.903,634193
mne,Montenegro,2001,13.5254,73.3,1.855,633991
mne,Montenegro,2002,13.9192,73.4,1.813,633766
mne,Montenegro,2003,14.3838,73.5,1.804,633559
mne,Montenegro,2004,15.1534,73.6,1.734,633754
mne,Montenegro,2005,15.9069,73.9,1.69,634050
mne,Montenegro,2006,16.4641,74.2,1.73,633871
mne,Montenegro,2007,20.2529,74.5,1.8,633379
mne,Montenegro,2008,21.2963,74.7,1.89,632845
mne,Montenegro,2009,20.8942,74.9,1.98,632438
mne,Montenegro,2010,18.8886,75.1,1.7,632088
mne,Montenegro,2011,18.5982,75.3,1.65,632688
mne,Montenegro,2012,34.4475,75.5,1.72,633540
mne,Montenegro,2013,34.6003,75.7,1.73,633202
mne,Montenegro,2014,36.1056,75.9,1.75,631375
mne,Montenegro,2015,17.7007,76,1.7,628145
mne,Montenegro,2016,19.3402,76.3,1.8,624249
mne,Montenegro,2017,19.0673,76.5,1.8,620114
mne,Montenegro,2018,18.5394,76.7,1.8,615795
mne,Montenegro,2019,19.3777,76.9,1.8,611667
mne,Montenegro,2020,19.0803,75.2,1.75,607935
mne,Montenegro,2021,20.637,73.2,1.75,603851
mne,Montenegro,2022,22.0106,76.2,1.8,614648
mne,Montenegro,2023,23.4079,77.1,1.74,633552
mne,Montenegro,2024,24.1079,77.3,1.8,638479
mng,Mongolia,1960,1.9114,50.6,6.817,977595
mng,Mongolia,1961,1.9922,50.9,6.963,1009284
mng,Mongolia,1962,2.0746000000000002,51.3,7.098,1041444
mng,Mongolia,1963,2.1653,51.6,7.238,1071362
mng,Mongolia,1964,2.2601,51.9,7.329,1100234
mng,Mongolia,1965,2.3547,52.2,7.377,1131177
mng,Mongolia,1966,2.4513,52.5,7.409,1163754
mng,Mongolia,1967,2.5613,53,7.389,1196996
mng,Mongolia,1968,2.6667,53.4,7.371,1229930
mng,Mongolia,1969,2.7813,54,7.337,1262284
mng,Mongolia,1970,2.9031,54.7,7.314,1295272
mng,Mongolia,1971,2.9869,55.4,7.297,1330071
mng,Mongolia,1972,3.0448,56.2,7.279,1366821
mng,Mongolia,1973,3.2589,57,7.24,1405502
mng,Mongolia,1974,3.3366,57.8,7.173,1446050
mng,Mongolia,1975,3.4941,58.3,7.066,1488296
mng,Mongolia,1976,3.5742,58.5,6.931,1531945
mng,Mongolia,1977,3.7966,58.7,6.79,1576245
mng,Mongolia,1978,4.022,58.8,6.62,1619468
mng,Mongolia,1979,4.1298,58.8,6.424,1660659
mng,Mongolia,1980,4.3411,58.8,6.211,1701335
mng,Mongolia,1981,4.6478,58.8,5.982,1742857
mng,Mongolia,1982,4.9738,59,5.801,1785364
mng,Mongolia,1983,5.1988,59.3,5.628,1829092
mng,Mongolia,1984,5.4352,59.7,5.451,1874349
mng,Mongolia,1985,5.6685,60.2,5.262,1921514
mng,Mongolia,1986,6.1146,60.9,5.029,1970965
mng,Mongolia,1987,6.2397,61.5,4.829,2022800
mng,Mongolia,1988,6.467,61.7,4.647,2076322
mng,Mongolia,1989,6.6257,61.7,4.42,2124185
mng,Mongolia,1990,6.3999,61.4,4.5,2164573
mng,Mongolia,1991,5.812,61.1,4,2202768
mng,Mongolia,1992,5.3664,61,3.5,2239123
mng,Mongolia,1993,5.3037,61.3,2.5,2273512
mng,Mongolia,1994,5.4727,61.7,2.7,2305744
mng,Mongolia,1995,5.8459,61.8,2.77,2335715
mng,Mongolia,1996,5.1145,61.8,2.5,2363465
mng,Mongolia,1997,4.4745,62.2,2.4,2389128
mng,Mongolia,1998,3.9147,62.8,2.3,2412784
mng,Mongolia,1999,4.3791,63.4,2.3,2434040
mng,Mongolia,2000,4.8987,63.9,2.2,2455182
mng,Mongolia,2001,5.4798,64.2,2.2,2477700
mng,Mongolia,2002,6.13,64.6,2.1,2500075
mng,Mongolia,2003,6.7659,65,2,2521805
mng,Mongolia,2004,7.4677,65.3,2,2542793
mng,Mongolia,2005,8.2424,65.7,2,2563461
mng,Mongolia,2006,9.0974,66.1,2.1,2584756
mng,Mongolia,2007,10.0411,66.7,2.3,2607965
mng,Mongolia,2008,9.9897,67,2.6,2634424
mng,Mongolia,2009,9.9386,67,2.8,2665326
mng,Mongolia,2010,9.8877,66.9,2.4,2701732
mng,Mongolia,2011,10.8838,67.1,2.6,2745180
mng,Mongolia,2012,12.5189,67.5,2.7,2795459
mng,Mongolia,2013,12.7841,68.1,3,2851881
mng,Mongolia,2014,13.0548,68.9,3.1,2913039
mng,Mongolia,2015,11.8764,69.5,3,2976526
mng,Mongolia,2016,10.8043,70.3,3,3040812
mng,Mongolia,2017,11.1405,70.9,2.8,3104364
mng,Mongolia,2018,11.4872,71.4,2.9,3167706
mng,Mongolia,2019,12.1403,72.3,3,3232113
mng,Mongolia,2020,12.8305,72.6,2.9,3290785
mng,Mongolia,2021,13.5599,70.6,2.8,3339674
mng,Mongolia,2022,14.3309,72.1,2.7,3386015
mng,Mongolia,2023,15.1849,73.1,2.7,3431932
mng,Mongolia,2024,15.7263,73.41,2.5,3475540
moz,Mozambique,1960,1.5877,49.7,6.312,6713695
moz,Mozambique,1961,1.5828,49.8,6.366,6834936
moz,Mozambique,1962,1.6118,50,6.424,6969364
moz,Mozambique,1963,1.616,50.1,6.474,7109828
moz,Mozambique,1964,1.6413,49.6,6.513,7255061
moz,Mozambique,1965,1.6649,49.7,6.544,7406421
moz,Mozambique,1966,1.689,49.8,6.577,7562990
moz,Mozambique,1967,1.7773,49.9,6.607,7724550
moz,Mozambique,1968,1.8273,50,6.646,7892613
moz,Mozambique,1969,1.8969,50.2,6.672,8066951
moz,Mozambique,1970,1.8638,50.4,6.699,8250506
moz,Mozambique,1971,1.8928,50.5,6.701,8456317
moz,Mozambique,1972,1.89,50.6,6.701,8692935
moz,Mozambique,1973,1.8744,50.7,6.698,8954242
moz,Mozambique,1974,1.8611,50.9,6.671,9236093
moz,Mozambique,1975,1.8063,51.4,6.659,9540817
moz,Mozambique,1976,1.7774,51.4,6.641,9867209
moz,Mozambique,1977,1.6965,51.2,6.617,10224975
moz,Mozambique,1978,1.6211,51.3,6.592,10618250
moz,Mozambique,1979,1.5716,51.2,6.564,11028809
moz,Mozambique,1980,1.5502,51.3,6.53,11336221
moz,Mozambique,1981,1.6632,48.5,6.48,11568127
moz,Mozambique,1982,1.5892,48.6,6.43,11824370
moz,Mozambique,1983,1.3894,48.6,6.434,12073822
moz,Mozambique,1984,1.3209,46.1,6.438,12315954
moz,Mozambique,1985,1.2879,46.1,6.43,12548949
moz,Mozambique,1986,1.2792,48.1,6.413,12770578
moz,Mozambique,1987,1.4452,48.2,6.393,12822574
moz,Mozambique,1988,1.601,51.5,6.367,12800558
moz,Mozambique,1989,1.7304,52.1,6.348,12906842
moz,Mozambique,1990,1.7656,52.3,6.319,13094537
moz,Mozambique,1991,1.7949,52.7,6.276,13352090
moz,Mozambique,1992,1.614,53.1,6.218,13613316
moz,Mozambique,1993,1.7036,53.4,6.153,14051192
moz,Mozambique,1994,1.6806,53.7,6.082,15033853
moz,Mozambique,1995,1.6058,53.8,6.019,15960530
moz,Mozambique,1996,1.7412,54,5.973,16492480
moz,Mozambique,1997,1.7726,54,5.933,16949982
moz,Mozambique,1998,1.8046,54,5.905,17340464
moz,Mozambique,1999,1.8371,54,5.875,17734506
moz,Mozambique,2000,1.8702,54,5.83,18129653
moz,Mozambique,2001,1.9039,54.3,5.755,18537729
moz,Mozambique,2002,1.9382,54.4,5.667,18958338
moz,Mozambique,2003,1.9981,54.6,5.6,19392475
moz,Mozambique,2004,2.0598,54.9,5.551,19840313
moz,Mozambique,2005,2.1234,55.5,5.5,20304569
moz,Mozambique,2006,2.189,56.5,5.452,20787087
moz,Mozambique,2007,2.2566,57.6,5.466,21287635
moz,Mozambique,2008,2.3263,58.6,5.598,21819036
moz,Mozambique,2009,2.4459,59.4,5.681,22391745
moz,Mozambique,2010,2.5716,60,5.66,22999235
moz,Mozambique,2011,2.7038,60.1,5.599,23649039
moz,Mozambique,2012,2.8427,59.8,5.518,24337846
moz,Mozambique,2013,2.9889,60.1,5.43,25051611
moz,Mozambique,2014,3.1425,61.2,5.304,25788475
moz,Mozambique,2015,2.9518,62.1,5.245,26547572
moz,Mozambique,2016,2.7727,62.7,5.188,27337105
moz,Mozambique,2017,2.6044,63,5.128,28166393
moz,Mozambique,2018,2.4464,63.2,5.07,29018644
moz,Mozambique,2019,2.2979,63.1,5.016,29884380
moz,Mozambique,2020,2.2036,62.8,4.959,30783688
moz,Mozambique,2021,2.1902,60.5,4.905,31707800
moz,Mozambique,2022,2.2194,64,4.84,32656246
moz,Mozambique,2023,2.272,64.9,4.763,33635160
moz,Mozambique,2024,2.2475,65.1,4.69,34631766
mrt,Mauritania,1960,1.5169,53.2,6.149,824298
mrt,Mauritania,1961,1.6549,53.4,6.199,846167
mrt,Mauritania,1962,1.6721,53.5,6.244,869184
mrt,Mauritania,1963,1.6157,53.6,6.312,893423
mrt,Mauritania,1964,2.22,53.9,6.37,918955
mrt,Mauritania,1965,2.5561,54.2,6.444,945838
mrt,Mauritania,1966,2.5775,54.4,6.516,974157
mrt,Mauritania,1967,2.7177,54.6,6.568,1003843
mrt,Mauritania,1968,3.0316,54.8,6.603,1034739
mrt,Mauritania,1969,2.9785,55.1,6.643,1066754
mrt,Mauritania,1970,3.2972,55.3,6.677,1099806
mrt,Mauritania,1971,3.301,55.4,6.696,1133702
mrt,Mauritania,1972,3.2875,55.6,6.706,1168355
mrt,Mauritania,1973,3.2388,55.7,6.718,1203838
mrt,Mauritania,1974,3.4888,56,6.73,1240188
mrt,Mauritania,1975,3.8137,55.5,6.713,1277330
mrt,Mauritania,1976,4.0348,55.8,6.727,1315336
mrt,Mauritania,1977,3.9881,56,6.736,1353768
mrt,Mauritania,1978,3.6565,56.2,6.727,1392713
mrt,Mauritania,1979,3.985,57.2,6.702,1432758
mrt,Mauritania,1980,3.9711,57.6,6.671,1474043
mrt,Mauritania,1981,4.0867000000000004,57.9,6.635,1516877
mrt,Mauritania,1982,3.7315,58.2,6.588,1561176
mrt,Mauritania,1983,3.782,58.4,6.541,1606746
mrt,Mauritania,1984,3.659,58.8,6.483,1653693
mrt,Mauritania,1985,3.7394,59.1,6.423,1702107
mrt,Mauritania,1986,3.9123,59.4,6.343,1751835
mrt,Mauritania,1987,3.9572,59.6,6.271,1803014
mrt,Mauritania,1988,4.0506,59.9,6.213,1855859
mrt,Mauritania,1989,4.1462,60.1,6.195,1903048
mrt,Mauritania,1990,4.2441,60.6,6.175,1951878
mrt,Mauritania,1991,4.3443,61,6.157,2009738
mrt,Mauritania,1992,4.4468,61.3,6.126,2088135
mrt,Mauritania,1993,4.5518,61.4,6.093,2174328
mrt,Mauritania,1994,4.8792,62.1,6.058,2249454
mrt,Mauritania,1995,5.2302,62.6,5.962,2312017
mrt,Mauritania,1996,5.3022,62.8,5.861,2358188
mrt,Mauritania,1997,5.3752,63.1,5.743,2411306
mrt,Mauritania,1998,5.4492,63,5.623,2474651
mrt,Mauritania,1999,5.5242000000000004,63.6,5.524,2541698
mrt,Mauritania,2000,5.6002,63.7,5.456,2613441
mrt,Mauritania,2001,5.6437,63.8,5.407,2678760
mrt,Mauritania,2002,5.6875,64,5.373,2738655
mrt,Mauritania,2003,5.7316,64.3,5.364,2802046
mrt,Mauritania,2004,5.7761,64.4,5.374,2868664
mrt,Mauritania,2005,5.976,64.6,5.376,2939059
mrt,Mauritania,2006,6.1829,64.8,5.404,3013660
mrt,Mauritania,2007,6.397,65.3,5.426,3093059
mrt,Mauritania,2008,6.6185,65.7,5.436,3183269
mrt,Mauritania,2009,6.7184,65.7,5.406,3284448
mrt,Mauritania,2010,6.8198,66,5.384,3390965
mrt,Mauritania,2011,6.9228,66.3,5.38,3502811
mrt,Mauritania,2012,7.0273,66.4,5.352,3619034
mrt,Mauritania,2013,7.1334,66.6,5.317,3734318
mrt,Mauritania,2014,7.2411,67.2,5.261,3848514
mrt,Mauritania,2015,7.2342,67.4,5.211,3965959
mrt,Mauritania,2016,7.2274,67.9,5.157,4086657
mrt,Mauritania,2017,7.2205,67.8,5.106,4210600
mrt,Mauritania,2018,7.2137,68.1,5.044,4337685
mrt,Mauritania,2019,7.2069,68,4.984,4467708
mrt,Mauritania,2020,6.9742,66.1,4.912,4600131
mrt,Mauritania,2021,6.826,65.4,4.848,4734874
mrt,Mauritania,2022,7.0795,66.9,4.77,4875637
mrt,Mauritania,2023,7.3197,68.1,4.697,5022441
mrt,Mauritania,2024,7.4815,68.3,4.625,5169395
mus,Mauritius,1960,3.8606,58.7,5.897,680331
mus,Mauritius,1961,3.9976,59.4,5.982,692529
mus,Mauritius,1962,4.4868,60,5.877,705274
mus,Mauritius,1963,4.4721,60.8,6.18,720351
mus,Mauritius,1964,4.7303,61.4,5.956,736537
mus,Mauritius,1965,4.3356,61.9,5.508,752660
mus,Mauritius,1966,4.2199,62.3,5.46,768650
mus,Mauritius,1967,4.0943,62.6,4.626,784257
mus,Mauritius,1968,3.8462,62.8,4.596,799280
mus,Mauritius,1969,3.6421,63.1,3.965,813741
mus,Mauritius,1970,3.6429,63.4,3.82,827696
mus,Mauritius,1971,3.6012,63.8,3.508,841106
mus,Mauritius,1972,3.8507,64.1,3.407,853604
mus,Mauritius,1973,4.1924,64.3,3.071,865144
mus,Mauritius,1974,4.403,64.4,3.453,876463
mus,Mauritius,1975,4.3336,64.6,3.197,888023
mus,Mauritius,1976,5.1425,64.9,3.129,899852
mus,Mauritius,1977,5.3142,65.2,3.071,912147
mus,Mauritius,1978,5.35,65.7,3.011,925277
mus,Mauritius,1979,5.3713,66.3,2.914,939387
mus,Mauritius,1980,4.6913,66.9,2.803,954216
mus,Mauritius,1981,5.0884,67.5,2.666,969218
mus,Mauritius,1982,5.4278,68,2.534,983610
mus,Mauritius,1983,5.463,68.4,2.396,997366
mus,Mauritius,1984,5.7306,68.7,2.16,1011238
mus,Mauritius,1985,6.1332,68.9,2.02,1025063
mus,Mauritius,1986,6.7006,69.1,1.99,1038344
mus,Mauritius,1987,7.376,69.3,2.05,1051111
mus,Mauritius,1988,7.9325,69.5,2.14,1063593
mus,Mauritius,1989,8.3755,69.6,2.23,1075982
mus,Mauritius,1990,9.0731,69.8,2.32,1089024
mus,Mauritius,1991,9.2533,70.1,2.3,1103041
mus,Mauritius,1992,9.6067,70.4,2.37,1117670
mus,Mauritius,1993,9.8594,70.4,2.21,1132393
mus,Mauritius,1994,10.0226,70.8,2.25,1146548
mus,Mauritius,1995,10.2535,70.9,2.14,1159821
mus,Mauritius,1996,10.5999,70.9,2.12,1172383
mus,Mauritius,1997,10.9647,71.1,2.04,1184299
mus,Mauritius,1998,11.4066,71.5,1.97,1195105
mus,Mauritius,1999,11.4638,71.8,2.05,1205891
mus,Mauritius,2000,12.1841,72,1.99,1216629
mus,Mauritius,2001,12.3976,72.2,1.91,1225801
mus,Mauritius,2002,12.4223,72.4,1.94,1234085
mus,Mauritius,2003,12.9773,72.6,1.87,1242099
mus,Mauritius,2004,13.374,72.8,1.92,1249800
mus,Mauritius,2005,13.4581,72.8,1.88,1257215
mus,Mauritius,2006,13.9786,73,1.77,1263781
mus,Mauritius,2007,14.2756,73.3,1.74,1269518
mus,Mauritius,2008,14.579,73.5,1.67,1274635
mus,Mauritius,2009,14.8888,73.8,1.59,1278972
mus,Mauritius,2010,15.2051,74,1.57,1282709
mus,Mauritius,2011,15.5282,74.2,1.55,1286267
mus,Mauritius,2012,15.8582,74.4,1.56,1289170
mus,Mauritius,2013,16.1778,74.6,1.45,1290984
mus,Mauritius,2014,16.5038,74.8,1.44,1292005
mus,Mauritius,2015,16.8364,74.8,1.37,1292275
mus,Mauritius,2016,17.1757,74.8,1.41,1291803
mus,Mauritius,2017,17.5218,74.8,1.46,1290655
mus,Mauritius,2018,18.2139,74.8,1.42,1288833
mus,Mauritius,2019,18.7345,74.9,1.41,1286270
mus,Mauritius,2020,16.0089,74.6,1.46,1283223
mus,Mauritius,2021,16.5496,72.8,1.42,1279623
mus,Mauritius,2022,18.0426,73.4,1.33,1276130
mus,Mauritius,2023,18.9684,73.8,1.4,1273588
mus,Mauritius,2024,19.8829,74,1.44,1271169
mwi,Malawi,1960,3.0044,43.7,7.042,3628134
mwi,Malawi,1961,3.1245,43.9,7.067,3715534
mwi,Malawi,1962,2.9183,44.1,7.095,3806307
mwi,Malawi,1963,2.7908,44.3,7.127,3900506
mwi,Malawi,1964,2.6585,44.4,7.114,3997305
mwi,Malawi,1965,3.0318,44.5,7.126,4096157
mwi,Malawi,1966,3.3006,44.8,7.174,4197926
mwi,Malawi,1967,3.3451,45,7.213,4303012
mwi,Malawi,1968,3.2543,45,7.262,4411054
mwi,Malawi,1969,3.4061,45.1,7.274,4521184
mwi,Malawi,1970,3.5615,45,7.295,4633944
mwi,Malawi,1971,3.9382,44.9,7.311,4751434
mwi,Malawi,1972,4.1926,44.7,7.326,4874475
mwi,Malawi,1973,4.269,44.4,7.338,5003938
mwi,Malawi,1974,4.4059,44.1,7.344,5141337
mwi,Malawi,1975,4.4419,43.9,7.359,5287367
mwi,Malawi,1976,4.4975,43.9,7.387,5443384
mwi,Malawi,1977,4.5354,43.8,7.408,5614983
mwi,Malawi,1978,4.7404,44.1,7.434,5810132
mwi,Malawi,1979,4.7432,44.3,7.465,6028749
mwi,Malawi,1980,4.8214,44.6,7.518,6265529
mwi,Malawi,1981,4.6544,44.8,7.493,6516454
mwi,Malawi,1982,4.7542,45,7.451,6778879
mwi,Malawi,1983,4.8933,45.1,7.361,7051709
mwi,Malawi,1984,5.0667,45.2,7.265,7332810
mwi,Malawi,1985,5.2365,45.3,7.17,7620508
mwi,Malawi,1986,5.0408,45.3,7.069,7906480
mwi,Malawi,1987,4.9014,45.3,6.97,8293174
mwi,Malawi,1988,4.849,45.4,6.876,8753262
mwi,Malawi,1989,4.8267,45.5,6.803,9176220
mwi,Malawi,1990,5.0022,45.6,6.74,9545852
mwi,Malawi,1991,5.2547,45.6,6.681,9844227
mwi,Malawi,1992,4.7133,45.7,6.63,10135079
mwi,Malawi,1993,5.0867000000000004,45.6,6.573,10284024
mwi,Malawi,1994,4.622,45.4,6.488,10164894
mwi,Malawi,1995,5.3731,44.8,6.392,10150117
mwi,Malawi,1996,5.6707,44.5,6.285,10352228
mwi,Malawi,1997,5.7797,44.5,6.231,10562035
mwi,Malawi,1998,5.1953,44.5,6.205,10792876
mwi,Malawi,1999,4.6701,44.7,6.124,11047804
mwi,Malawi,2000,4.1979,44.9,6.002,11315942
mwi,Malawi,2001,3.7735,45.3,5.943,11593058
mwi,Malawi,2002,3.392,45.7,5.903,11880440
mwi,Malawi,2003,3.049,46.6,5.875,12181574
mwi,Malawi,2004,2.7408,47.5,5.864,12500737
mwi,Malawi,2005,2.7584,49.2,5.848,12840031
mwi,Malawi,2006,2.7761,51.4,5.802,13198701
mwi,Malawi,2007,2.7939,53.6,5.724,13576343
mwi,Malawi,2008,2.8119,55.4,5.609,13976417
mwi,Malawi,2009,2.8299,56.7,5.453,14395788
mwi,Malawi,2010,2.8481,57.3,5.263,14826463
mwi,Malawi,2011,2.8934,58.2,5.083,15265022
mwi,Malawi,2012,2.9394,59.1,4.902,15709577
mwi,Malawi,2013,2.9861,59.9,4.759,16161816
mwi,Malawi,2014,3.0336,60.5,4.569,16621538
mwi,Malawi,2015,3.0818,60.7,4.384,17085587
mwi,Malawi,2016,3.1308,61,4.216,17557739
mwi,Malawi,2017,2.9396,61.3,4.113,18039715
mwi,Malawi,2018,2.7601,61.5,4.021,18528081
mwi,Malawi,2019,2.5915,61.8,3.952,19025752
mwi,Malawi,2020,2.5441,61.2,3.877,19533888
mwi,Malawi,2021,2.592,55.6,3.791,20047258
mwi,Malawi,2022,2.5495,61.2,3.72,20568728
mwi,Malawi,2023,2.5318,62,3.648,21104482
mwi,Malawi,2024,2.5125,62.18,3.59,21655286
mys,Malaysia,1960,4.9633,58.7,6.412,7956197
mys,Malaysia,1961,5.1394,59.1,6.367,8164443
mys,Malaysia,1962,5.2597,59.5,6.296,8380172
mys,Malaysia,1963,5.3636,60.1,6.191,8602160
mys,Malaysia,1964,5.4986,60.9,6.03,8828406
mys,Malaysia,1965,5.713,61.5,5.836,9056408
mys,Malaysia,1966,5.856,61.9,5.635,9284688
mys,Malaysia,1967,5.8137,62.4,5.433,9507099
mys,Malaysia,1968,6.105,62.7,5.291,9725281
mys,Malaysia,1969,6.2517,63.1,5.159,9947597
mys,Malaysia,1970,6.4402,63.5,5.035,10178802
mys,Malaysia,1971,7.1316,63.9,4.924,10423453
mys,Malaysia,1972,7.5225,64.5,4.822,10676835
mys,Malaysia,1973,8.289,65,4.727,10935621
mys,Malaysia,1974,8.7034,65.5,4.619,11200906
mys,Malaysia,1975,8.5384,65.9,4.501,11471914
mys,Malaysia,1976,9.3027,66.4,4.398,11750097
mys,Malaysia,1977,9.7656,66.9,4.282,12035713
mys,Malaysia,1978,10.2194,67.4,4.179,12328157
mys,Malaysia,1979,10.8086,67.8,4.091,12627862
mys,Malaysia,1980,11.3292,68.3,4.035,12983363
mys,Malaysia,1981,12.4258,68.6,4.002,13399203
mys,Malaysia,1982,13.2748,69,3.967,13832798
mys,Malaysia,1983,14.0586,69.4,3.928,14285907
mys,Malaysia,1984,15.0949,69.7,3.885,14759009
mys,Malaysia,1985,14.8987,70.2,3.804,15252258
mys,Malaysia,1986,14.705,70.6,3.699,15760419
mys,Malaysia,1987,14.5139,70.9,3.565,16276737
mys,Malaysia,1988,14.395,71.1,3.502,16796605
mys,Malaysia,1989,14.2772,71.3,3.313,17314997
mys,Malaysia,1990,14.7821,71.4,3.304,17833171
mys,Malaysia,1991,15.3049,71.6,3.339,18342464
mys,Malaysia,1992,15.8462,71.9,3.373,18834572
mys,Malaysia,1993,16.0569,72,3.364,19322664
mys,Malaysia,1994,16.2704,72.1,3.346,19820446
mys,Malaysia,1995,16.4868,72.1,3.317,20330599
mys,Malaysia,1996,18.4063,72.3,3.297,20850087
mys,Malaysia,1997,20.5493,72.5,3.227,21375218
mys,Malaysia,1998,20.276,72.5,3.12,21906713
mys,Malaysia,1999,20.0063,72.4,3.068,22435531
mys,Malaysia,2000,19.7402,72.7,2.942,22967816
mys,Malaysia,2001,19.4776,73.1,2.807,23526538
mys,Malaysia,2002,19.2186,73.4,2.658,24102477
mys,Malaysia,2003,18.9629,73.5,2.601,24679602
mys,Malaysia,2004,19.5206,73.8,2.493,25256772
mys,Malaysia,2005,20.0947,74.2,2.391,25836071
mys,Malaysia,2006,20.6857,74.5,2.308,26417909
mys,Malaysia,2007,21.1351,74.7,2.252,26998389
mys,Malaysia,2008,21.5943,74.8,2.262,27570059
mys,Malaysia,2009,23.112,74.8,2.223,28124778
mys,Malaysia,2010,24.7365,74.9,2.144,28655776
mys,Malaysia,2011,26.4751,75,2.153,29162039
mys,Malaysia,2012,28.2688,75.2,2.117,29662831
mys,Malaysia,2013,30.184,75.2,2.07,30174265
mys,Malaysia,2014,31.8237,75.2,2.058,30696137
mys,Malaysia,2015,33.5524,75.2,2.008,31232798
mys,Malaysia,2016,34.8174,75.1,1.942,31789685
mys,Malaysia,2017,36.13,75.2,1.893,32355644
mys,Malaysia,2018,37.4921,75.4,1.838,32910967
mys,Malaysia,2019,38.2129,75.9,1.777,33440596
mys,Malaysia,2020,38.9475,76.6,1.68,33889558
mys,Malaysia,2021,39.6963,73.3,1.555,34282399
mys,Malaysia,2022,42.6996,75,1.55,34695493
mys,Malaysia,2023,43.6754,76.4,1.55,35126298
mys,Malaysia,2024,45.3521,76.5,1.543,35557673
nam,Namibia,1960,5.7468,46.9,6.243,591465
nam,Namibia,1961,5.6591,47.3,6.293,603067
nam,Namibia,1962,6.276,47.8,6.35,615759
nam,Namibia,1963,6.6481,48.3,6.408,629589
nam,Namibia,1964,7.4205,48.8,6.428,644530
nam,Namibia,1965,7.6402,49.3,6.445,660558
nam,Namibia,1966,7.7738,49.1,6.472,677655
nam,Namibia,1967,7.3984,49.6,6.485,696045
nam,Namibia,1968,7.3393,50.1,6.502,715542
nam,Namibia,1969,7.4937,50.6,6.508,736120
nam,Namibia,1970,7.5882,51.1,6.52,757868
nam,Namibia,1971,7.7217,51.6,6.521,780584
nam,Namibia,1972,7.611,52.1,6.533,804399
nam,Namibia,1973,7.6509,52.6,6.54,828928
nam,Namibia,1974,7.9337,53.2,6.552,854320
nam,Namibia,1975,7.8569,53.7,6.533,881032
nam,Namibia,1976,7.7322,54.3,6.494,906566
nam,Namibia,1977,7.5478,54.8,6.441,931104
nam,Namibia,1978,7.605,55.3,6.384,947269
nam,Namibia,1979,7.7037,55.8,6.314,962825
nam,Namibia,1980,8.0209,55.9,6.238,981434
nam,Namibia,1981,7.9578,56.4,6.159,992500
nam,Namibia,1982,7.7334,56.9,6.078,1010308
nam,Namibia,1983,7.3793,57.3,5.995,1037511
nam,Namibia,1984,7.1587,57.8,5.94,1065989
nam,Namibia,1985,6.9817,58.2,5.877,1096890
nam,Namibia,1986,7.104,58.6,5.793,1131081
nam,Namibia,1987,7.1259,58.9,5.699,1167889
nam,Namibia,1988,6.902,59,5.609,1209696
nam,Namibia,1989,6.7517,60.1,5.517,1288947
nam,Namibia,1990,6.6201,60.1,5.398,1369303
nam,Namibia,1991,6.9347,60.1,5.29,1415684
nam,Namibia,1992,7.2413,60,5.107,1461322
nam,Namibia,1993,6.916,59.9,4.905,1508697
nam,Namibia,1994,7.0038,59.4,4.676,1556304
nam,Namibia,1995,7.0927,59.3,4.417,1602170
nam,Namibia,1996,7.1828,58.7,4.201,1646103
nam,Namibia,1997,7.2739,57.9,4.166,1689264
nam,Namibia,1998,7.3663,57,4.176,1732745
nam,Namibia,1999,7.4598,56,4.138,1776368
nam,Namibia,2000,7.5545,55,3.991,1818647
nam,Namibia,2001,7.6504,54.1,3.827,1857048
nam,Namibia,2002,7.7475,53.4,3.693,1889970
nam,Namibia,2003,7.8459,52.9,3.58,1917464
nam,Namibia,2004,7.9976,53.7,3.545,1942082
nam,Namibia,2005,8.1522,55.7,3.571,1966582
nam,Namibia,2006,8.3098,58.1,3.601,1991888
nam,Namibia,2007,8.4705,60.1,3.608,2018600
nam,Namibia,2008,8.6342,61.3,3.616,2047056
nam,Namibia,2009,8.8012,61.8,3.633,2077394
nam,Namibia,2010,9.3587,62.2,3.657,2109811
nam,Namibia,2011,9.9515,62.5,3.658,2146325
nam,Namibia,2012,10.582,63.1,3.676,2194654
nam,Namibia,2013,11.2523,63.4,3.653,2252508
nam,Namibia,2014,11.9651,63.7,3.635,2312139
nam,Namibia,2015,12.7231,63.8,3.604,2374300
nam,Namibia,2016,12.3887,64,3.574,2439213
nam,Namibia,2017,11.9306,64.4,3.511,2506853
nam,Namibia,2018,11.7274,64.9,3.462,2577327
nam,Namibia,2019,11.3079,65.3,3.404,2650494
nam,Namibia,2020,10.0938,64.2,3.349,2728762
nam,Namibia,2021,10.1532,58.6,3.303,2810548
nam,Namibia,2022,10.4084,65,3.248,2889662
nam,Namibia,2023,10.6014,66.4,3.212,2963095
nam,Namibia,2024,10.7516,66.5,3.211,3030131
ner,Niger,1960,2.375,41.3,7.53,3505050
ner,Niger,1961,2.4268,41.3,7.512,3608162
ner,Niger,1962,2.6152,41.3,7.501,3714520
ner,Niger,1963,2.8067,41.4,7.489,3823873
ner,Niger,1964,2.7356,41.4,7.48,3935814
ner,Niger,1965,2.8578,41.5,7.466,4049695
ner,Niger,1966,2.7613,41.4,7.481,4165544
ner,Niger,1967,2.7153,41.4,7.49,4283590
ner,Niger,1968,2.6767,41.4,7.497,4403637
ner,Niger,1969,2.5009,41.3,7.506,4525725
ner,Niger,1970,2.5305,41.1,7.514,4650275
ner,Niger,1971,2.6033,40.6,7.518,4776225
ner,Niger,1972,2.4031,41,7.523,4904845
ner,Niger,1973,1.9388,40.9,7.529,5037865
ner,Niger,1974,2.0516,40.8,7.539,5174953
ner,Niger,1975,1.9392,40.8,7.539,5317019
ner,Niger,1976,1.8974,40.8,7.563,5464962
ner,Niger,1977,1.986,40.8,7.595,5619716
ner,Niger,1978,2.1887,40.8,7.662,5782932
ner,Niger,1979,2.2771,41,7.722,5955556
ner,Niger,1980,2.227,41.1,7.782,6135971
ner,Niger,1981,2.2806,41.2,7.822,6322006
ner,Niger,1982,2.3051,41.2,7.862,6512732
ner,Niger,1983,2.2151,41.3,7.902,6708644
ner,Niger,1984,1.8236,41.2,7.921,6909971
ner,Niger,1985,1.9041,41.3,7.932,7118457
ner,Niger,1986,1.9801,41.3,7.904,7335811
ner,Niger,1987,1.9335,41.5,7.871,7561150
ner,Niger,1988,2.0491,41.8,7.841,7793748
ner,Niger,1989,2.0607,42,7.818,8034780
ner,Niger,1990,2.0259,42.5,7.806,8286059
ner,Niger,1991,1.976,42.5,7.798,8546900
ner,Niger,1992,1.915,43.4,7.795,8817633
ner,Niger,1993,1.7898,43.8,7.79,9100789
ner,Niger,1994,1.6727,44.4,7.786,9398258
ner,Niger,1995,1.7107,44.5,7.776,9714529
ner,Niger,1996,1.7495,45.6,7.78,10044852
ner,Niger,1997,1.7893,46.3,7.802,10383969
ner,Niger,1998,1.8299,47,7.84,10741413
ner,Niger,1999,1.8714,47.7,7.84,11117411
ner,Niger,2000,1.9139,48.2,7.829,11509630
ner,Niger,2001,1.9573,49.1,7.81,11920647
ner,Niger,2002,2.0018,49.7,7.797,12349144
ner,Niger,2003,2.0472,50.5,7.789,12796984
ner,Niger,2004,2.0937,51.4,7.777,13265836
ner,Niger,2005,2.1412,52.3,7.769,13756192
ner,Niger,2006,2.1896,53,7.744,14268581
ner,Niger,2007,2.2392,53.8,7.726,14803610
ner,Niger,2008,2.3878,54.4,7.702,15361915
ner,Niger,2009,2.5464,55.1,7.679,15943675
ner,Niger,2010,2.7154,55.6,7.64,16548835
ner,Niger,2011,2.8957,56,7.592,17176283
ner,Niger,2012,2.9901,56.4,7.527,17836769
ner,Niger,2013,3.0876,56.7,7.445,18519898
ner,Niger,2014,3.1883,57.1,7.342,19215909
ner,Niger,2015,3.2774,56.9,7.215,19939498
ner,Niger,2016,3.3691,57.3,7.043,20685753
ner,Niger,2017,3.4632,57.6,6.874,21435446
ner,Niger,2018,3.56,57.9,6.706,22188069
ner,Niger,2019,3.4915,58,6.537,22947757
ner,Niger,2020,3.4243,57.5,6.369,23717613
ner,Niger,2021,3.3584,58.2,6.2,24502140
ner,Niger,2022,3.6378,58.8,6.135,25311973
ner,Niger,2023,3.5786,59.2,6.061,26159867
ner,Niger,2024,3.7547,59.39,5.935,27032412
nga,Nigeria,1960,2.9499,43,6.364,45053782
nga,Nigeria,1961,2.9299,43.3,6.353,45989310
nga,Nigeria,1962,3.0237,43.7,6.356,46965292
nga,Nigeria,1963,3.2378,44,6.349,47973575
nga,Nigeria,1964,3.3003,44.3,6.362,49012016
nga,Nigeria,1965,3.3194,44.6,6.367,50086764
nga,Nigeria,1966,3.1223,44.8,6.386,51188234
nga,Nigeria,1967,2.5798,44.5,6.401,52293065
nga,Nigeria,1968,2.5156,44.2,6.42,53432783
nga,Nigeria,1969,3.0291,44.4,6.438,54631914
nga,Nigeria,1970,3.7345,45.7,6.466,55893838
nga,Nigeria,1971,4.1294,46.2,6.532,57214684
nga,Nigeria,1972,4.2603,46.8,6.579,58601748
nga,Nigeria,1973,4.4847,47.3,6.633,60082139
nga,Nigeria,1974,4.8823,47.9,6.703,61679144
nga,Nigeria,1975,4.7199,48.4,6.773,63410815
nga,Nigeria,1976,5.0291,48.9,6.806,65258009
nga,Nigeria,1977,5.21,49.4,6.862,67234590
nga,Nigeria,1978,4.8747,49.7,6.921,69326532
nga,Nigeria,1979,4.8352,50.2,6.887,71498242
nga,Nigeria,1980,4.8239,50.5,6.847,73764641
nga,Nigeria,1981,4.5331,50.8,6.82,76068103
nga,Nigeria,1982,4.2437,50.9,6.799,78378701
nga,Nigeria,1983,3.7846,51.1,6.775,80438260
nga,Nigeria,1984,3.631,51.2,6.701,82526443
nga,Nigeria,1985,3.8102,51.3,6.616,84897973
nga,Nigeria,1986,3.8028,51.3,6.557,87235953
nga,Nigeria,1987,3.7954,51.3,6.504,89591716
nga,Nigeria,1988,3.788,51.3,6.498,92020090
nga,Nigeria,1989,3.7806,51.3,6.494,94531014
nga,Nigeria,1990,3.7732,51.4,6.459,97120925
nga,Nigeria,1991,3.7659,51,6.426,99720162
nga,Nigeria,1992,3.7585,51.7,6.391,102372770
nga,Nigeria,1993,3.7778,51.8,6.354,105122069
nga,Nigeria,1994,3.7971,52,6.319,107935714
nga,Nigeria,1995,3.8165,52.2,6.273,110819428
nga,Nigeria,1996,3.8361,52,6.217,113754779
nga,Nigeria,1997,3.8353,52.5,6.138,116754792
nga,Nigeria,1998,3.8346,52.6,6.069,119846254
nga,Nigeria,1999,3.8339,52.8,6.082,123047320
nga,Nigeria,2000,3.8331,52.9,6.124,126382494
nga,Nigeria,2001,3.8324,53.3,6.128,129862595
nga,Nigeria,2002,3.8317,53.8,6.116,133471989
nga,Nigeria,2003,3.8309,54.6,6.1,137202644
nga,Nigeria,2004,3.9319,55.3,6.09,141057045
nga,Nigeria,2005,4.0356,56.1,6.063,145017253
nga,Nigeria,2006,4.142,56.8,6.053,149077334
nga,Nigeria,2007,4.2512,57.7,6.027,153267261
nga,Nigeria,2008,4.3633,58.4,6.024,157595014
nga,Nigeria,2009,4.4784,58.9,5.993,162049464
nga,Nigeria,2010,4.5964,59.3,5.948,166642886
nga,Nigeria,2011,4.6297,59.9,5.893,171379598
nga,Nigeria,2012,4.6631,60.3,5.797,176200625
nga,Nigeria,2013,4.718,60.6,5.694,181049443
nga,Nigeria,2014,4.7735,61,5.622,185896915
nga,Nigeria,2015,4.8296,61.2,5.503,190671878
nga,Nigeria,2016,4.8203,61.8,5.343,195443700
nga,Nigeria,2017,4.8111,62.3,5.182,200254579
nga,Nigeria,2018,4.8018,62.8,5.021,204938755
nga,Nigeria,2019,4.8014,63.4,4.861,209485641
nga,Nigeria,2020,4.6158,63,4.7,213996181
nga,Nigeria,2021,4.6849,63.3,4.636,218529286
nga,Nigeria,2022,4.7371,64.3,4.552,223150896
nga,Nigeria,2023,4.7714,64.5,4.482,227882945
nga,Nigeria,2024,4.8332,64.62,4.382,232679478
nic,Nicaragua,1960,15.8582,53.5,7.159,1782370
nic,Nicaragua,1961,16.5526,54.4,7.112,1836451
nic,Nicaragua,1962,17.9805,54.9,7.1,1892320
nic,Nicaragua,1963,19.2519,55.4,7.081,1950159
nic,Nicaragua,1964,20.9971,55.7,7.064,2010176
nic,Nicaragua,1965,22.5349,55.8,7.033,2072681
nic,Nicaragua,1966,22.7583,55.7,6.99,2137820
nic,Nicaragua,1967,23.6184,55.5,6.94,2205567
nic,Nicaragua,1968,23.1428,55.5,6.885,2275836
nic,Nicaragua,1969,24.0561,55.8,6.825,2348398
nic,Nicaragua,1970,23.6286,56.3,6.773,2423065
nic,Nicaragua,1971,24.1221,57.1,6.714,2499825
nic,Nicaragua,1972,24.2613,50,6.653,2573578
nic,Nicaragua,1973,24.8501,58.9,6.586,2649278
nic,Nicaragua,1974,27.2622,59.8,6.521,2732075
nic,Nicaragua,1975,27.1151,60.5,6.445,2816943
nic,Nicaragua,1976,27.7162,61.1,6.366,2903851
nic,Nicaragua,1977,28.6662,61.6,6.28,2992534
nic,Nicaragua,1978,26.0418,59.9,6.164,3080314
nic,Nicaragua,1979,18.6608,56.4,6.069,3164525
nic,Nicaragua,1980,18.9303,63.1,5.959,3252403
nic,Nicaragua,1981,19.4318,63.7,5.84,3345674
nic,Nicaragua,1982,18.8336,64.4,5.737,3438745
nic,Nicaragua,1983,19.2958,62.5,5.611,3530282
nic,Nicaragua,1984,18.6116,62,5.488,3619104
nic,Nicaragua,1985,17.5133,62.6,5.359,3706479
nic,Nicaragua,1986,17.0179,64.1,5.217,3794157
nic,Nicaragua,1987,16.5902,64.1,5.073,3882164
nic,Nicaragua,1988,14.2631,67.2,4.931,3972320
nic,Nicaragua,1989,13.7577,69.9,4.762,4066476
nic,Nicaragua,1990,13.4288,71,4.596,4162559
nic,Nicaragua,1991,13.1188,71.5,4.432,4259637
nic,Nicaragua,1992,12.9272,71.8,4.267,4357026
nic,Nicaragua,1993,12.6678,72,4.102,4453732
nic,Nicaragua,1994,12.9011,72.5,3.937,4549316
nic,Nicaragua,1995,13.1387,72.7,3.775,4642931
nic,Nicaragua,1996,13.3807,73.1,3.62,4729974
nic,Nicaragua,1997,13.6271,73.7,3.473,4809573
nic,Nicaragua,1998,13.8781,70.9,3.339,4883655
nic,Nicaragua,1999,14.1273,74.5,3.218,4954018
nic,Nicaragua,2000,14.381,74.8,3.12,5022633
nic,Nicaragua,2001,14.6392,74.9,2.996,5087825
nic,Nicaragua,2002,14.9087,74.8,2.887,5149909
nic,Nicaragua,2003,15.1832,74.8,2.827,5210963
nic,Nicaragua,2004,15.4627,74.8,2.784,5272912
nic,Nicaragua,2005,15.7474,74.9,2.765,5342105
nic,Nicaragua,2006,13.8477,75.1,2.733,5418855
nic,Nicaragua,2007,12.1771,75,2.697,5497243
nic,Nicaragua,2008,10.7081,75,2.66,5576593
nic,Nicaragua,2009,9.4163,75,2.626,5656601
nic,Nicaragua,2010,10.0304,75,2.596,5737450
nic,Nicaragua,2011,10.6845,75,2.558,5819051
nic,Nicaragua,2012,11.3812,74.9,2.527,5901287
nic,Nicaragua,2013,12.1235,74.8,2.492,5983845
nic,Nicaragua,2014,12.9141,74.8,2.463,6066492
nic,Nicaragua,2015,13.3504,75,2.434,6149417
nic,Nicaragua,2016,13.7732,75,2.407,6232666
nic,Nicaragua,2017,14.2204,75.3,2.378,6316231
nic,Nicaragua,2018,13.5621,75,2.347,6400080
nic,Nicaragua,2019,12.9994,74.7,2.321,6483657
nic,Nicaragua,2020,12.5507,71.9,2.299,6565267
nic,Nicaragua,2021,13.697,71.5,2.265,6644741
nic,Nicaragua,2022,14.0023,75.3,2.24,6730654
nic,Nicaragua,2023,14.423,76.7,2.218,6823613
nic,Nicaragua,2024,14.7406,76.9,2.206,6916140
nld,Netherlands,1960,22.2633,73.3,3.12,11486911
nld,Netherlands,1961,22.1077,73.4,3.22,11639365
nld,Netherlands,1962,23.0236,72.8,3.18,11807551
nld,Netherlands,1963,23.4142,73.3,3.19,11969156
nld,Netherlands,1964,24.9895,73.5,3.17,12131885
nld,Netherlands,1965,25.8608,73.4,3.04,12301125
nld,Netherlands,1966,26.1204,73.4,2.9,12464289
nld,Netherlands,1967,27.097,73.6,2.81,12607834
nld,Netherlands,1968,28.5028,73.5,2.72,12740845
nld,Netherlands,1969,29.9594,73.4,2.75,12890636
nld,Netherlands,1970,31.2463,73.5,2.57,13052078
nld,Netherlands,1971,32.0662,73.6,2.36,13208354
nld,Netherlands,1972,32.5315,73.7,2.15,13342772
nld,Netherlands,1973,33.7702,74.1,1.9,13453744
nld,Netherlands,1974,34.7141,74.4,1.77,13559669
nld,Netherlands,1975,34.285,74.4,1.66,13680035
nld,Netherlands,1976,35.4751,74.6,1.63,13786637
nld,Netherlands,1977,35.9059,75,1.58,13868604
nld,Netherlands,1978,36.3659,75.2,1.58,13953921
nld,Netherlands,1979,36.7475,75.4,1.56,14050169
nld,Netherlands,1980,37.2118,75.6,1.6,14162686
nld,Netherlands,1981,38.5819,75.8,1.56,14262689
nld,Netherlands,1982,39.2007,76,1.5,14333900
nld,Netherlands,1983,40.6135,76.1,1.47,14396901
nld,Netherlands,1984,41.4745,76.2,1.49,14462807
nld,Netherlands,1985,42.3537,76.2,1.51,14538959
nld,Netherlands,1986,43.2516,76.3,1.55,14626494
nld,Netherlands,1987,44.1685,76.7,1.56,14724947
nld,Netherlands,1988,47.3093,76.8,1.55,14825923
nld,Netherlands,1989,50.6736,76.8,1.55,14921111
nld,Netherlands,1990,54.277,76.9,1.62,15030878
nld,Netherlands,1991,52.833,77.1,1.61,15155090
nld,Netherlands,1992,51.4274,77.2,1.59,15276785
nld,Netherlands,1993,50.0593,77.1,1.57,15389720
nld,Netherlands,1994,51.4597,77.4,1.57,15485449
nld,Netherlands,1995,52.8994,77.5,1.53,15565032
nld,Netherlands,1996,54.3793,77.5,1.53,15640027
nld,Netherlands,1997,55.9006,77.8,1.56,15723622
nld,Netherlands,1998,57.4645,77.9,1.63,15827107
nld,Netherlands,1999,59.0721,77.9,1.65,15940184
nld,Netherlands,2000,59.1618,78.1,1.72,16058760
nld,Netherlands,2001,59.2516,78.3,1.71,16182705
nld,Netherlands,2002,59.3416,78.4,1.73,16288051
nld,Netherlands,2003,59.4317,78.6,1.75,16366912
nld,Netherlands,2004,59.5219,79.1,1.72,16425566
nld,Netherlands,2005,60.157,79.4,1.71,16465710
nld,Netherlands,2006,63.8984,79.8,1.72,16493852
nld,Netherlands,2007,66.9526,80.1,1.72,16531357
nld,Netherlands,2008,66.8685,80.3,1.77,16597258
nld,Netherlands,2009,65.8999,80.5,1.79,16684150
nld,Netherlands,2010,65.0932,80.7,1.79,16771235
nld,Netherlands,2011,64.3429,80.9,1.76,16851057
nld,Netherlands,2012,63.4504,81,1.72,16915194
nld,Netherlands,2013,62.1664,81.2,1.68,16967063
nld,Netherlands,2014,63.1765,81.5,1.71,17030089
nld,Netherlands,2015,66.948,81.4,1.66,17107433
nld,Netherlands,2016,69.1681,81.5,1.66,17204693
nld,Netherlands,2017,69.7174,81.7,1.62,17315370
nld,Netherlands,2018,69.866,81.7,1.59,17421280
nld,Netherlands,2019,72.543,82,1.57,17537507
nld,Netherlands,2020,74.2318,81.2,1.54,17636731
nld,Netherlands,2021,75.4959,81.2,1.62,17730564
nld,Netherlands,2022,78.524,81.5,1.49,17904421
nld,Netherlands,2023,77.8083,82,1.43,18092524
nld,Netherlands,2024,78.0592,82.1,1.43,18228742
nor,Norway,1960,16.9378,73.6,2.85,3581121
nor,Norway,1961,17.8443,73.6,2.94,3609657
nor,Norway,1962,18.1866,73.4,2.91,3638841
nor,Norway,1963,18.7246,73.3,2.93,3666498
nor,Norway,1964,19.4969,73.6,2.98,3694320
nor,Norway,1965,20.3572,73.9,2.94,3723172
nor,Norway,1966,20.9398,74,2.9,3752789
nor,Norway,1967,22.0433,74,2.81,3784110
nor,Norway,1968,22.3283,73.9,2.75,3816088
nor,Norway,1969,23.125,73.9,2.7,3847304
nor,Norway,1970,23.4083,74,2.5,3875345
nor,Norway,1971,24.4754,74.2,2.49,3902751
nor,Norway,1972,25.5406,74.4,2.38,3932909
nor,Norway,1973,26.4812,74.5,2.23,3960593
nor,Norway,1974,27.3694,74.7,2.13,3985280
nor,Norway,1975,28.5853,74.9,1.98,4007365
nor,Norway,1976,30.0917,75.1,1.86,4026220
nor,Norway,1977,31.2062,75.3,1.75,4043262
nor,Norway,1978,32.2163,75.4,1.77,4058673
nor,Norway,1979,33.5052,75.5,1.75,4072500
nor,Norway,1980,34.9125,75.6,1.72,4085604
nor,Norway,1981,36.3789,75.8,1.7,4099672
nor,Norway,1982,37.9068,76,1.71,4114736
nor,Norway,1983,39.499,76.1,1.66,4128336
nor,Norway,1984,41.158,76.1,1.66,4139972
nor,Norway,1985,42.8867,76.1,1.68,4152400
nor,Norway,1986,44.688,76.1,1.71,4167252
nor,Norway,1987,45.2196,76.2,1.74,4186824
nor,Norway,1988,45.7576,76.3,1.84,4209470
nor,Norway,1989,46.3019,76.5,1.89,4226913
nor,Norway,1990,46.8527,76.6,1.93,4241440
nor,Norway,1991,47.4101,77,1.92,4261623
nor,Norway,1992,47.5832,77.2,1.88,4286261
nor,Norway,1993,47.7571,77.3,1.86,4311862
nor,Norway,1994,47.9315,77.6,1.87,4336467
nor,Norway,1995,48.1066,77.8,1.87,4358993
nor,Norway,1996,50.0468,78,1.89,4381135
nor,Norway,1997,52.0652,78.2,1.86,4404986
nor,Norway,1998,54.165,78.3,1.81,4431313
nor,Norway,1999,56.3495,78.4,1.85,4461787
nor,Norway,2000,58.6222,78.7,1.85,4490867
nor,Norway,2001,59.8516,78.8,1.78,4513657
nor,Norway,2002,61.1068,79,1.75,4538014
nor,Norway,2003,62.3884,79.5,1.8,4564669
nor,Norway,2004,65.9242,79.9,1.83,4591743
nor,Norway,2005,67.5451,80.2,1.84,4623124
nor,Norway,2006,64.8908,80.3,1.9,4660494
nor,Norway,2007,71.7213,80.4,1.9,4709010
nor,Norway,2008,74.2937,80.6,1.96,4768101
nor,Norway,2009,74.3708,80.8,1.98,4828623
nor,Norway,2010,74.5958,81,1.95,4889162
nor,Norway,2011,78.2682,81.1,1.88,4952968
nor,Norway,2012,80.0719,81.4,1.85,5018458
nor,Norway,2013,84.0303,81.6,1.78,5080124
nor,Norway,2014,85.3662,82,1.75,5137395
nor,Norway,2015,86.3904,82.2,1.72,5189771
nor,Norway,2016,85.9549,82.4,1.71,5235983
nor,Norway,2017,84.283,82.6,1.62,5276802
nor,Norway,2018,84.9459,82.7,1.56,5311752
nor,Norway,2019,87.234,83,1.53,5347730
nor,Norway,2020,84.3929,83.1,1.48,5379274
nor,Norway,2021,87.0848,83.1,1.55,5408091
nor,Norway,2022,84.8149,82.5,1.41,5456801
nor,Norway,2023,83.9155,83,1.4,5519167
nor,Norway,2024,84.8682,83.2,1.45,5576660
npl,Nepal,1960,1.8712,47.6,6.069,10123658
npl,Nepal,1961,1.8767,47.9,6.093,10318396
npl,Nepal,1962,1.8777,48.2,6.082,10521116
npl,Nepal,1963,1.8803,48.4,6.056,10729818
npl,Nepal,1964,1.9143,48.8,6.043,10946392
npl,Nepal,1965,1.8915,49.2,6.007,11173411
npl,Nepal,1966,1.975,49.5,5.98,11408710
npl,Nepal,1967,1.8928,49.8,5.954,11652716
npl,Nepal,1968,1.8605,50,5.944,11906266
npl,Nepal,1969,1.9015,50.3,5.893,12167036
npl,Nepal,1970,1.9093,50.4,5.869,12436190
npl,Nepal,1971,1.8389,50.6,5.845,12710061
npl,Nepal,1972,1.8488,50.6,5.801,12989099
npl,Nepal,1973,1.793,50.7,5.701,13275239
npl,Nepal,1974,1.8575,50.7,5.75,13568435
npl,Nepal,1975,1.8361,50.7,5.733,13870695
npl,Nepal,1976,1.8661,50.7,5.717,14177649
npl,Nepal,1977,1.8712,50.9,5.688,14499175
npl,Nepal,1978,1.9006,51.1,5.676,14839695
npl,Nepal,1979,1.8914,51.4,5.644,15190590
npl,Nepal,1980,1.7963,51.8,5.603,15553105
npl,Nepal,1981,1.9939,52.2,5.576,15922423
npl,Nepal,1982,2.0869,52.9,5.549,16297987
npl,Nepal,1983,2.0184,53.5,5.536,16689119
npl,Nepal,1984,2.2046,54.2,5.509,17085242
npl,Nepal,1985,2.2549,54.9,5.457,17477692
npl,Nepal,1986,2.3062,55.6,5.4,17868124
npl,Nepal,1987,2.3588,56.3,5.348,18250505
npl,Nepal,1988,2.4125,56.8,5.307,18638661
npl,Nepal,1989,2.4675,57.5,5.258,19057807
npl,Nepal,1990,2.5237,58.1,5.211,19524573
npl,Nepal,1991,2.5812,58.5,5.151,20036500
npl,Nepal,1992,2.64,59.3,5.074,20609707
npl,Nepal,1993,2.7002,60.1,5.042,21180159
npl,Nepal,1994,2.7617,60.9,4.964,21717479
npl,Nepal,1995,2.8246000000000002,61.6,4.869,22245439
npl,Nepal,1996,2.9595,62.3,4.668,22741862
npl,Nepal,1997,3.1008,63.1,4.442,23219463
npl,Nepal,1998,3.2488,63.8,4.275,23680357
npl,Nepal,1999,3.404,64.5,4.13,24125199
npl,Nepal,2000,3.5665,65.2,3.984,24546509
npl,Nepal,2001,3.7368,65.9,3.793,24946748
npl,Nepal,2002,3.9152,66.1,3.604,25328981
npl,Nepal,2003,4.1022,66.9,3.439,25688758
npl,Nepal,2004,4.2919,67.4,3.279,26016656
npl,Nepal,2005,4.4905,68.1,3.115,26309458
npl,Nepal,2006,4.6982,68.7,2.967,26565425
npl,Nepal,2007,4.9155,69.3,2.857,26788492
npl,Nepal,2008,5.1429,69.8,2.737,26990037
npl,Nepal,2009,5.3808,70.1,2.63,27173035
npl,Nepal,2010,5.6297,70.6,2.541,27341952
npl,Nepal,2011,5.879,71,2.462,27464494
npl,Nepal,2012,6.1394,71.3,2.42,27534915
npl,Nepal,2013,6.4113,71.6,2.36,27589996
npl,Nepal,2014,6.6953,71.9,2.319,27672370
npl,Nepal,2015,6.9918,71.5,2.273,27823629
npl,Nepal,2016,7.3015,72.5,2.226,27955462
npl,Nepal,2017,7.6248,72.8,2.173,28011258
npl,Nepal,2018,7.9625,73.1,2.12,28079689
npl,Nepal,2019,8.3152,73.3,2.08,28414064
npl,Nepal,2020,8.6835,72.2,2.051,28966574
npl,Nepal,2021,9.0681,70.1,2.025,29475010
npl,Nepal,2022,9.4697,73.4,2.002,29715436
npl,Nepal,2023,9.6642,73.5,1.984,29694614
npl,Nepal,2024,10.0331,73.71,1.961,29651054
nru,Nauru,1960,14.4925,50.8,5.337,4607
nru,Nauru,1961,16.4088,51.1,5.376,4774
nru,Nauru,1962,18.5762,51.5,5.423,4979
nru,Nauru,1963,21.0296,51.9,5.441,5226
nru,Nauru,1964,23.8066,52.3,5.473,5515
nru,Nauru,1965,26.9518,52.7,5.476,5832
nru,Nauru,1966,30.5106,53,5.412,6043
nru,Nauru,1967,34.5404,53.4,5.294,6135
nru,Nauru,1968,39.1002,53.7,5.139,6328
nru,Nauru,1969,44.2621,54.1,4.942,6581
nru,Nauru,1970,50.1045,54.4,4.74,6710
nru,Nauru,1971,50.4032,54.7,4.541,6762
nru,Nauru,1972,50.7353,55,4.355,6812
nru,Nauru,1973,51.1239,55.3,4.192,6866
nru,Nauru,1974,51.5962,55.6,4.067,6923
nru,Nauru,1975,52.1738,55.9,3.972,6987
nru,Nauru,1976,49.9205,56.2,3.899,7064
nru,Nauru,1977,47.8159,56.5,3.858,7163
nru,Nauru,1978,45.8255,56.7,3.843,7298
nru,Nauru,1979,43.8845,56.9,3.847,7468
nru,Nauru,1980,41.9588,57.1,3.878,7649
nru,Nauru,1981,40.0493,57.3,3.935,7839
nru,Nauru,1982,38.1689,57.5,3.993,8040
nru,Nauru,1983,36.3206,57.7,4.056,8216
nru,Nauru,1984,34.5032,57.8,4.108,8377
nru,Nauru,1985,32.7265,57.9,4.144,8551
nru,Nauru,1986,30.9993,58,4.149,8742
nru,Nauru,1987,29.3362,58.1,4.143,8946
nru,Nauru,1988,27.749,58.1,4.114,9165
nru,Nauru,1989,26.256,58.1,4.068,9390
nru,Nauru,1990,24.8647,58.1,4.02,9622
nru,Nauru,1991,19.6601,58,3.991,9850
nru,Nauru,1992,16.1475,57.8,3.952,10021
nru,Nauru,1993,13.3849,57.7,3.887,10102
nru,Nauru,1994,12.7743,57.6,3.837,10137
nru,Nauru,1995,11.6972,57.4,3.808,10165
nru,Nauru,1996,10.2728,57.3,3.775,10183
nru,Nauru,1997,9.2849,57.1,3.738,10197
nru,Nauru,1998,8.2229,57,3.683,10198
nru,Nauru,1999,7.6842,56.9,3.636,10187
nru,Nauru,2000,7.1628,56.8,3.543,10168
nru,Nauru,2001,6.6937,56.7,3.461,10130
nru,Nauru,2002,6.0455,56.7,3.4,10082
nru,Nauru,2003,6.0696,56.6,3.388,10059
nru,Nauru,2004,5.8028,56.6,3.378,10060
nru,Nauru,2005,5.733,56.6,3.377,10049
nru,Nauru,2006,6.1212,56.7,3.4,10034
nru,Nauru,2007,4.8489,56.7,3.504,10020
nru,Nauru,2008,5.8719,57,3.665,10009
nru,Nauru,2009,5.549,57.2,3.847,10016
nru,Nauru,2010,5.5165,57.3,4.019,10043
nru,Nauru,2011,6.2762,57.5,4.117,10098
nru,Nauru,2012,7.7333,57.8,4.115,10267
nru,Nauru,2013,7.8249,58.1,4.098,10517
nru,Nauru,2014,8.9192,58.4,4.085,10742
nru,Nauru,2015,8.9826,58.6,4.075,10954
nru,Nauru,2016,9.2097,58.8,4.027,11150
nru,Nauru,2017,8.5231,58.9,3.879,11324
nru,Nauru,2018,8.3069,59.1,3.683,11477
nru,Nauru,2019,8.9264,59.3,3.531,11587
nru,Nauru,2020,9.0595,58.4,3.466,11643
nru,Nauru,2021,9.6576,56.2,3.425,11709
nru,Nauru,2022,9.8652,58.7,3.379,11801
nru,Nauru,2023,9.8671,59,3.331,11875
nru,Nauru,2024,9.9802,59.19,3.29,11947
nzl,New Zealand,1960,17.6301,71.2,4.24,2379481
nzl,New Zealand,1961,18.0428,71.2,4.31,2429747
nzl,New Zealand,1962,17.922,71.3,4.19,2484405
nzl,New Zealand,1963,18.568,71.3,4.05,2538115
nzl,New Zealand,1964,19.0155,71.4,3.8,2588769
nzl,New Zealand,1965,19.7956,71.4,3.54,2636494
nzl,New Zealand,1966,20.5725,71.3,3.41,2682582
nzl,New Zealand,1967,19.1846,71.4,3.35,2723419
nzl,New Zealand,1968,18.8298,71.4,3.34,2754526
nzl,New Zealand,1969,20.4098,71.5,3.28,2784399
nzl,New Zealand,1970,19.8208,71.6,3.17,2822177
nzl,New Zealand,1971,20.2663,71.7,3.18,2867165
nzl,New Zealand,1972,20.6969,71.8,3,2919258
nzl,New Zealand,1973,21.6659,72,2.76,2978988
nzl,New Zealand,1974,22.398,72.2,2.58,3041231
nzl,New Zealand,1975,21.6128,72.4,2.37,3094032
nzl,New Zealand,1976,21.6483,72.5,2.27,3126633
nzl,New Zealand,1977,20.5114,72.7,2.21,3140133
nzl,New Zealand,1978,20.4562,73.1,2.07,3142244
nzl,New Zealand,1979,20.7654,73,2.12,3141601
nzl,New Zealand,1980,20.815,73.4,2.03,3146327
nzl,New Zealand,1981,22.5397,73.7,2.01,3159840
nzl,New Zealand,1982,23.6436,74,1.95,3185123
nzl,New Zealand,1983,24.1113,74.2,1.92,3219278
nzl,New Zealand,1984,25.8147,74.3,1.93,3249828
nzl,New Zealand,1985,26.3243,74.2,1.93,3268028
nzl,New Zealand,1986,26.9324,74.3,1.96,3281508
nzl,New Zealand,1987,27.6314,74.5,2.03,3299443
nzl,New Zealand,1988,28.1563,74.7,2.1,3316026
nzl,New Zealand,1989,28.8308,75.1,2.12,3333826
nzl,New Zealand,1990,29.2491,75.5,2.18,3396979
nzl,New Zealand,1991,27.787,75.8,2.09,3480925
nzl,New Zealand,1992,27.7952,76,2.06,3532244
nzl,New Zealand,1993,29.1549,76.3,2.04,3573610
nzl,New Zealand,1994,30.3695,76.6,1.98,3621030
nzl,New Zealand,1995,31.3342,76.7,1.98,3674428
nzl,New Zealand,1996,31.9942,77,1.96,3729378
nzl,New Zealand,1997,32.3169,77.4,1.96,3776950
nzl,New Zealand,1998,32.3263,77.9,1.89,3811371
nzl,New Zealand,1999,33.8506,78.1,1.97,3835555
nzl,New Zealand,2000,34.6943,78.4,1.98,3857574
nzl,New Zealand,2001,35.5994,78.6,1.97,3891762
nzl,New Zealand,2002,36.6603,78.8,1.89,3951119
nzl,New Zealand,2003,37.6577,79.1,1.93,4022586
nzl,New Zealand,2004,38.6464,79.4,1.98,4083910
nzl,New Zealand,2005,39.4785,79.9,1.97,4135007
nzl,New Zealand,2006,40.095,80,2.01,4181940
nzl,New Zealand,2007,40.9607,80.2,2.18,4223266
nzl,New Zealand,2008,40.2093,80.4,2.19,4261824
nzl,New Zealand,2009,39.7906,80.6,2.13,4304304
nzl,New Zealand,2010,39.9167,80.9,2.17,4347770
nzl,New Zealand,2011,40.4428,81,2.09,4382700
nzl,New Zealand,2012,41.1734,81.3,2.1,4411676
nzl,New Zealand,2013,41.9163,81.5,2.01,4453851
nzl,New Zealand,2014,42.8033,81.5,1.92,4522983
nzl,New Zealand,2015,43.4884,81.6,1.99,4614029
nzl,New Zealand,2016,44.1295,81.7,1.87,4714770
nzl,New Zealand,2017,44.6775,81.7,1.81,4812752
nzl,New Zealand,2018,45.4074,81.7,1.71,4900847
nzl,New Zealand,2019,45.7263,81.9,1.72,4989403
nzl,New Zealand,2020,44.5917,82.3,1.62,5069895
nzl,New Zealand,2021,46.4217,82.1,1.65,5107697
nzl,New Zealand,2022,47.9904,81.4,1.67,5131734
nzl,New Zealand,2023,47.4729,81.6,1.57,5172836
nzl,New Zealand,2024,46.5825,81.7,1.57,5213944
omn,Oman,1960,1.9119,48.6,7.277,530485
omn,Oman,1961,1.8873,49.3,7.287,539854
omn,Oman,1962,2.2167,50,7.318,549941
omn,Oman,1963,2.2549,50.7,7.334,560827
omn,Oman,1964,2.1981,51.3,7.37,572577
omn,Oman,1965,2.1517,52,7.391,585236
omn,Oman,1966,2.2078,52.6,7.412,598804
omn,Oman,1967,3.574,53.4,7.437,613318
omn,Oman,1968,6.3216,54.5,7.462,628798
omn,Oman,1969,7.7254,55.5,7.489,645255
omn,Oman,1970,7.7602,56.4,7.523,662680
omn,Oman,1971,7.5828,57.1,7.558,681119
omn,Oman,1972,8.0096,57.3,7.588,700593
omn,Oman,1973,6.6517,57.9,7.625,721179
omn,Oman,1974,7.6464,58.6,7.672,746988
omn,Oman,1975,9.3141,59.2,7.711,778864
omn,Oman,1976,10.1746,60.3,7.743,814701
omn,Oman,1977,10.5721,60.7,7.781,855314
omn,Oman,1978,10.8948,61.5,7.818,900304
omn,Oman,1979,10.8376,62.1,7.85,949116
omn,Oman,1980,10.9636,62.8,7.887,1001248
omn,Oman,1981,12.7231,63.4,7.904,1057320
omn,Oman,1982,14.5292,64.2,7.837,1117678
omn,Oman,1983,16.3779,65,7.748,1181459
omn,Oman,1984,18.3096,65.8,7.642,1247716
omn,Oman,1985,21.2471,66.5,7.512,1325480
omn,Oman,1986,21.0224,67.1,7.352,1413419
omn,Oman,1987,20.4416,67.6,7.175,1500996
omn,Oman,1988,21.8207,68,6.953,1588568
omn,Oman,1989,22.2366,68.4,6.717,1676228
omn,Oman,1990,25.9503,68.7,6.456,1763954
omn,Oman,1991,27.0477,69.3,6.197,1851473
omn,Oman,1992,28.8097,69.7,5.919,1938238
omn,Oman,1993,30.0673,70.1,5.638,2021675
omn,Oman,1994,31.0368,70.6,5.359,2081834
omn,Oman,1995,32.6773,71,5.067,2120528
omn,Oman,1996,33.8314,71.5,4.79,2156926
omn,Oman,1997,36.1,71.9,4.524,2190720
omn,Oman,1998,36.456,72.2,4.274,2222489
omn,Oman,1999,36.7016,72.6,4.064,2252909
omn,Oman,2000,39.0457,72.9,3.852,2282131
omn,Oman,2001,40.7953,73.2,3.662,2310217
omn,Oman,2002,40.3402,73.3,3.51,2337140
omn,Oman,2003,39.2569,73.6,3.371,2363796
omn,Oman,2004,39.5733,73.8,3.2,2404821
omn,Oman,2005,39.9679,73.8,3.029,2459802
omn,Oman,2006,41.0974,73.7,2.879,2514795
omn,Oman,2007,42.2964,73.7,2.761,2570174
omn,Oman,2008,45.0912,73.9,2.762,2626529
omn,Oman,2009,46.6756,73.9,2.829,2684659
omn,Oman,2010,46.4331,73.9,2.973,2757446
omn,Oman,2011,42.818600000000004,74,2.955,3076763
omn,Oman,2012,40.4328,74.2,2.928,3547106
omn,Oman,2013,39.3637,74.5,2.954,3833913
omn,Oman,2014,38.1935,74.6,2.97,4002439
omn,Oman,2015,38.361,74.7,2.965,4184895
omn,Oman,2016,38.4064,74.9,2.949,4390877
omn,Oman,2017,37.2792,75.1,2.923,4537396
omn,Oman,2018,37.2624,75.6,2.81,4597877
omn,Oman,2019,36.8951,75.9,2.696,4591241
omn,Oman,2020,36.19,73.5,2.638,4522497
omn,Oman,2021,37.3066,72.6,2.588,4500424
omn,Oman,2022,38.3286,76.3,2.449,4730226
omn,Oman,2023,36.333,77,2.525,5049269
omn,Oman,2024,35.3167,77.19,2.508,5281538
pak,Pakistan,1960,0.9931,49,6.8,45709310
pak,Pakistan,1961,1.0183,49.5,6.8,46921277
pak,Pakistan,1962,1.0539,50.1,6.8,48156128
pak,Pakistan,1963,1.0868,50.7,6.8,49447776
pak,Pakistan,1964,1.1288,51.3,6.8,50799999
pak,Pakistan,1965,1.1583,51.6,6.8,52209010
pak,Pakistan,1966,1.2097,52.6,6.8,53678667
pak,Pakistan,1967,1.2158,53.2,6.8,55214768
pak,Pakistan,1968,1.2512,53.8,6.8,56810507
pak,Pakistan,1969,1.2945,54.4,6.8,58460939
pak,Pakistan,1970,1.3872,55,6.801,60166719
pak,Pakistan,1971,1.3546,50.8,6.802,61847899
pak,Pakistan,1972,1.3242,55.9,6.805,63583194
pak,Pakistan,1973,1.3703,56.3,6.808,65461912
pak,Pakistan,1974,1.3831,56.6,6.811,67415487
pak,Pakistan,1975,1.3884,57,6.812,69461175
pak,Pakistan,1976,1.41,57.4,6.808,71620254
pak,Pakistan,1977,1.4173,57.7,6.799,73901827
pak,Pakistan,1978,1.4791,58.1,6.783,76307379
pak,Pakistan,1979,1.4867,58.4,6.761,78997039
pak,Pakistan,1980,1.5642,58.8,6.734,82291010
pak,Pakistan,1981,1.6953,59.2,6.704,85802049
pak,Pakistan,1982,1.8229,59.6,6.674,89089246
pak,Pakistan,1983,1.9281,60.1,6.644,92227711
pak,Pakistan,1984,1.9878,60.5,6.615,95164936
pak,Pakistan,1985,2.1387,61,6.585,98229285
pak,Pakistan,1986,2.2345,61.3,6.554,101606764
pak,Pakistan,1987,2.3318,61.6,6.518,105130717
pak,Pakistan,1988,2.3443,61.8,6.476,108724739
pak,Pakistan,1989,2.3569,62,6.425,112336629
pak,Pakistan,1990,2.3695,62.1,6.364,116155576
pak,Pakistan,1991,2.5655,62.2,6.291,120060406
pak,Pakistan,1992,2.7777,62.4,6.207,123546848
pak,Pakistan,1993,3.0075,62.5,6.112,127020117
pak,Pakistan,1994,3.2563,62.7,6.008,130748083
pak,Pakistan,1995,3.5257,62.8,5.894,134582253
pak,Pakistan,1996,3.8174,63.2,5.771,138557092
pak,Pakistan,1997,3.8075,63.4,5.642,142531804
pak,Pakistan,1998,3.7976,63.7,5.507,146522356
pak,Pakistan,1999,3.6507,64,5.462,150565377
pak,Pakistan,2000,3.5094,64.3,5.352,154879127
pak,Pakistan,2001,3.3736,64.5,5.182,159270907
pak,Pakistan,2002,3.6045,64.8,5.012,163222549
pak,Pakistan,2003,3.8511,65,4.894,167110248
pak,Pakistan,2004,4.1145,65.2,4.685,171286000
pak,Pakistan,2005,4.1453,64,4.595,175453212
pak,Pakistan,2006,4.2429,65.7,4.589,179682690
pak,Pakistan,2007,4.3427,65.9,4.554,184493231
pak,Pakistan,2008,4.4543,66.1,4.515,189499113
pak,Pakistan,2009,4.5687,66.3,4.465,194376534
pak,Pakistan,2010,4.6861,66.5,4.398,199239047
pak,Pakistan,2011,4.7969,66.9,4.305,203746065
pak,Pakistan,2012,4.9482,67.1,4.204,207667125
pak,Pakistan,2013,5.1044,67.2,4.125,211073978
pak,Pakistan,2014,5.3387,67.5,4.055,214264647
pak,Pakistan,2015,5.5837,67.8,3.988,217290883
pak,Pakistan,2016,5.5325,68.2,3.902,220138869
pak,Pakistan,2017,5.4817,68.5,3.9,223273967
pak,Pakistan,2018,5.4314,68.9,3.855,226928892
pak,Pakistan,2019,5.4737,69.2,3.81,230800899
pak,Pakistan,2020,5.3073,66.8,3.765,235001746
pak,Pakistan,2021,5.5474,66.4,3.72,239477801
pak,Pakistan,2022,5.7117000000000004,69.6,3.662,243700667
pak,Pakistan,2023,5.6217,70,3.605,247504495
pak,Pakistan,2024,5.7166,70.21,3.547,251269164
pan,Panama,1960,6.4267,65.9,5.829,1126005
pan,Panama,1961,6.895,66.1,5.865,1159870
pan,Panama,1962,7.2359,66.4,5.872,1195301
pan,Panama,1963,7.6467,66.9,5.865,1232124
pan,Panama,1964,7.7258,67.6,5.808,1270065
pan,Panama,1965,8.1451,67.9,5.728,1308835
pan,Panama,1966,8.4746,67.7,5.649,1348388
pan,Panama,1967,8.8968,67.7,5.534,1388628
pan,Panama,1968,9.232,67.6,5.411,1429447
pan,Panama,1969,9.6602,67.7,5.287,1470886
pan,Panama,1970,10.5259,68,5.175,1513070
pan,Panama,1971,11.2043,68.6,5.054,1556081
pan,Panama,1972,11.3878,69.4,4.908,1599723
pan,Panama,1973,11.6669,70.1,4.741,1643690
pan,Panama,1974,11.6068,70.9,4.576,1687926
pan,Panama,1975,11.4815,71.7,4.414,1732389
pan,Panama,1976,11.363,72.4,4.264,1776935
pan,Panama,1977,11.1729,73,4.118,1821543
pan,Panama,1978,11.9883,73.5,3.984,1866311
pan,Panama,1979,12.2154,74,3.884,1911552
pan,Panama,1980,12.0638,74.4,3.796,1957534
pan,Panama,1981,11.914,74.7,3.723,2004418
pan,Panama,1982,11.7661,74.9,3.659,2052271
pan,Panama,1983,11.6201,75.1,3.601,2101106
pan,Panama,1984,11.4758,75.2,3.519,2150782
pan,Panama,1985,11.3334,75.3,3.427,2200915
pan,Panama,1986,11.1927,75.5,3.339,2251325
pan,Panama,1987,11.0537,75.7,3.251,2301970
pan,Panama,1988,10.9165,75.7,3.173,2352848
pan,Panama,1989,10.781,74.8,3.121,2403820
pan,Panama,1990,11.1393,76.1,3.072,2455583
pan,Panama,1991,11.5095,76.2,2.999,2508265
pan,Panama,1992,12.2343,76.2,2.95,2561336
pan,Panama,1993,13.0048,76.2,2.909,2615099
pan,Panama,1994,13.8239,76.3,2.877,2669546
pan,Panama,1995,14.6945,76.4,2.852,2724557
pan,Panama,1996,14.9561,76.5,2.83,2780227
pan,Panama,1997,15.2223,76.5,2.81,2836695
pan,Panama,1998,14.5797,76.9,2.789,2893914
pan,Panama,1999,15.3164,77.2,2.767,2951822
pan,Panama,2000,16.2662,77.5,2.744,3010369
pan,Panama,2001,14.3135,77.6,2.72,3069537
pan,Panama,2002,15.6363,77.7,2.698,3129344
pan,Panama,2003,15.9062,77.8,2.679,3189807
pan,Panama,2004,16.1903,77.8,2.68,3251155
pan,Panama,2005,15.9798,77.8,2.643,3313026
pan,Panama,2006,16.1867,77.9,2.62,3375024
pan,Panama,2007,16.9166,78.1,2.612,3437490
pan,Panama,2008,20.3841,78.2,2.608,3500648
pan,Panama,2009,20.4397,78.2,2.593,3564381
pan,Panama,2010,20.9299,78.1,2.587,3628535
pan,Panama,2011,23.1671,78.2,2.604,3693505
pan,Panama,2012,23.4477,78.3,2.591,3759256
pan,Panama,2013,24.2898,78.3,2.569,3825329
pan,Panama,2014,24.402,78.4,2.552,3892101
pan,Panama,2015,26.6551,78.6,2.53,3960035
pan,Panama,2016,28.0121,78.7,2.502,4029086
pan,Panama,2017,27.8571,78.8,2.462,4098707
pan,Panama,2018,29.3674,78.9,2.402,4167860
pan,Panama,2019,30.3728,78.9,2.288,4234700
pan,Panama,2020,29.1567,76.7,2.184,4293261
pan,Panama,2021,27.9892,77.1,2.152,4345405
pan,Panama,2022,27.654,78.6,2.139,4400773
pan,Panama,2023,27.3228,79.2,2.119,4458759
pan,Panama,2024,27.7511,79.4,2.106,4515577
per,Peru,1960,11.5394,48.6,6.941,10174127
per,Peru,1961,12.0884,50,6.923,10475123
per,Peru,1962,12.5794,51.4,6.895,10784612
per,Peru,1963,12.6693,53.9,6.858,11102099
per,Peru,1964,13.0715,56,6.81,11427978
per,Peru,1965,13.3939,57.1,6.75,11761085
per,Peru,1966,14.0256,57.5,6.68,12101297
per,Peru,1967,14.0832,57.9,6.6,12448814
per,Peru,1968,13.5374,58.2,6.513,12803993
per,Peru,1969,13.4837,58.4,6.418,13166767
per,Peru,1970,13.9415,50,6.316,13501237
per,Peru,1971,14.0851,60.4,6.207,13838067
per,Peru,1972,14.0664,61.4,6.091,14210147
per,Peru,1973,14.3792,62,5.968,14582867
per,Peru,1974,14.9129,63.4,5.841,14956552
per,Peru,1975,15.3153,65.3,5.709,15333957
per,Peru,1976,15.0346,66.9,5.575,15716809
per,Peru,1977,14.5789,67.4,5.44,16109806
per,Peru,1978,13.916,67.1,5.305,16516059
per,Peru,1979,14.1405,66.5,5.171,16933139
per,Peru,1980,14.4324,66.2,5.041,17360949
per,Peru,1981,15.4907,66.7,4.915,17798805
per,Peru,1982,15.5787,67.1,4.795,18246503
per,Peru,1983,13.8205,67,4.68,18705957
per,Peru,1984,14.3332,67,4.568,19174716
per,Peru,1985,14.5508,67.6,4.46,19648204
per,Peru,1986,13.4305,68.5,4.354,20117122
per,Peru,1987,12.3964,69.7,4.247,20582320
per,Peru,1988,11.442,70.8,4.138,21054702
per,Peru,1989,10.561,71.8,4.026,21532589
per,Peru,1990,9.7479,72.9,3.912,22014771
per,Peru,1991,8.9974,71.8,3.794,22483775
per,Peru,1992,8.3046,73,3.673,22946340
per,Peru,1993,7.6652,72.9,3.552,23413783
per,Peru,1994,7.0751,72.9,3.432,23881493
per,Peru,1995,7.7571,72.9,3.315,24348919
per,Peru,1996,8.5049,73.3,3.203,24811171
per,Peru,1997,9.3248,73.9,3.099,25274147
per,Peru,1998,9.7876,74.5,3.002,25738095
per,Peru,1999,9.5554,75.5,2.917,26186504
per,Peru,2000,8.4191,76.3,2.845,26598331
per,Peru,2001,8.5022,77,2.744,26964601
per,Peru,2002,9.8164,77.3,2.693,27288217
per,Peru,2003,10.1814,77.3,2.661,27580490
per,Peru,2004,9.271,77.5,2.673,27852190
per,Peru,2005,8.8695,78,2.643,28101180
per,Peru,2006,9.9823,78.6,2.619,28324491
per,Peru,2007,11.2185,78.8,2.583,28530699
per,Peru,2008,11.6386,79,2.528,28719041
per,Peru,2009,12.144,78.8,2.48,28896811
per,Peru,2010,12.7079,79,2.421,29086019
per,Peru,2011,13.1343,79.5,2.413,29304086
per,Peru,2012,13.8598,79.9,2.356,29550366
per,Peru,2013,13.9975,80.4,2.317,29817919
per,Peru,2014,14.0672,80.8,2.271,30115826
per,Peru,2015,14.2019,81.1,2.229,30457600
per,Peru,2016,14.688,80.9,2.189,30866494
per,Peru,2017,14.4759,80.2,2.152,31324637
per,Peru,2018,14.8568,79.7,2.118,31897584
per,Peru,2019,15.0559,79.6,2.086,32449303
per,Peru,2020,11.8685,72.4,2.056,32838579
per,Peru,2021,13.2172,71,2.029,33155882
per,Peru,2022,13.5501,78,2.004,33475438
per,Peru,2023,13.5236,77.1,1.98,33845617
per,Peru,2024,13.8184,77.3,1.965,34217848
phl,Philippines,1960,3.5046,62.2,6.996,27891897
phl,Philippines,1961,3.5672,62.4,6.994,28792621
phl,Philippines,1962,3.6042,62.8,6.98,29723536
phl,Philippines,1963,3.7136,63.2,6.952,30674731
phl,Philippines,1964,3.7029,63.3,6.886,31643032
phl,Philippines,1965,3.757,63.2,6.799,32625316
phl,Philippines,1966,3.7798,63.3,6.691,33617170
phl,Philippines,1967,3.8371,63.4,6.572,34621320
phl,Philippines,1968,3.8849,63.4,6.448,35638342
phl,Philippines,1969,3.9239,63.7,6.333,36660799
phl,Philippines,1970,3.9286,63.8,6.218,37622204
phl,Philippines,1971,3.9998,64.1,6.083,38518659
phl,Philippines,1972,4.0728,63.4,5.937,39408560
phl,Philippines,1973,4.2865,63.5,5.787,40294130
phl,Philippines,1974,4.2888,63.9,5.693,41174341
phl,Philippines,1975,4.3764,64.4,5.596,42120826
phl,Philippines,1976,4.6017,63.9,5.505,43201488
phl,Philippines,1977,4.6973,64.3,5.442,44367962
phl,Philippines,1978,4.7758,65,5.393,45575281
phl,Philippines,1979,4.8754,65.7,5.255,46807103
phl,Philippines,1980,4.9552,66.2,5.108,48043740
phl,Philippines,1981,5.2358,66.4,4.973,49311727
phl,Philippines,1982,5.4576,66.3,4.917,50695707
phl,Philippines,1983,5.5303,66.1,4.867,52194620
phl,Philippines,1984,5.0943,66.2,4.77,53726181
phl,Philippines,1985,4.6845,66.3,4.664,55213006
phl,Philippines,1986,4.7601,66.5,4.563,56645077
phl,Philippines,1987,4.8369,66.6,4.509,58157496
phl,Philippines,1988,4.915,67.4,4.449,59739052
phl,Philippines,1989,5.0297,68.2,4.365,61265260
phl,Philippines,1990,5.147,68.8,4.322,62854666
phl,Philippines,1991,5.2671,69.2,4.273,64382249
phl,Philippines,1992,5.2914,69.6,4.161,65926125
phl,Philippines,1993,5.3157,69.7,4.098,67530621
phl,Philippines,1994,5.3402,69.9,4.079,69019291
phl,Philippines,1995,5.7586,70,4.067,70546246
phl,Philippines,1996,6.2098,70,4.004,72190242
phl,Philippines,1997,6.6963,70.2,3.943,73908810
phl,Philippines,1998,8.5784,70.3,3.884,75791024
phl,Philippines,1999,10.9896,70.6,3.825,77753257
phl,Philippines,2000,14.0785,70.5,3.754,79625397
phl,Philippines,2001,14.1126,70.3,3.719,81401488
phl,Philippines,2002,14.1467,70.3,3.651,83068889
phl,Philippines,2003,14.1809,70.6,3.591,84731835
phl,Philippines,2004,14.2108,70.7,3.524,86394504
phl,Philippines,2005,14.2406,70.6,3.448,88015962
phl,Philippines,2006,14.2706,70.6,3.466,89508986
phl,Philippines,2007,14.5066,70.9,3.403,91075184
phl,Philippines,2008,14.7466,70.8,3.401,92699095
phl,Philippines,2009,14.9905,70.7,3.376,94384250
phl,Philippines,2010,15.0214,70.8,3.315,96337125
phl,Philippines,2011,15.0523,70.9,3.236,98248614
phl,Philippines,2012,15.0832,70.9,3.143,100175512
phl,Philippines,2013,15.4703,70.6,3.042,102076336
phl,Philippines,2014,15.8673,71,2.894,103767130
phl,Philippines,2015,16.2745,70.9,2.829,105312992
phl,Philippines,2016,16.6769,70.7,2.679,106735719
phl,Philippines,2017,17.0892,71,2.525,108119693
phl,Philippines,2018,17.5118,71.3,2.378,109465287
phl,Philippines,2019,17.1653,71.6,2.215,110804683
phl,Philippines,2020,16.8257,71.7,2.075,112081264
phl,Philippines,2021,16.4928,67.8,1.95,113100950
phl,Philippines,2022,16.8339,70.8,1.929,113964338
phl,Philippines,2023,17.1821,72.1,1.916,114891199
phl,Philippines,2024,18.0108,72.2,1.894,115843670
plw,Palau,1960,19.0607,54.7,7.189,9328
plw,Palau,1961,20.0544,55.3,7.173,9555
plw,Palau,1962,21.0983,55.8,7.145,9793
plw,Palau,1963,22.1968,56.4,7.117,10037
plw,Palau,1964,23.3519,56.9,7.076,10292
plw,Palau,1965,24.5679,57.5,7.014,10547
plw,Palau,1966,25.8456,58,6.932,10805
plw,Palau,1967,27.1893,58.5,6.836,10988
plw,Palau,1968,28.6031,59,6.714,11080
plw,Palau,1969,30.0891,59.5,6.576,11159
plw,Palau,1970,31.6524,60,6.387,11368
plw,Palau,1971,30.3877,60.4,6.164,11759
plw,Palau,1972,33.3157,60.8,5.896,12194
plw,Palau,1973,39.6053,61.1,5.592,12552
plw,Palau,1974,56.4967,61.5,5.258,12687
plw,Palau,1975,58.813,61.8,4.903,12655
plw,Palau,1976,42.6952,62.1,4.526,12598
plw,Palau,1977,40.5178,62.4,4.09,12525
plw,Palau,1978,40.7511,62.8,3.74,12440
plw,Palau,1979,36.6622,63.1,3.486,12337
plw,Palau,1980,19.6086,63.4,3.351,12271
plw,Palau,1981,17.2341,63.7,3.276,12402
plw,Palau,1982,17.3791,64.1,3.22,12694
plw,Palau,1983,16.6985,64.4,3.143,13006
plw,Palau,1984,16.5951,64.8,3.08,13337
plw,Palau,1985,14.6564,65.1,3.01,13688
plw,Palau,1986,14.2345,65.4,2.976,14024
plw,Palau,1987,13.766,65.7,2.933,14334
plw,Palau,1988,16.3141,65.9,2.905,14645
plw,Palau,1989,16.6038,66.1,2.917,14945
plw,Palau,1990,17.3141,66.3,2.881,15259
plw,Palau,1991,17.2967,66.5,2.742,15614
plw,Palau,1992,15.7836,66.6,2.71,15989
plw,Palau,1993,13.4936,66.7,2.727,16372
plw,Palau,1994,14.1111,66.8,2.661,16770
plw,Palau,1995,15.2477,66.8,2.553,17195
plw,Palau,1996,16.3883,66.8,2.39,17654
plw,Palau,1997,16.3369,67,2.187,18108
plw,Palau,1998,16.2798,67,2.006,18524
plw,Palau,1999,15.0849,67.1,1.906,18901
plw,Palau,2000,14.4939,67.1,1.819,19178
plw,Palau,2001,15.2746,67.2,1.87,19352
plw,Palau,2002,15.8749,67.3,1.923,19503
plw,Palau,2003,15.2298,67.4,1.962,19659
plw,Palau,2004,15.7097,67.5,1.989,19820
plw,Palau,2005,16.25,67.6,2.017,19819
plw,Palau,2006,16.3808,67.7,1.996,19593
plw,Palau,2007,16.9039,67.9,1.968,19302
plw,Palau,2008,16.2144,68.1,1.947,19009
plw,Palau,2009,15.2696,68.1,1.935,18709
plw,Palau,2010,15.3723,68.2,1.937,18396
plw,Palau,2011,16.4433,68.3,1.965,18078
plw,Palau,2012,16.9428,68.3,2.006,17765
plw,Palau,2013,16.5372,68.4,2.054,17648
plw,Palau,2014,17.2605,68.4,2.032,17715
plw,Palau,2015,18.6181,68.4,2.002,17770
plw,Palau,2016,18.5081,68.6,2.055,17797
plw,Palau,2017,17.8896,68.8,2.019,17812
plw,Palau,2018,17.9073,68.9,1.97,17814
plw,Palau,2019,17.9592,69,1.984,17798
plw,Palau,2020,16.8875,68.3,1.972,17792
plw,Palau,2021,14.5654,66.7,1.95,17783
plw,Palau,2022,14.3928,68.5,1.927,17759
plw,Palau,2023,14.6894,68.9,1.907,17727
plw,Palau,2024,16.1478,69,1.883,17695
png,Papua New Guinea,1960,1.0846,48.9,6.018,1995110
png,Papua New Guinea,1961,1.1426,49.4,6.074,2046127
png,Papua New Guinea,1962,1.2051,49.9,6.135,2093919
png,Papua New Guinea,1963,1.2426,50.4,6.153,2141376
png,Papua New Guinea,1964,1.3364,50.9,6.191,2188325
png,Papua New Guinea,1965,1.4587,51.5,6.203,2235820
png,Papua New Guinea,1966,1.5247,52.1,6.232,2285774
png,Papua New Guinea,1967,1.568,52.7,6.242,2337532
png,Papua New Guinea,1968,1.6148,53.3,6.252,2390803
png,Papua New Guinea,1969,1.7264,53.9,6.258,2446927
png,Papua New Guinea,1970,1.8866,54.5,6.25,2505628
png,Papua New Guinea,1971,1.9762,55.1,6.229,2566421
png,Papua New Guinea,1972,2.0575,55.7,6.197,2628432
png,Papua New Guinea,1973,2.1589,56.2,6.16,2690629
png,Papua New Guinea,1974,2.1815,56.7,6.114,2752671
png,Papua New Guinea,1975,2.1309,57.2,6.065,2814820
png,Papua New Guinea,1976,2.0312,57.7,6.018,2877327
png,Papua New Guinea,1977,2.0205,58.1,5.957,2940327
png,Papua New Guinea,1978,2.1625,58.5,5.879,3003714
png,Papua New Guinea,1979,2.1707,58.8,5.785,3067341
png,Papua New Guinea,1980,2.087,59.2,5.705,3131512
png,Papua New Guinea,1981,2.1577,59.5,5.645,3197019
png,Papua New Guinea,1982,2.2021,59.8,5.587,3264291
png,Papua New Guinea,1983,2.2808,60.1,5.563,3333633
png,Papua New Guinea,1984,2.2677,60.5,5.514,3405198
png,Papua New Guinea,1985,2.3472,60.8,5.47,3478936
png,Papua New Guinea,1986,2.456,61.1,5.415,3554793
png,Papua New Guinea,1987,2.578,61.3,5.359,3632543
png,Papua New Guinea,1988,2.6505,61.5,5.302,3711880
png,Papua New Guinea,1989,2.5953,61.8,5.243,3796078
png,Papua New Guinea,1990,2.4946,62,5.18,3896481
png,Papua New Guinea,1991,2.6558,61.9,5.109,4021837
png,Papua New Guinea,1992,2.9302,62.2,5.033,4166699
png,Papua New Guinea,1993,3.3528,62.4,4.962,4320872
png,Papua New Guinea,1994,3.4375,62.6,4.87,4480208
png,Papua New Guinea,1995,3.2156,62.8,4.78,4644278
png,Papua New Guinea,1996,3.3507,63,4.728,4813361
png,Papua New Guinea,1997,3.3858,63.2,4.679,4987883
png,Papua New Guinea,1998,3.4213,62.4,4.632,5166390
png,Papua New Guinea,1999,3.4571,63.3,4.587,5349333
png,Papua New Guinea,2000,3.4933,63.4,4.525,5537064
png,Papua New Guinea,2001,3.5299,63.5,4.469,5728435
png,Papua New Guinea,2002,3.5669,63.4,4.419,5924003
png,Papua New Guinea,2003,3.6043,63.6,4.362,6123997
png,Papua New Guinea,2004,3.642,63.7,4.283,6328041
png,Papua New Guinea,2005,3.6802,63.8,4.22,6535905
png,Papua New Guinea,2006,3.7187,64,4.148,6747720
png,Papua New Guinea,2007,3.7577,64,4.076,6963345
png,Papua New Guinea,2008,3.797,64.3,4.015,7183002
png,Papua New Guinea,2009,3.8368,64.4,3.941,7406438
png,Papua New Guinea,2010,4.0916,64.4,3.883,7633523
png,Papua New Guinea,2011,4.018,64.5,3.816,7859346
png,Papua New Guinea,2012,4.0896,64.6,3.746,8081390
png,Papua New Guinea,2013,4.1328,65.1,3.684,8302698
png,Papua New Guinea,2014,4.571,65.3,3.625,8523441
png,Papua New Guinea,2015,4.7493,65.4,3.558,8743246
png,Papua New Guinea,2016,4.8878,65.8,3.495,8961718
png,Papua New Guinea,2017,4.941,66,3.432,9178714
png,Papua New Guinea,2018,4.814,66.2,3.382,9394513
png,Papua New Guinea,2019,4.9174,66.3,3.322,9609010
png,Papua New Guinea,2020,4.6614,66.5,3.274,9815746
png,Papua New Guinea,2021,4.5462,65.9,3.215,10012896
png,Papua New Guinea,2022,4.7161,66.2,3.165,10203169
png,Papua New Guinea,2023,4.8079,66.3,3.099,10389635
png,Papua New Guinea,2024,4.9164,66.5,3.072,10576502
pol,Poland,1960,8.8751,67.5,2.98,29575966
pol,Poland,1961,9.4044,68,2.83,29979689
pol,Poland,1962,9.1193,68.3,2.72,30338087
pol,Poland,1963,9.5064,68.8,2.7,30674020
pol,Poland,1964,9.7771,69.2,2.57,30993135
pol,Poland,1965,10.1657,69.7,2.52,31288336
pol,Poland,1966,10.6553,70.1,2.34,31568284
pol,Poland,1967,10.8926,70.2,2.33,31828630
pol,Poland,1968,11.3969,70.4,2.24,32078388
pol,Poland,1969,11.1343,70.3,2.2,32322775
pol,Poland,1970,11.5606,70.3,2.2,32542633
pol,Poland,1971,12.2361,70.5,2.25,32771296
pol,Poland,1972,12.808,71.1,2.24,33041996
pol,Poland,1973,13.3762,71.4,2.26,33333274
pol,Poland,1974,14.0286,71.5,2.26,33642461
pol,Poland,1975,14.5524,71.3,2.27,33964399
pol,Poland,1976,15.0868,71.1,2.3,34296607
pol,Poland,1977,15.5556,71.1,2.23,34628512
pol,Poland,1978,16.0523,71,2.21,34934213
pol,Poland,1979,16.0396,71,2.28,35248387
pol,Poland,1980,15.1214,70.9,2.28,35576519
pol,Poland,1981,14.4652,71.4,2.24,35900913
pol,Poland,1982,14.3214,71.6,2.34,36233460
pol,Poland,1983,15.212,71.4,2.42,36573699
pol,Poland,1984,15.5526,71.2,2.37,36905800
pol,Poland,1985,16.1487,71,2.33,37200853
pol,Poland,1986,16.5067,71.1,2.22,37452611
pol,Poland,1987,16.4956,71.3,2.15,37665707
pol,Poland,1988,19.7708,71.5,2.13,37817864
pol,Poland,1989,23.6963,71.4,2.08,37938088
pol,Poland,1990,21.6982,71.2,2.06,38055455
pol,Poland,1991,19.8686,71,2.07,38152947
pol,Poland,1992,18.1932,71.4,1.95,38233640
pol,Poland,1993,10.6466,71.7,1.87,38294882
pol,Poland,1994,12.6215,72.1,1.81,38344313
pol,Poland,1995,14.9627,72.3,1.62,38364667
pol,Poland,1996,7.4475,72.5,1.59,38359171
pol,Poland,1997,11.0586,72.8,1.51,38348310
pol,Poland,1998,16.4207,73.1,1.44,38326437
pol,Poland,1999,34.0743,73.3,1.37,38287713
pol,Poland,2000,16.1526,73.9,1.37,38258071
pol,Poland,2001,15.9481,74.3,1.31,38247357
pol,Poland,2002,16.0859,74.7,1.25,38229408
pol,Poland,2003,17.7721,74.9,1.22,38203524
pol,Poland,2004,37.9402,75.1,1.23,38167572
pol,Poland,2005,37.165,75.3,1.24,38124379
pol,Poland,2006,39.6549,75.4,1.27,38071167
pol,Poland,2007,43.472,75.5,1.31,38020421
pol,Poland,2008,46.7481,75.7,1.39,37995902
pol,Poland,2009,47.5635,76,1.4,38002155
pol,Poland,2010,48.286,76.4,1.41,38095351
pol,Poland,2011,48.2012,76.8,1.33,38208643
pol,Poland,2012,47.9375,76.9,1.33,38247868
pol,Poland,2013,48.8442,77.2,1.29,38259262
pol,Poland,2014,49.9193,77.6,1.32,38265113
pol,Poland,2015,51.8279,77.6,1.32,38266314
pol,Poland,2016,54.9524,77.9,1.39,38263265
pol,Poland,2017,56.2785,77.9,1.48,38254959
pol,Poland,2018,58.568600000000004,77.8,1.46,38241071
pol,Poland,2019,62.6753,78,1.44,38225885
pol,Poland,2020,40.6913,76.7,1.39,38171012
pol,Poland,2021,43.0127,75.7,1.33,38040302
pol,Poland,2022,43.4729,77.5,1.29,38385739
pol,Poland,2023,43.7411,78.6,1.2,38762844
pol,Poland,2024,45.1831,78.8,1.14,38539201
prk,North Korea,1960,2.951,61.5,3.568,11722953
prk,North Korea,1961,2.9882,61.9,3.261,11990713
prk,North Korea,1962,2.967,62.3,3.412,12262882
prk,North Korea,1963,3.1225,62.7,3.626,12567057
prk,North Korea,1964,3.1627,63.1,3.547,12889770
prk,North Korea,1965,3.2034,63.5,3.556,13219369
prk,North Korea,1966,3.2446,63.8,3.709,13569094
prk,North Korea,1967,3.2864,64.2,4.05,13958350
prk,North Korea,1968,3.3287,64.5,3.872,14365596
prk,North Korea,1969,3.3715,64.8,3.86,14767615
prk,North Korea,1970,3.4149,65.2,3.848,15172775
prk,North Korea,1971,3.5734,65.5,3.739,15572457
prk,North Korea,1972,3.8154,65.9,3.889,15975069
prk,North Korea,1973,4.0853,66.3,3.353,16350367
prk,North Korea,1974,4.3873,66.7,3.142,16673121
prk,North Korea,1975,4.7277,67.2,3.047,16971055
prk,North Korea,1976,4.8132,67.6,2.836,17243450
prk,North Korea,1977,4.9069,67.9,2.771,17492798
prk,North Korea,1978,5.0042,68.3,2.793,17735995
prk,North Korea,1979,5.1027,68.6,2.849,17983470
prk,North Korea,1980,5.198,69,2.841,18236786
prk,North Korea,1981,5.2788,69.3,2.921,18501295
prk,North Korea,1982,5.3655,69.6,2.854,18776357
prk,North Korea,1983,5.4512,70,2.777,19054034
prk,North Korea,1984,5.5382,70.2,2.708,19335043
prk,North Korea,1985,5.6243,70.5,2.646,19620388
prk,North Korea,1986,5.5872,70.8,2.594,19910855
prk,North Korea,1987,5.5481,71,2.529,20205483
prk,North Korea,1988,5.5093,71.2,2.468,20503161
prk,North Korea,1989,5.4868,71.4,2.412,20804367
prk,North Korea,1990,5.4648,71.5,2.388,21112137
prk,North Korea,1991,5.1293,71.5,2.351,21428638
prk,North Korea,1992,4.6755,71.5,2.287,21750911
prk,North Korea,1993,4.3795,71.5,2.218,22073352
prk,North Korea,1994,4.2062,71.5,2.183,22393975
prk,North Korea,1995,3.9475,65.3,2.146,22669304
prk,North Korea,1996,3.7496,65.2,2.093,22895746
prk,North Korea,1997,3.4565,65.2,2.027,23110830
prk,North Korea,1998,3.3868,65.1,1.991,23311564
prk,North Korea,1999,3.5524,69,1.966,23497599
prk,North Korea,2000,3.5188,69.1,1.941,23665910
prk,North Korea,2001,3.6018,69.1,1.94,23815358
prk,North Korea,2002,3.5998,69.2,1.919,23943973
prk,North Korea,2003,3.6228,71.9,1.909,24090380
prk,North Korea,2004,3.656,71.9,1.899,24254943
prk,North Korea,2005,3.751,72,1.872,24396433
prk,North Korea,2006,3.6716,72.2,1.936,24524507
prk,North Korea,2007,3.5907,72.2,1.943,24646383
prk,North Korea,2008,3.6722,72.5,1.97,24764618
prk,North Korea,2009,3.6022,72.6,1.905,24878332
prk,North Korea,2010,3.5489,72.7,1.89,24987258
prk,North Korea,2011,3.5611,72.8,1.883,25097874
prk,North Korea,2012,3.5895,72.9,1.882,25211728
prk,North Korea,2013,3.6097,72.9,1.877,25329451
prk,North Korea,2014,3.63,73.1,1.874,25451262
prk,North Korea,2015,3.5733,73.2,1.863,25575350
prk,North Korea,2016,3.6908,73.3,1.856,25698326
prk,North Korea,2017,3.5449,73.4,1.848,25817709
prk,North Korea,2018,3.3827,73.5,1.834,25931147
prk,North Korea,2019,3.1436,73.6,1.825,26037632
prk,North Korea,2020,3.041,73.6,1.821,26136312
prk,North Korea,2021,3.2021,73.8,1.806,26232534
prk,North Korea,2022,2.8897,73.7,1.797,26328845
prk,North Korea,2023,3.124,73.7,1.78,26418204
prk,North Korea,2024,3.2363,73.8,1.784,26498823
prt,Portugal,1960,5.5621,64.1,3.16,8873218
prt,Portugal,1961,5.8728,64.1,3.21,8888374
prt,Portugal,1962,6.2302,64.5,3.23,8895776
prt,Portugal,1963,6.5285,64.9,3.12,8898302
prt,Portugal,1964,6.8709,65.3,3.21,8895763
prt,Portugal,1965,7.3404,65.7,3.15,8889625
prt,Portugal,1966,7.6039,65.7,3.16,8872479
prt,Portugal,1967,8.1379,66.1,3.16,8845842
prt,Portugal,1968,8.9422,66.6,3.12,8809704
prt,Portugal,1969,9.1467,66.7,3.12,8754238
prt,Portugal,1970,9.934,67.4,3.01,8669523
prt,Portugal,1971,10.5633,67.8,3,8685582
prt,Portugal,1972,11.3274,68.6,2.86,8815597
prt,Portugal,1973,12.4632,68.9,2.77,8939237
prt,Portugal,1974,12.3779,69,2.7,9059176
prt,Portugal,1975,11.5089,69.1,2.75,9182302
prt,Portugal,1976,12.0364,69.3,2.82,9310256
prt,Portugal,1977,12.5467,70.1,2.69,9438167
prt,Portugal,1978,12.739,70.9,2.45,9556395
prt,Portugal,1979,13.3032,71.5,2.31,9663302
prt,Portugal,1980,13.7506,71.6,2.25,9763624
prt,Portugal,1981,14.7114,72,2.13,9837586
prt,Portugal,1982,15.4742,72.5,2.07,9885838
prt,Portugal,1983,15.8442,72.6,1.95,9925258
prt,Portugal,1984,15.9162,72.9,1.9,9956896
prt,Portugal,1985,16.5246,73.2,1.72,9979469
prt,Portugal,1986,17.3223,73.5,1.66,9993094
prt,Portugal,1987,18.8752,73.9,1.62,10001993
prt,Portugal,1988,20.5089,74.1,1.61,10004590
prt,Portugal,1989,22.4072,74.3,1.57,10001376
prt,Portugal,1990,24.6504,74.2,1.56,9989524
prt,Portugal,1991,25.8081,74.2,1.56,9969176
prt,Portugal,1992,26.3348,74.6,1.54,9960340
prt,Portugal,1993,25.9301,74.8,1.52,9972342
prt,Portugal,1994,26.2127,75.4,1.45,9998487
prt,Portugal,1995,27.199,75.5,1.41,10031751
prt,Portugal,1996,28.1226,75.5,1.44,10067649
prt,Portugal,1997,29.3072,75.9,1.47,10110551
prt,Portugal,1998,30.6368,76.1,1.47,10159525
prt,Portugal,1999,31.7289,76.4,1.5,10214871
prt,Portugal,2000,32.7821,76.8,1.55,10283204
prt,Portugal,2001,33.2564,77.2,1.45,10354325
prt,Portugal,2002,33.3982,77.4,1.46,10413044
prt,Portugal,2003,33.0277,77.7,1.44,10454245
prt,Portugal,2004,34.1201,78.4,1.4,10481381
prt,Portugal,2005,34.0198,78.8,1.41,10502994
prt,Portugal,2006,34.6239,79.1,1.37,10524120
prt,Portugal,2007,34.8783,79.3,1.35,10546825
prt,Portugal,2008,34.5695,79.6,1.39,10564081
prt,Portugal,2009,35.3385,79.8,1.34,10576267
prt,Portugal,2010,34.7307,80.1,1.39,10578660
prt,Portugal,2011,33.2572,80.5,1.35,10557052
prt,Portugal,2012,31.3133,80.6,1.28,10513150
prt,Portugal,2013,31.2396,80.9,1.21,10458298
prt,Portugal,2014,31.7974,81.3,1.24,10406199
prt,Portugal,2015,33.4722,81.4,1.31,10370267
prt,Portugal,2016,34.3244,81.5,1.37,10346372
prt,Portugal,2017,34.5662,81.7,1.38,10330844
prt,Portugal,2018,36.481,81.8,1.42,10325353
prt,Portugal,2019,38.9934,82,1.44,10343213
prt,Portugal,2020,40.4537,81.4,1.42,10370519
prt,Portugal,2021,40.4173,81.4,1.35,10390956
prt,Portugal,2022,40.8545,81.3,1.43,10417073
prt,Portugal,2023,41.352,82,1.45,10430738
prt,Portugal,2024,41.6632,82.2,1.41,10425292
pry,Paraguay,1960,5.8328,66.8,6.5,1883514
pry,Paraguay,1961,5.9931,67.1,6.489,1927394
pry,Paraguay,1962,6.0745,67.3,6.472,1973130
pry,Paraguay,1963,6.0967,67.6,6.447,2021909
pry,Paraguay,1964,6.1554,67.7,6.421,2073119
pry,Paraguay,1965,6.3778,67.6,6.345,2125177
pry,Paraguay,1966,6.2429,67.5,6.231,2177584
pry,Paraguay,1967,6.5188,67.4,6.097,2229994
pry,Paraguay,1968,6.5153,67.3,5.972,2282391
pry,Paraguay,1969,6.602,67.4,5.837,2334992
pry,Paraguay,1970,6.8383,67.5,5.718,2388028
pry,Paraguay,1971,7.0384,67.6,5.591,2442537
pry,Paraguay,1972,7.3144,67.8,5.458,2499881
pry,Paraguay,1973,7.6524,68.1,5.351,2561102
pry,Paraguay,1974,8.0802,68.4,5.272,2625621
pry,Paraguay,1975,8.4395,68.7,5.177,2691648
pry,Paraguay,1976,8.8313,69.1,5.117,2758836
pry,Paraguay,1977,9.5702,69.5,5.078,2827874
pry,Paraguay,1978,10.4019,70,5.036,2899269
pry,Paraguay,1979,11.3019,70.4,5.062,2973968
pry,Paraguay,1980,12.2708,70.9,5.102,3053235
pry,Paraguay,1981,13.7088,71.5,5.153,3137604
pry,Paraguay,1982,13.6517,71.9,5.126,3226189
pry,Paraguay,1983,13.1878,72.2,5.087,3318068
pry,Paraguay,1984,13.5054,72.6,5.037,3412936
pry,Paraguay,1985,13.9345,73.2,4.974,3510671
pry,Paraguay,1986,13.785,73.7,4.929,3611474
pry,Paraguay,1987,14.228,74.2,4.847,3714889
pry,Paraguay,1988,15.0667,74.5,4.774,3820546
pry,Paraguay,1989,15.9808,74.6,4.681,3927802
pry,Paraguay,1990,16.6383,75,4.565,4035747
pry,Paraguay,1991,16.4391,75.2,4.481,4144364
pry,Paraguay,1992,16.2423,75.1,4.402,4253600
pry,Paraguay,1993,16.0479,74.9,4.282,4362696
pry,Paraguay,1994,15.8558,74.6,4.196,4471417
pry,Paraguay,1995,15.6661,74.5,4.108,4579806
pry,Paraguay,1996,16.2328,74.4,4.014,4687543
pry,Paraguay,1997,16.8201,74.5,3.911,4794412
pry,Paraguay,1998,16.0382,74.5,3.798,4900025
pry,Paraguay,1999,15.2927,74.6,3.67,5003135
pry,Paraguay,2000,15.444,74.6,3.508,5100868
pry,Paraguay,2001,15.5968,74.8,3.361,5187689
pry,Paraguay,2002,12.6458,74.7,3.233,5261328
pry,Paraguay,2003,14.3238,74.6,3.123,5326436
pry,Paraguay,2004,14.014,74.1,3.053,5388175
pry,Paraguay,2005,14.7226,74.2,2.973,5448097
pry,Paraguay,2006,13.7416,74.1,2.889,5505148
pry,Paraguay,2007,14.7199,74.1,2.823,5559386
pry,Paraguay,2008,15.3072,74.1,2.792,5613574
pry,Paraguay,2009,14.881,73.9,2.757,5671236
pry,Paraguay,2010,16.201,73.8,2.695,5737971
pry,Paraguay,2011,17.8458,73.9,2.667,5814626
pry,Paraguay,2012,17.7224,74,2.658,5897008
pry,Paraguay,2013,19.802,73.9,2.636,5982445
pry,Paraguay,2014,21.1273,74,2.646,6069811
pry,Paraguay,2015,19.9713,73.8,2.645,6159103
pry,Paraguay,2016,19.3667,73.6,2.624,6249126
pry,Paraguay,2017,20.395,73.7,2.591,6338660
pry,Paraguay,2018,20.2079,73.7,2.561,6427382
pry,Paraguay,2019,20.4453,73.5,2.525,6515058
pry,Paraguay,2020,18.0752,72.4,2.497,6603739
pry,Paraguay,2021,18.1955,67.3,2.469,6684182
pry,Paraguay,2022,19.2667,72.4,2.444,6760464
pry,Paraguay,2023,20.2792,73,2.422,6844146
pry,Paraguay,2024,20.8817,73.2,2.416,6929153
pse,Palestine,1960,6.9605,56.9,NA,1073081
pse,Palestine,1961,6.999,57.5,NA,1090928
pse,Palestine,1962,7.2019,58,NA,1109340
pse,Palestine,1963,7.4112,58.7,NA,1127468
pse,Palestine,1964,7.6382,59.3,NA,1140669
pse,Palestine,1965,7.894,59.9,NA,1147310
pse,Palestine,1966,8.42,60.5,NA,1146394
pse,Palestine,1967,8.1367,33.4,NA,1135820
pse,Palestine,1968,7.433,57.8,NA,1121742
pse,Palestine,1969,7.7786,58.4,NA,1113086
pse,Palestine,1970,8.2859,59,NA,1116280
pse,Palestine,1971,9.1231,63.2,NA,1134113
pse,Palestine,1972,10.2427,63.8,NA,1164750
pse,Palestine,1973,9.3965,36.8,NA,1202258
pse,Palestine,1974,10.9091,64.9,NA,1241133
pse,Palestine,1975,10.5597,65.4,NA,1279321
pse,Palestine,1976,11.7197,65.9,NA,1316395
pse,Palestine,1977,11.1635,66.4,NA,1352713
pse,Palestine,1978,12.1304,66.9,NA,1389496
pse,Palestine,1979,11.5052,67.4,NA,1428116
pse,Palestine,1980,12.708,67.8,NA,1469059
pse,Palestine,1981,11.4795,68.2,NA,1512704
pse,Palestine,1982,11.9722,43.6,NA,1560990
pse,Palestine,1983,11.0208,68.9,NA,1618777
pse,Palestine,1984,11.0729,69.2,NA,1688604
pse,Palestine,1985,10.5214,69.5,NA,1745256
pse,Palestine,1986,12.002,69.7,NA,1789310
pse,Palestine,1987,11.156,70,NA,1876759
pse,Palestine,1988,10.484,70.1,NA,1977304
pse,Palestine,1989,10.2096,70.6,NA,2055608
pse,Palestine,1990,11.5315,70.8,6.809,2139067
pse,Palestine,1991,10.3643,71,6.751,2228954
pse,Palestine,1992,12.0431,71.1,6.65,2324693
pse,Palestine,1993,12.4965,71.3,6.501,2425066
pse,Palestine,1994,13.5901,71.5,6.334,2529159
pse,Palestine,1995,13.6453,71.7,6.161,2636551
pse,Palestine,1996,12.966,71.9,5.988,2746822
pse,Palestine,1997,13.9897,72.1,5.817,2859575
pse,Palestine,1998,15.3889,72.4,5.693,2962888
pse,Palestine,1999,16.0492,72.6,5.583,3056252
pse,Palestine,2000,14.1487,72.7,5.457,3151793
pse,Palestine,2001,12.3819,72.7,5.342,3242285
pse,Palestine,2002,10.4647,72.7,5.216,3322364
pse,Palestine,2003,11.5319,73,5.062,3398070
pse,Palestine,2004,13.4851,73,4.971,3475177
pse,Palestine,2005,14.0562,73.4,4.867,3557401
pse,Palestine,2006,14.0884,73.3,4.739,3645096
pse,Palestine,2007,12.9649,73.5,4.627,3736691
pse,Palestine,2008,13.8819,73.6,4.509,3829041
pse,Palestine,2009,14.8638,73.8,4.44,3921246
pse,Palestine,2010,14.9985,74.4,4.434,4016916
pse,Palestine,2011,14.969,74.7,4.305,4115908
pse,Palestine,2012,14.8739,75,4.154,4215313
pse,Palestine,2013,14.7794,75.6,4.049,4315261
pse,Palestine,2014,14.6855,74.4,3.995,4415882
pse,Palestine,2015,14.5922,75.9,3.977,4521565
pse,Palestine,2016,14.4995,76.2,3.887,4632739
pse,Palestine,2017,14.5725,76.4,3.771,4742743
pse,Palestine,2018,14.6458,76.6,3.674,4850592
pse,Palestine,2019,14.7195,76.8,3.591,4957768
pse,Palestine,2020,14.7935,76,3.511,5069692
pse,Palestine,2021,14.868,74.6,3.442,5185336
pse,Palestine,2022,14.9428,76.6,3.375,5305270
pse,Palestine,2023,15.018,65.9,3.311,5409202
pse,Palestine,2024,10.7723,69.94,3.25,5495443
qat,Qatar,1960,21.4364,56.9,6.531,36010
qat,Qatar,1961,27.2412,57.8,6.526,39680
qat,Qatar,1962,34.612,58.6,6.53,44630
qat,Qatar,1963,43.9752,59.5,6.527,50380
qat,Qatar,1964,55.8695,60.3,6.525,56867
qat,Qatar,1965,52.9751,61,6.527,64065
qat,Qatar,1966,65.8973,61.8,6.521,72192
qat,Qatar,1967,72.9449,62.5,6.462,81439
qat,Qatar,1968,76.8549,63.2,6.392,91749
qat,Qatar,1969,75.191,63.9,6.311,103025
qat,Qatar,1970,70.0612,64.5,6.228,116350
qat,Qatar,1971,76.7479,65.1,6.145,131346
qat,Qatar,1972,79.7696,65.6,6.073,146506
qat,Qatar,1973,84.9736,66.1,6.008,161841
qat,Qatar,1974,77.4886,66.5,5.935,177362
qat,Qatar,1975,75.8513,66.9,5.861,193087
qat,Qatar,1976,77.6825,67.3,5.782,209052
qat,Qatar,1977,67.3653,67.6,5.691,225285
qat,Qatar,1978,69.9983,67.8,5.577,241808
qat,Qatar,1979,69.233,68.1,5.461,258670
qat,Qatar,1980,66.2128,68.4,5.329,275913
qat,Qatar,1981,60.2637,68.7,5.196,293553
qat,Qatar,1982,51.9261,69,5.044,311537
qat,Qatar,1983,45.7441,69.4,4.898,329709
qat,Qatar,1984,47.729,69.8,4.756,347878
qat,Qatar,1985,40.6791,70.2,4.642,365940
qat,Qatar,1986,38.2375,70.6,4.565,382422
qat,Qatar,1987,38.8619,70.9,4.539,397005
qat,Qatar,1988,40.568,71.2,4.515,411264
qat,Qatar,1989,42.7206,71.5,4.412,425646
qat,Qatar,1990,35.5655,71.7,4.23,440175
qat,Qatar,1991,35.6252,71.9,3.988,454853
qat,Qatar,1992,40.3855,72,3.852,469657
qat,Qatar,1993,40.5117,72.1,3.765,484545
qat,Qatar,1994,41.6413,72.5,3.665,499459
qat,Qatar,1995,43.0553,72.9,3.557,514325
qat,Qatar,1996,45.1844,72.9,3.444,529019
qat,Qatar,1997,58.2341,72.9,3.327,550500
qat,Qatar,1998,63.244,73.1,3.211,580540
qat,Qatar,1999,64.1619,73.3,3.117,612500
qat,Qatar,2000,67.3336,73.6,3.073,644989
qat,Qatar,2001,67.9154,73.8,3.08,677925
qat,Qatar,2002,70.5664,73.9,3.011,711205
qat,Qatar,2003,70.7226,74.2,2.925,744682
qat,Qatar,2004,81.6048,74.5,2.794,773332
qat,Qatar,2005,82.4205,74.8,2.635,825408
qat,Qatar,2006,88.7579,75.1,2.509,972831
qat,Qatar,2007,84.7296,75.5,2.438,1208595
qat,Qatar,2008,84.4592,76.1,2.369,1426938
qat,Qatar,2009,83.6303,76.6,2.254,1586050
qat,Qatar,2010,99.0278,77.4,2.137,1709229
qat,Qatar,2011,111.7251,78.2,2.07,1810950
qat,Qatar,2012,110.3742,78.9,2.04,1907117
qat,Qatar,2013,104.7134,79.7,2.032,2032641
qat,Qatar,2014,98.2366,80.2,2.03,2218372
qat,Qatar,2015,94.4434,80.8,1.976,2427331
qat,Qatar,2016,92.1285,81.3,1.856,2599372
qat,Qatar,2017,88.2997,81.5,1.834,2706709
qat,Qatar,2018,88.1807,81.7,1.756,2761142
qat,Qatar,2019,86.8386,81.8,1.731,2797921
qat,Qatar,2020,79.0887,80.5,1.675,2803375
qat,Qatar,2021,89.6561,80.7,1.605,2814982
qat,Qatar,2022,88.0504,81.3,1.739,2892455
qat,Qatar,2023,89.1394,81.4,1.729,2979082
qat,Qatar,2024,85.1388,81.5,1.717,3048423
rou,Romania,1960,4.6824,65.7,2.34,18313495
rou,Romania,1961,5.0307,66.2,2.17,18422514
rou,Romania,1962,5.2,66.4,2.04,18511669
rou,Romania,1963,5.5711,67.1,2.01,18587430
rou,Romania,1964,5.8148,67.8,1.96,18655401
rou,Romania,1965,6.172,67.9,1.91,18713054
rou,Romania,1966,6.6729,67.6,1.9,18776259
rou,Romania,1967,7.0965,67,3.66,18998555
rou,Romania,1968,7.1773,67.2,3.63,19361055
rou,Romania,1969,7.4313,67.6,3.19,19701808
rou,Romania,1970,7.6709,68.1,2.89,20011625
rou,Romania,1971,8.5911,68.7,2.67,20293482
rou,Romania,1972,9.1799,69.1,2.55,20555576
rou,Romania,1973,9.661,69.2,2.44,20798323
rou,Romania,1974,10.3871,69.7,2.71,21033552
rou,Romania,1975,11.0256,69.8,2.59,21268070
rou,Romania,1976,11.8055,69.8,2.54,21497683
rou,Romania,1977,12.3358,69.6,2.57,21700178
rou,Romania,1978,12.9095,69.8,2.52,21868067
rou,Romania,1979,13.4454,69.6,2.49,22019624
rou,Romania,1980,13.7279,69.4,2.43,22154771
rou,Romania,1981,14.4,69.7,2.36,22272789
rou,Romania,1982,15.2704,70,2.17,22374443
rou,Romania,1983,16.1833,70,2.06,22459207
rou,Romania,1984,17.4786,69.9,2.26,22533999
rou,Romania,1985,17.8771,69.7,2.31,22605820
rou,Romania,1986,18.5681,69.6,2.39,22674743
rou,Romania,1987,18.9098,69.4,2.38,22745591
rou,Romania,1988,19.3699,69.5,2.3,22815429
rou,Romania,1989,19.013,69.7,2.22,22887641
rou,Romania,1990,16.5708,70.1,1.83,22939530
rou,Romania,1991,14.4423,69.9,1.59,22947413
rou,Romania,1992,12.5872,69.7,1.51,22912393
rou,Romania,1993,8.2334,69.6,1.43,22842250
rou,Romania,1994,5.3855,69.6,1.4,22756243
rou,Romania,1995,10.3284,69.3,1.33,22657723
rou,Romania,1996,9.8879,69.1,1.3,22541910
rou,Romania,1997,9.4662,69.4,1.32,22411513
rou,Romania,1998,9.7202,70,1.32,22284900
rou,Romania,1999,6.5981,70.6,1.3,22166159
rou,Romania,2000,6.366,71.1,1.31,22046262
rou,Romania,2001,7.0176,71.2,1.27,21919917
rou,Romania,2002,7.2557,71.2,1.27,21770017
rou,Romania,2003,7.7008,71.5,1.3,21593450
rou,Romania,2004,8.5818,72.1,1.33,21403217
rou,Romania,2005,9.0652,72.4,1.4,21213388
rou,Romania,2006,20.1893,72.8,1.42,21035732
rou,Romania,2007,22.0379,73.2,1.45,20870716
rou,Romania,2008,25.4242,73.4,1.6,20718742
rou,Romania,2009,25.9155,73.6,1.66,20576927
rou,Romania,2010,24.824,73.9,1.59,20432574
rou,Romania,2011,23.7625,74.4,1.47,20282011
rou,Romania,2012,24.0687,74.8,1.52,20158452
rou,Romania,2013,24.2297,75.1,1.46,20062921
rou,Romania,2014,12.8983,75.2,1.56,19968174
rou,Romania,2015,13.9156,75.2,1.62,19871019
rou,Romania,2016,29.3758,75.3,1.69,19777051
rou,Romania,2017,19.8566,75.4,1.78,19689401
rou,Romania,2018,38.5295,75.4,1.76,19597872
rou,Romania,2019,41.3477,75.7,1.77,19501542
rou,Romania,2020,43.775,74.3,1.8,19392469
rou,Romania,2021,47.9577,73,1.81,19248161
rou,Romania,2022,30.3416,75.3,1.71,19166772
rou,Romania,2023,31.0532,76.3,1.54,19118479
rou,Romania,2024,31.2897,76.5,1.39,19015088
rus,Russia,1960,7.1684,68.5,2.52,119934141
rus,Russia,1961,7.6407,68.7,2.45,121604304
rus,Russia,1962,8.1701,68.7,2.36,123111713
rus,Russia,1963,8.4711,69.2,2.27,124449753
rus,Russia,1964,9.0073,69.7,2.18,125630154
rus,Russia,1965,9.5048,69.6,2.13,126634214
rus,Russia,1966,10.1931,69.5,2.1,127533631
rus,Russia,1967,10.8607,69.4,2.04,128342644
rus,Russia,1968,11.5691,69.3,1.99,129065041
rus,Russia,1969,11.9048,69,1.97,129762187
rus,Russia,1970,12.9449,69,1.99,130367189
rus,Russia,1971,13.5238,69.1,2.03,130987113
rus,Russia,1972,13.9475,69.1,2.04,131726419
rus,Russia,1973,15.0802,69.1,2.01,132475149
rus,Russia,1974,15.654,69,2,133259158
rus,Russia,1975,16.3152,68.5,1.98,134136098
rus,Russia,1976,16.8376,68.2,1.97,135080690
rus,Russia,1977,17.3735,68.1,1.95,136040976
rus,Russia,1978,17.7239,68,1.92,136979087
rus,Russia,1979,17.9294,67.7,1.9,137816541
rus,Russia,1980,18.5925,67.7,1.89,138572623
rus,Russia,1981,18.8554,68,1.91,139351498
rus,Russia,1982,19.002,68.3,2.04,140247748
rus,Russia,1983,19.3997,68.2,2.11,141331278
rus,Russia,1984,19.4972,67.9,2.06,142464239
rus,Russia,1985,19.8125,68.6,2.05,143569389
rus,Russia,1986,20.3287,69.9,2.15,144807813
rus,Russia,1987,20.3419,70.1,2.22,146147383
rus,Russia,1988,20.7121,69.9,2.12,147364489
rus,Russia,1989,20.9606,69.7,2.01,148281866
rus,Russia,1990,20.5298,69.4,1.892,148979541
rus,Russia,1991,19.7222,69.1,1.732,149448433
rus,Russia,1992,17.0728,68,1.552,148915991
rus,Russia,1993,15.8024,65.7,1.385,148135424
rus,Russia,1994,15.8376,64.4,1.4,148200736
rus,Russia,1995,15.8729,65,1.337,148291403
rus,Russia,1996,15.9082,66.2,1.27,148084582
rus,Russia,1997,14.5289,67.1,1.218,147853771
rus,Russia,1998,13.0693,67.4,1.232,147635531
rus,Russia,1999,10.4114,66.4,1.157,147241975
rus,Russia,2000,11.4097,65.8,1.195,146717783
rus,Russia,2001,12.8427,65.7,1.223,146117284
rus,Russia,2002,14.2309,65.5,1.286,145939500
rus,Russia,2003,15.6749,65.4,1.319,145794229
rus,Russia,2004,16.9029,65.7,1.344,145180097
rus,Russia,2005,18.5906,65.9,1.294,144597884
rus,Russia,2006,20.2433,67.1,1.305,144102948
rus,Russia,2007,23.4749,67.9,1.416,143859764
rus,Russia,2008,25.9752,68.3,1.502,143811840
rus,Russia,2009,24.7814,69,1.542,143869132
rus,Russia,2010,26.6559,69.2,1.567,143934465
rus,Russia,2011,27.698,70.1,1.582,144043748
rus,Russia,2012,29.1438,70.6,1.691,144291029
rus,Russia,2013,29.7692,71,1.707,144604098
rus,Russia,2014,71.8501,71.2,1.75,144925638
rus,Russia,2015,66.0736,71.4,1.777,145307616
rus,Russia,2016,63.8974,71.9,1.762,145778677
rus,Russia,2017,62.7762,72.7,1.621,146186799
rus,Russia,2018,63.918,73.1,1.579,146430146
rus,Russia,2019,65.5544,73.5,1.504,146533067
rus,Russia,2020,64.1251,72,1.505,146371299
rus,Russia,2021,38.4676,70.6,1.505,145836175
rus,Russia,2022,38.0455,72.8,1.416,145579899
rus,Russia,2023,39.711,73.2,1.41,145440500
rus,Russia,2024,41.5203,73.3,1.418,144820423
rwa,Rwanda,1960,2.9217,37.6,8.283,3022294
rwa,Rwanda,1961,2.7571,38,8.279,3106779
rwa,Rwanda,1962,2.9792,38.2,8.271,3186025
rwa,Rwanda,1963,2.589,38.3,8.269,3258890
rwa,Rwanda,1964,2.2079,38.4,8.266,3334834
rwa,Rwanda,1965,2.2532,38.6,8.249,3423210
rwa,Rwanda,1966,2.262,38.8,8.23,3521626
rwa,Rwanda,1967,2.364,39.1,8.211,3629577
rwa,Rwanda,1968,2.3877,39.3,8.187,3744010
rwa,Rwanda,1969,2.551,39.7,8.176,3861271
rwa,Rwanda,1970,2.6477,40,8.145,3980669
rwa,Rwanda,1971,2.5662,40.1,8.092,4100044
rwa,Rwanda,1972,2.4652,40.3,8.089,4220335
rwa,Rwanda,1973,2.4416,40.5,8.092,4345047
rwa,Rwanda,1974,2.357,40.8,8.102,4474228
rwa,Rwanda,1975,2.2067,41,8.096,4607728
rwa,Rwanda,1976,2.5176,41.3,8.122,4745954
rwa,Rwanda,1977,2.5244,41.5,8.138,4888240
rwa,Rwanda,1978,2.6426,41.8,8.157,5035171
rwa,Rwanda,1979,2.7575,42,8.13,5189541
rwa,Rwanda,1980,2.8653,42.3,8.115,5353259
rwa,Rwanda,1981,2.9829,42.7,8.102,5527230
rwa,Rwanda,1982,2.9224,43.1,8.064,5711549
rwa,Rwanda,1983,3.0209,43.5,8.001,5905311
rwa,Rwanda,1984,3.1544,44,7.913,6107627
rwa,Rwanda,1985,3.2241,44.4,7.786,6317228
rwa,Rwanda,1986,3.2931,45,7.612,6531881
rwa,Rwanda,1987,3.1994,45.5,7.426,6749493
rwa,Rwanda,1988,3.148,46,7.234,6968071
rwa,Rwanda,1989,2.9704,46.5,7.029,7184706
rwa,Rwanda,1990,2.9372,46.9,6.803,7375307
rwa,Rwanda,1991,2.7547,47.3,6.622,7526966
rwa,Rwanda,1992,2.8228,47.6,6.539,7683266
rwa,Rwanda,1993,2.4596,47.9,6.479,7981132
rwa,Rwanda,1994,1.4575,48,6.415,6792352
rwa,Rwanda,1995,2.2993,47.8,6.345,5674118
rwa,Rwanda,1996,2.1691,47.4,6.289,6708764
rwa,Rwanda,1997,2.1125,46.2,6.235,7755238
rwa,Rwanda,1998,2.1864,45.6,6.171,8081681
rwa,Rwanda,1999,2.2498,44.7,6.059,8147912
rwa,Rwanda,2000,2.3991,43.8,5.967,8213931
rwa,Rwanda,2001,2.5267,11.1,5.893,8287094
rwa,Rwanda,2002,2.6611,40.7,5.816,8400180
rwa,Rwanda,2003,2.8026,41.3,5.737,8586875
rwa,Rwanda,2004,2.9516,40.7,5.64,8816844
rwa,Rwanda,2005,3.1085,42.9,5.5,9054528
rwa,Rwanda,2006,3.1468,44.6,5.335,9299246
rwa,Rwanda,2007,3.1855,46.4,5.141,9549933
rwa,Rwanda,2008,3.2247,48.1,4.922,9804269
rwa,Rwanda,2009,3.2643,50.4,4.707,10060432
rwa,Rwanda,2010,3.3045,52.4,4.522,10317553
rwa,Rwanda,2011,3.3756,54.5,4.332,10573733
rwa,Rwanda,2012,3.4481,56.6,4.201,10829901
rwa,Rwanda,2013,3.5223,58.2,4.136,11093340
rwa,Rwanda,2014,3.5165,59.6,4.117,11364757
rwa,Rwanda,2015,3.5107,60.7,4.108,11640022
rwa,Rwanda,2016,3.505,61.6,4.106,11919183
rwa,Rwanda,2017,3.5579,62.4,4.084,12202060
rwa,Rwanda,2018,3.7725,63,4.047,12487996
rwa,Rwanda,2019,4.0357,63.4,3.985,12776103
rwa,Rwanda,2020,3.8131,63.7,3.913,13065837
rwa,Rwanda,2021,4.1356,64,3.841,13355260
rwa,Rwanda,2022,4.3762,64.3,3.778,13651030
rwa,Rwanda,2023,4.6342,64.7,3.698,13954471
rwa,Rwanda,2024,4.9393,64.89,3.645,14256567
sau,Saudi Arabia,1960,10.9618,43.8,7.626,2435403
sau,Saudi Arabia,1961,12.1925,44.8,7.634,2526347
sau,Saudi Arabia,1962,13.5604,45.8,7.636,2620910
sau,Saudi Arabia,1963,14.6352,46.9,7.654,2719341
sau,Saudi Arabia,1964,15.8047,47.9,7.672,2821968
sau,Saudi Arabia,1965,17.5687,49,7.658,2928771
sau,Saudi Arabia,1966,19.9428,50,7.655,3039887
sau,Saudi Arabia,1967,21.4909,50.9,7.658,3157242
sau,Saudi Arabia,1968,23.1673,51.9,7.627,3282711
sau,Saudi Arabia,1969,24.6775,52.8,7.597,3417114
sau,Saudi Arabia,1970,26.6966,53.8,7.583,3562470
sau,Saudi Arabia,1971,30.6832,54.7,7.556,3724031
sau,Saudi Arabia,1972,35.7391,55.7,7.539,3905722
sau,Saudi Arabia,1973,42.6633,56.6,7.484,4106344
sau,Saudi Arabia,1974,48.3181,57.5,7.426,4323632
sau,Saudi Arabia,1975,44.7756,58.3,7.37,4556287
sau,Saudi Arabia,1976,48.919,59.2,7.33,4807933
sau,Saudi Arabia,1977,52.1379,60,7.295,5083048
sau,Saudi Arabia,1978,49.8439,60.8,7.263,5381902
sau,Saudi Arabia,1979,52.1644,61.5,7.227,5703698
sau,Saudi Arabia,1980,53.6008,62.2,7.145,6047997
sau,Saudi Arabia,1981,57.1715,63,7.067,6420551
sau,Saudi Arabia,1982,51.8498,63.9,6.979,6824486
sau,Saudi Arabia,1983,45.6152,64.6,6.875,7252941
sau,Saudi Arabia,1984,43.8558,65.4,6.776,7697307
sau,Saudi Arabia,1985,40.1668,66,6.649,8151779
sau,Saudi Arabia,1986,38.8256,66.6,6.517,8628639
sau,Saudi Arabia,1987,38.0918,67.2,6.343,9130194
sau,Saudi Arabia,1988,39.9781,67.7,6.15,9629165
sau,Saudi Arabia,1989,40.4963,68.2,5.975,10128394
sau,Saudi Arabia,1990,45.0724,68.4,5.804,10640691
sau,Saudi Arabia,1991,49.0149,69.1,5.644,11160744
sau,Saudi Arabia,1992,50.5403,69.7,5.489,11686676
sau,Saudi Arabia,1993,49.8747,70.2,5.326,12215862
sau,Saudi Arabia,1994,49.6512,70.7,5.161,12750040
sau,Saudi Arabia,1995,49.1155,71.2,4.986,13289245
sau,Saudi Arabia,1996,49.9521,71.7,4.812,13831009
sau,Saudi Arabia,1997,50.3727,72.1,4.656,14374943
sau,Saudi Arabia,1998,50.9891,72.6,4.524,14922185
sau,Saudi Arabia,1999,49.5787,72.9,4.354,15472075
sau,Saudi Arabia,2000,50.6772,73,4.206,16177722
sau,Saudi Arabia,2001,49.0433,73.1,3.964,17041397
sau,Saudi Arabia,2002,46.9466,73,3.709,17910910
sau,Saudi Arabia,2003,49.4529,72.8,3.465,18786767
sau,Saudi Arabia,2004,51.8509,72.6,3.264,19669480
sau,Saudi Arabia,2005,53.0212,72.4,3.161,20559890
sau,Saudi Arabia,2006,52.8456,72.1,3.176,21459144
sau,Saudi Arabia,2007,52.0871,71.9,3.185,22368313
sau,Saudi Arabia,2008,53.3318,71.7,3.074,23287877
sau,Saudi Arabia,2009,50.8029,71.6,2.95,24217654
sau,Saudi Arabia,2010,53.8774,71.6,2.81,25157128
sau,Saudi Arabia,2011,57.541,71.9,2.8,26105645
sau,Saudi Arabia,2012,58.3517,72.2,2.78,27062443
sau,Saudi Arabia,2013,56.9062,72.7,2.67,28026825
sau,Saudi Arabia,2014,57.7636,73.1,2.68,28998128
sau,Saudi Arabia,2015,57.3969,73.2,2.63,29974938
sau,Saudi Arabia,2016,56.2292,73.9,2.65,30717808
sau,Saudi Arabia,2017,56.8514,74.1,2.67,30782402
sau,Saudi Arabia,2018,60.2039,74.3,2.67,30365121
sau,Saudi Arabia,2019,61.4679,74.3,2.49,30472811
sau,Saudi Arabia,2020,56.3394,72.4,2.27,30991207
sau,Saudi Arabia,2021,61.5099,73.5,2.17,31328375
sau,Saudi Arabia,2022,65.9135,74.2,2.14,32175352
sau,Saudi Arabia,2023,63.2675,74.5,2.28,33264292
sau,Saudi Arabia,2024,61.4964,74.78,2.308,33962757
sdn,Sudan,1960,3.7302,47.1,6.663,8364489
sdn,Sudan,1961,3.6205,47.4,6.656,8634941
sdn,Sudan,1962,3.7593,47.8,6.704,8919028
sdn,Sudan,1963,3.5434,47.7,6.758,9218077
sdn,Sudan,1964,3.4056,48,6.804,9531109
sdn,Sudan,1965,3.5393,48.2,6.84,9858030
sdn,Sudan,1966,3.3998,48.5,6.879,10197578
sdn,Sudan,1967,3.1959,48.6,6.909,10550597
sdn,Sudan,1968,3.2955,48.8,6.946,10917999
sdn,Sudan,1969,3.3989,49,6.967,11298936
sdn,Sudan,1970,3.1541,49.1,6.986,11695771
sdn,Sudan,1971,3.2094,49.3,7.019,12105539
sdn,Sudan,1972,3.0213,49.5,6.983,12527856
sdn,Sudan,1973,2.8453,49.9,6.939,13049315
sdn,Sudan,1974,3.067,50.1,6.909,13580723
sdn,Sudan,1975,3.3612,50.5,6.866,14064798
sdn,Sudan,1976,3.8189,50.8,6.823,14569716
sdn,Sudan,1977,4.0863,51.3,6.775,15086614
sdn,Sudan,1978,3.7982,51.8,6.72,15695003
sdn,Sudan,1979,3.4049,52.2,6.651,16355352
sdn,Sudan,1980,3.3364,52.6,6.592,17058905
sdn,Sudan,1981,3.5599,53.1,6.528,17780572
sdn,Sudan,1982,3.8487,53.6,6.473,18486645
sdn,Sudan,1983,3.7702,50.5,6.413,19109770
sdn,Sudan,1984,3.5034,50,6.343,19546528
sdn,Sudan,1985,3.3809,50.4,6.279,19905872
sdn,Sudan,1986,3.5993,55,6.225,20288238
sdn,Sudan,1987,3.7603,55.2,6.175,20704904
sdn,Sudan,1988,3.922,55.5,6.132,21138431
sdn,Sudan,1989,4.0839,55.3,6.106,21578022
sdn,Sudan,1990,3.927,55.9,6.074,22021481
sdn,Sudan,1991,4.164,56.4,6.05,22470676
sdn,Sudan,1992,4.3794,56.8,6.019,22927355
sdn,Sudan,1993,4.5191,56.9,5.97,23445592
sdn,Sudan,1994,4.5033,57.9,5.912,24043948
sdn,Sudan,1995,4.7003,58.2,5.856,24672143
sdn,Sudan,1996,4.9122,58.4,5.792,25231528
sdn,Sudan,1997,5.6578,58.7,5.717,25799821
sdn,Sudan,1998,5.8147,58.7,5.646,26458999
sdn,Sudan,1999,5.8976,59.7,5.622,27130613
sdn,Sudan,2000,6.1502,60.1,5.596,27816745
sdn,Sudan,2001,6.4179,60.7,5.562,28516770
sdn,Sudan,2002,6.6642,61.2,5.531,29228727
sdn,Sudan,2003,6.9483,61.7,5.489,29896035
sdn,Sudan,2004,7.1442,61.8,5.455,30556637
sdn,Sudan,2005,7.3859,63.1,5.397,31262444
sdn,Sudan,2006,7.6923,63.5,5.332,31992435
sdn,Sudan,2007,7.9386,64.2,5.27,32764135
sdn,Sudan,2008,8.0114,64.8,5.212,33623980
sdn,Sudan,2009,7.5507,65.1,5.173,34569113
sdn,Sudan,2010,7.5147,65.6,5.141,35414399
sdn,Sudan,2011,7.4788,66.1,5.087,36140806
sdn,Sudan,2012,7.4432,66.6,5.031,36923178
sdn,Sudan,2013,7.4077,66.9,4.965,37785849
sdn,Sudan,2014,7.3724,67.4,4.912,38823318
sdn,Sudan,2015,7.2877,67.6,4.898,40024431
sdn,Sudan,2016,7.3147,68.1,4.829,41259892
sdn,Sudan,2017,7.1157,68.5,4.761,42714306
sdn,Sudan,2018,6.6876,68.9,4.681,44230596
sdn,Sudan,2019,6.3526,69.2,4.617,45548175
sdn,Sudan,2020,5.9597,67.6,4.542,46789231
sdn,Sudan,2021,5.6929,68.2,4.457,48066924
sdn,Sudan,2022,5.488,69.3,4.384,49383346
sdn,Sudan,2023,3.8217,68.9,4.323,50042791
sdn,Sudan,2024,3.2794,69.11,4.264,50448963
sen,Senegal,1960,2.6091,48.3,6.996,3340907
sen,Senegal,1961,2.6367,48.3,7.038,3436375
sen,Senegal,1962,2.6318,48.2,7.079,3534686
sen,Senegal,1963,2.6128,48.1,7.12,3635876
sen,Senegal,1964,2.5927,47.9,7.157,3740535
sen,Senegal,1965,2.5935,47.8,7.19,3849788
sen,Senegal,1966,2.5871,47.7,7.217,3964299
sen,Senegal,1967,2.4686,47.8,7.237,4083870
sen,Senegal,1968,2.5396,47.9,7.251,4207587
sen,Senegal,1969,2.2926,48,7.259,4334974
sen,Senegal,1970,2.3977,48.1,7.262,4466328
sen,Senegal,1971,2.313,48.3,7.261,4601864
sen,Senegal,1972,2.3776,48.5,7.258,4741631
sen,Senegal,1973,2.1679,48.7,7.255,4885181
sen,Senegal,1974,2.1827,48.8,7.252,5029437
sen,Senegal,1975,2.2784,49,7.252,5170810
sen,Senegal,1976,2.4118,49.3,7.258,5308564
sen,Senegal,1977,2.273,49.6,7.268,5439549
sen,Senegal,1978,2.0876,50.1,7.279,5568096
sen,Senegal,1979,2.1918,50.7,7.29,5702895
sen,Senegal,1980,2.0509,51.2,7.292,5845638
sen,Senegal,1981,2.1466,51.8,7.279,5997160
sen,Senegal,1982,2.3876,52.5,7.245,6156961
sen,Senegal,1983,2.3117,53.2,7.189,6324504
sen,Senegal,1984,2.3002,53.8,7.111,6499364
sen,Senegal,1985,2.3533,54.4,7.013,6683287
sen,Senegal,1986,2.3968,55.1,6.902,6878192
sen,Senegal,1987,2.49,55.7,6.785,7081530
sen,Senegal,1988,2.502,56.4,6.577,7289618
sen,Senegal,1989,2.5472,56.9,6.479,7502207
sen,Senegal,1990,2.5597,57.5,6.396,7720523
sen,Senegal,1991,2.5534,57.8,6.267,7943085
sen,Senegal,1992,2.6215,58,6.149,8168395
sen,Senegal,1993,2.6914,58.3,6.049,8396288
sen,Senegal,1994,2.7631,58.5,5.915,8624078
sen,Senegal,1995,2.8353,58.9,5.819,8848101
sen,Senegal,1996,2.9093,59.1,5.723,9067014
sen,Senegal,1997,2.9853,59.6,5.639,9283495
sen,Senegal,1998,3.0633,59.9,5.581,9502952
sen,Senegal,1999,3.1433,60.5,5.573,9730887
sen,Senegal,2000,3.2254,61.7,5.498,9968260
sen,Senegal,2001,3.3096,60.4,5.397,10212942
sen,Senegal,2002,3.4123,60.6,5.301,10466214
sen,Senegal,2003,3.5182,62.5,5.246,10721176
sen,Senegal,2004,3.6273,63.1,5.192,10975704
sen,Senegal,2005,3.7399,63.7,5.133,11235472
sen,Senegal,2006,3.749,64.5,5.064,11500094
sen,Senegal,2007,3.7581,65.3,5.018,11770344
sen,Senegal,2008,3.7672,65.9,5.024,12048959
sen,Senegal,2009,3.7763,66.3,5.025,12337389
sen,Senegal,2010,3.7855,67.1,5.055,12635413
sen,Senegal,2011,3.7947,67.5,5.099,12958897
sen,Senegal,2012,4.1198,68,5.129,13310495
sen,Senegal,2013,4.4728,68.4,5.049,13710849
sen,Senegal,2014,4.856,68.6,4.884,14152102
sen,Senegal,2015,5.272,69.1,4.751,14593331
sen,Senegal,2016,5.7237,69.2,4.648,15034521
sen,Senegal,2017,6.2141,69.4,4.489,15475002
sen,Senegal,2018,6.7465,69.9,4.294,15914498
sen,Senegal,2019,6.6677,69.7,4.1,16352922
sen,Senegal,2020,6.5898,68.4,4.003,16789219
sen,Senegal,2021,6.5128,67.1,3.936,17220867
sen,Senegal,2022,6.5987,69.7,3.864,17651103
sen,Senegal,2023,6.7173,70.1,3.818,18077573
sen,Senegal,2024,7.0156,70.3,3.765,18501984
sgp,Singapore,1960,5.0572,65.1,5.76,1619322
sgp,Singapore,1961,5.2895,65.5,5.41,1670461
sgp,Singapore,1962,5.5116,65.9,5.21,1721176
sgp,Singapore,1963,5.9132,66.3,5.16,1771513
sgp,Singapore,1964,5.5495,66.6,4.97,1821466
sgp,Singapore,1965,5.8285,67,4.66,1870822
sgp,Singapore,1966,6.3045,67.3,4.46,1919090
sgp,Singapore,1967,6.9253,67.6,3.91,1965679
sgp,Singapore,1968,7.7348,67.9,3.53,2010092
sgp,Singapore,1969,8.664,68.4,3.22,2052157
sgp,Singapore,1970,9.7118,68.6,3.07,2091558
sgp,Singapore,1971,10.7043,68.8,3.02,2128433
sgp,Singapore,1972,11.9232,69,3.04,2164334
sgp,Singapore,1973,12.9838,69.3,2.79,2200137
sgp,Singapore,1974,13.5785,69.7,2.35,2235075
sgp,Singapore,1975,13.9581,70.1,2.07,2268523
sgp,Singapore,1976,14.8028,70.5,2.11,2300743
sgp,Singapore,1977,15.6669,70.7,1.82,2331545
sgp,Singapore,1978,16.7566,71,1.79,2360602
sgp,Singapore,1979,18.1118,71.2,1.79,2388157
sgp,Singapore,1980,19.6436,71.4,1.82,2437493
sgp,Singapore,1981,21.8555,71.7,1.78,2531802
sgp,Singapore,1982,23.2491,72,1.74,2627417
sgp,Singapore,1983,25.5513,72.4,1.61,2685981
sgp,Singapore,1984,27.9591,72.9,1.62,2720923
sgp,Singapore,1985,28.3825,73.4,1.61,2735030
sgp,Singapore,1986,29.2678,74.1,1.43,2744653
sgp,Singapore,1987,32.5896,74.5,1.62,2781615
sgp,Singapore,1988,36.3342,74.8,1.96,2849045
sgp,Singapore,1989,40.1158,75.2,1.75,2938655
sgp,Singapore,1990,43.8795,75.6,1.83,3039591
sgp,Singapore,1991,45.8381,76.1,1.73,3136291
sgp,Singapore,1992,47.8666,76.4,1.72,3226465
sgp,Singapore,1993,52.3803,76.7,1.74,3317892
sgp,Singapore,1994,56.8418,76.8,1.71,3417817
sgp,Singapore,1995,59.5526,77.1,1.67,3533624
sgp,Singapore,1996,62.0716,77.4,1.66,3664560
sgp,Singapore,1997,65.5385,77.9,1.61,3796622
sgp,Singapore,1998,62.4484,78.4,1.48,3901418
sgp,Singapore,1999,65.7576,78.7,1.47,3966557
sgp,Singapore,2000,70.8046,79.2,1.6,4035245
sgp,Singapore,2001,68.5964,79.5,1.41,4116166
sgp,Singapore,2002,70.9046,79.9,1.37,4146892
sgp,Singapore,2003,75.3202,80.1,1.27,4138245
sgp,Singapore,2004,82.1256,80.4,1.26,4172767
sgp,Singapore,2005,86.6056,80.9,1.26,4268364
sgp,Singapore,2006,92.0045,81.1,1.28,4407058
sgp,Singapore,2007,96.7495,81.4,1.29,4596515
sgp,Singapore,2008,93.9125,81.9,1.28,4806741
sgp,Singapore,2009,91.5504,82.4,1.22,4968568
sgp,Singapore,2010,103.3159,82.8,1.15,5077014
sgp,Singapore,2011,107.4727,83.1,1.2,5182239
sgp,Singapore,2012,109.5195,83.4,1.29,5293340
sgp,Singapore,2013,112.9518,83.7,1.19,5385588
sgp,Singapore,2014,115.8826,84,1.25,5457900
sgp,Singapore,2015,117.9248,84.3,1.24,5525340
sgp,Singapore,2016,120.767,84.6,1.2,5577930
sgp,Singapore,2017,126.0619,84.8,1.16,5604078
sgp,Singapore,2018,129.8024,85.1,1.14,5634369
sgp,Singapore,2019,130.0041,85.4,1.14,5669563
sgp,Singapore,2020,125.4355,85.7,1.1,5620150
sgp,Singapore,2021,143.5368,85.3,1.12,5546290
sgp,Singapore,2022,144.5701,84.6,1.04,5649885
sgp,Singapore,2023,140.2226,85.4,0.97,5789090
sgp,Singapore,2024,143.4851,85.6,0.97,5832387
slb,Solomon Islands,1960,2.3402,53.3,7.065,139688
slb,Solomon Islands,1961,2.3859,53.5,7.052,142912
slb,Solomon Islands,1962,2.4318,53.8,7.042,146201
slb,Solomon Islands,1963,2.4777,54,7.034,149589
slb,Solomon Islands,1964,2.5257,54.3,7.047,153085
slb,Solomon Islands,1965,2.5738,54.5,7.017,156686
slb,Solomon Islands,1966,2.622,54.7,6.997,160393
slb,Solomon Islands,1967,2.6745,54.9,6.974,164245
slb,Solomon Islands,1968,2.7207,55.3,6.948,168282
slb,Solomon Islands,1969,2.566,55.6,6.974,172476
slb,Solomon Islands,1970,2.6143,55.8,6.983,176579
slb,Solomon Islands,1971,2.5886,56.1,6.985,180637
slb,Solomon Islands,1972,1.7933,56.3,6.992,184994
slb,Solomon Islands,1973,1.9324,56.6,7.001,189774
slb,Solomon Islands,1974,2.3582,56.9,7.01,195041
slb,Solomon Islands,1975,2.0094,55.6,6.988,200744
slb,Solomon Islands,1976,2.2126,57.4,6.954,207194
slb,Solomon Islands,1977,2.4545,57.5,6.915,214418
slb,Solomon Islands,1978,2.5902,58.1,6.871,222029
slb,Solomon Islands,1979,3.1308,58.4,6.822,229953
slb,Solomon Islands,1980,2.8474,58.8,6.768,238135
slb,Solomon Islands,1981,3.0298,59.1,6.709,246555
slb,Solomon Islands,1982,3.041,59.5,6.64,255200
slb,Solomon Islands,1983,3.2437,59.8,6.569,264068
slb,Solomon Islands,1984,3.2292,60.1,6.489,273163
slb,Solomon Islands,1985,3.1399,60.4,6.375,282455
slb,Solomon Islands,1986,3.2814,60.1,6.259,291842
slb,Solomon Islands,1987,3.4421,60.9,6.115,301414
slb,Solomon Islands,1988,3.4927,61.1,5.99,311265
slb,Solomon Islands,1989,3.6749,61.3,5.867,321282
slb,Solomon Islands,1990,3.7241,61.4,5.74,331435
slb,Solomon Islands,1991,3.8277,61.2,5.62,341738
slb,Solomon Islands,1992,4.1832,61.7,5.509,352205
slb,Solomon Islands,1993,4.2196,61.9,5.453,362839
slb,Solomon Islands,1994,4.4359,62,5.398,373675
slb,Solomon Islands,1995,4.7212,62.4,5.335,384733
slb,Solomon Islands,1996,4.6568,62.6,5.221,396009
slb,Solomon Islands,1997,4.4763,62.6,5.093,407474
slb,Solomon Islands,1998,4.4085,62.8,4.977,419071
slb,Solomon Islands,1999,4.266,63.2,4.861,430500
slb,Solomon Islands,2000,3.5688,63.2,4.757,440469
slb,Solomon Islands,2001,3.2152,63.5,4.673,449125
slb,Solomon Islands,2002,3.0617,63.6,4.602,457671
slb,Solomon Islands,2003,3.1972,63.8,4.539,466154
slb,Solomon Islands,2004,3.37,64,4.466,474611
slb,Solomon Islands,2005,3.5477,64,4.411,483080
slb,Solomon Islands,2006,3.6643,63.9,4.39,491594
slb,Solomon Islands,2007,3.7847,64,4.372,500156
slb,Solomon Islands,2008,3.909,64.5,4.358,508790
slb,Solomon Islands,2009,4.0375,64.1,4.349,518141
slb,Solomon Islands,2010,4.1701,64.4,4.341,532968
slb,Solomon Islands,2011,4.3071,63.9,4.335,552945
slb,Solomon Islands,2012,4.4487,63.7,4.332,573606
slb,Solomon Islands,2013,4.5137,63.6,4.325,594945
slb,Solomon Islands,2014,4.4048,63.4,4.36,616908
slb,Solomon Islands,2015,4.321,63.6,4.291,639415
slb,Solomon Islands,2016,4.4029,63.9,4.2,662379
slb,Solomon Islands,2017,4.3841,64,4.06,685672
slb,Solomon Islands,2018,4.3557,64,3.93,709101
slb,Solomon Islands,2019,4.3159,64,3.8,728147
slb,Solomon Islands,2020,4.0784,63.6,3.749,744498
slb,Solomon Islands,2021,4.0838,63.1,3.694,762591
slb,Solomon Islands,2022,4.0829,63.5,3.62,781066
slb,Solomon Islands,2023,4.0922,63.7,3.557,800005
slb,Solomon Islands,2024,4.0978,63.88,3.513,819198
sle,Sierra Leone,1960,1.9869,41.9,6.175,2268356
sle,Sierra Leone,1961,1.9912,42,6.205,2304227
sle,Sierra Leone,1962,2.1028,42.2,6.222,2342242
sle,Sierra Leone,1963,2.1713,42.4,6.261,2382258
sle,Sierra Leone,1964,2.2083,42.6,6.294,2424390
sle,Sierra Leone,1965,2.3014,42.8,6.311,2468666
sle,Sierra Leone,1966,2.3946,43,6.345,2514638
sle,Sierra Leone,1967,2.2593,43.2,6.383,2562384
sle,Sierra Leone,1968,2.4402,43.4,6.385,2611532
sle,Sierra Leone,1969,2.6112,43.7,6.393,2661365
sle,Sierra Leone,1970,2.7235,43.9,6.411,2712286
sle,Sierra Leone,1971,2.6873,44.2,6.429,2763222
sle,Sierra Leone,1972,2.664,44.5,6.447,2814388
sle,Sierra Leone,1973,2.7068,44.7,6.473,2866955
sle,Sierra Leone,1974,2.7491,45,6.534,2920459
sle,Sierra Leone,1975,2.6934,45.2,6.546,2974657
sle,Sierra Leone,1976,2.6195,45.4,6.553,3028820
sle,Sierra Leone,1977,2.5871,45.6,6.568,3085354
sle,Sierra Leone,1978,2.6311,45.7,6.591,3145517
sle,Sierra Leone,1979,2.7073,45.9,6.582,3207499
sle,Sierra Leone,1980,2.7237,45.9,6.562,3272089
sle,Sierra Leone,1981,2.8836,46,6.554,3338940
sle,Sierra Leone,1982,2.9809,46.1,6.563,3408183
sle,Sierra Leone,1983,2.958,46.1,6.573,3481646
sle,Sierra Leone,1984,3.074,46.1,6.592,3558758
sle,Sierra Leone,1985,2.9675,46,6.592,3638438
sle,Sierra Leone,1986,2.9606,46,6.597,3728380
sle,Sierra Leone,1987,3.0335,46.2,6.609,3829718
sle,Sierra Leone,1988,3.1098,46.5,6.588,3934517
sle,Sierra Leone,1989,3.2663,46.7,6.571,4034037
sle,Sierra Leone,1990,3.3592,47,6.567,4196828
sle,Sierra Leone,1991,3.2994,46.9,6.553,4246267
sle,Sierra Leone,1992,2.8166,47.2,6.555,4166366
sle,Sierra Leone,1993,2.885,47.4,6.569,4157130
sle,Sierra Leone,1994,2.8842,46.7,6.557,4173105
sle,Sierra Leone,1995,2.6559,46.4,6.555,4179179
sle,Sierra Leone,1996,2.5483,47.8,6.552,4199210
sle,Sierra Leone,1997,2.3337,48,6.531,4253716
sle,Sierra Leone,1998,2.3647,46.4,6.495,4295785
sle,Sierra Leone,1999,2.3022,46.7,6.423,4318043
sle,Sierra Leone,2000,2.4084,48.4,6.355,4423611
sle,Sierra Leone,2001,2.209,49.4,6.305,4692716
sle,Sierra Leone,2002,2.6514,49.9,6.23,4971435
sle,Sierra Leone,2003,2.8008,50.3,6.087,5177687
sle,Sierra Leone,2004,2.892,50.9,5.919,5355717
sle,Sierra Leone,2005,2.9862,51.3,5.807,5501712
sle,Sierra Leone,2006,3.0835,51.6,5.737,5624466
sle,Sierra Leone,2007,3.1839,52.1,5.643,5749352
sle,Sierra Leone,2008,3.2876,52.8,5.563,5894722
sle,Sierra Leone,2009,3.3946,53.4,5.448,6055646
sle,Sierra Leone,2010,3.5052,53.9,5.327,6222714
sle,Sierra Leone,2011,3.6193,54.3,5.209,6387251
sle,Sierra Leone,2012,3.723,54.5,5.064,6551080
sle,Sierra Leone,2013,3.8296,55.1,4.873,6714051
sle,Sierra Leone,2014,3.9393,54.1,4.703,6876385
sle,Sierra Leone,2015,4.0521,55.3,4.548,7037655
sle,Sierra Leone,2016,4.1682,56.6,4.466,7205328
sle,Sierra Leone,2017,4.2875,56.7,4.389,7379299
sle,Sierra Leone,2018,4.4103,57.5,4.294,7554563
sle,Sierra Leone,2019,4.5462,57.8,4.192,7731991
sle,Sierra Leone,2020,4.3868,57.3,4.08,7912558
sle,Sierra Leone,2021,4.541,58.1,3.978,8094602
sle,Sierra Leone,2022,4.677,58.6,3.876,8276807
sle,Sierra Leone,2023,4.8367000000000004,58.9,3.791,8460512
sle,Sierra Leone,2024,4.9246,59.09,3.703,8642022
slv,El Salvador,1960,5.9583,53.6,6.618,2791459
slv,El Salvador,1961,5.9291,54.5,6.644,2870016
slv,El Salvador,1962,6.3975,55,6.675,2949204
slv,El Salvador,1963,6.4529,55.5,6.69,3028679
slv,El Salvador,1964,6.8292,56,6.684,3111883
slv,El Salvador,1965,6.9693,56.4,6.636,3199466
slv,El Salvador,1966,7.2122,56.9,6.565,3290961
slv,El Salvador,1967,7.3114,57.2,6.487,3385184
slv,El Salvador,1968,7.2392,57.2,6.386,3480773
slv,El Salvador,1969,7.2188,56.6,6.278,3576485
slv,El Salvador,1970,7.1828,57.4,6.178,3668796
slv,El Salvador,1971,7.309,58.1,6.13,3757523
slv,El Salvador,1972,7.5157,58.6,6.032,3846830
slv,El Salvador,1973,7.6935,59.5,5.929,3938068
slv,El Salvador,1974,7.9724,60.2,5.822,4029671
slv,El Salvador,1975,8.2002,60.8,5.705,4120449
slv,El Salvador,1976,8.3048,61.3,5.59,4210310
slv,El Salvador,1977,8.5841,61.5,5.473,4301256
slv,El Salvador,1978,8.9093,61.5,5.357,4394114
slv,El Salvador,1979,8.5514,60.8,5.234,4480388
slv,El Salvador,1980,7.6727,60,5.107,4540382
slv,El Salvador,1981,7.51,54.9,4.986,4570599
slv,El Salvador,1982,7.3016,59.4,4.826,4622477
slv,El Salvador,1983,7.5094,59.5,4.65,4707367
slv,El Salvador,1984,7.7402,62.5,4.478,4798003
slv,El Salvador,1985,7.903,64.8,4.316,4894706
slv,El Salvador,1986,7.9432,65.1,4.194,4992769
slv,El Salvador,1987,8.1778,66.6,4.175,5092441
slv,El Salvador,1988,8.4138,67.9,4.103,5195833
slv,El Salvador,1989,8.613,66.3,4.033,5298979
slv,El Salvador,1990,8.4993,68.5,3.964,5399726
slv,El Salvador,1991,8.387,68.7,3.889,5495077
slv,El Salvador,1992,8.688,69.4,3.802,5585609
slv,El Salvador,1993,8.9998,69.6,3.691,5659957
slv,El Salvador,1994,9.3227,69.7,3.613,5714129
slv,El Salvador,1995,9.6573,70.1,3.568,5762131
slv,El Salvador,1996,9.6278,70.4,3.482,5805286
slv,El Salvador,1997,9.7046,70.6,3.377,5844578
slv,El Salvador,1998,9.7821,70.7,3.342,5880781
slv,El Salvador,1999,10.2118,71.5,3.217,5913900
slv,El Salvador,2000,11.5506,71.9,3.076,5943366
slv,El Salvador,2001,11.0585,71.8,2.93,5968060
slv,El Salvador,2002,11.1531,72.6,2.775,5986631
slv,El Salvador,2003,10.3222,72.5,2.636,5998599
slv,El Salvador,2004,10.6164,72.5,2.516,6004671
slv,El Salvador,2005,10.8002,72.5,2.44,6005578
slv,El Salvador,2006,10.7683,72.6,2.395,6002319
slv,El Salvador,2007,11.5236,72.8,2.354,6009824
slv,El Salvador,2008,11.1157,73,2.291,6029297
slv,El Salvador,2009,10.7329,72.9,2.261,6048279
slv,El Salvador,2010,10.624,73.5,2.239,6068249
slv,El Salvador,2011,10.372,73.9,2.224,6090127
slv,El Salvador,2012,10.7331,72.1,2.187,6113975
slv,El Salvador,2013,11.839,71.9,2.154,6138839
slv,El Salvador,2014,11.5542,71.3,2.126,6162955
slv,El Salvador,2015,11.8882,70.7,2.067,6183676
slv,El Salvador,2016,11.9819,72.5,1.965,6200800
slv,El Salvador,2017,12.03,72.6,1.896,6213533
slv,El Salvador,2018,12.9384,72.7,1.849,6219807
slv,El Salvador,2019,14.0736,72.8,1.838,6222318
slv,El Salvador,2020,14.11,71.3,1.819,6234673
slv,El Salvador,2021,14.1465,70.5,1.803,6255782
slv,El Salvador,2022,14.2381,72.7,1.785,6280319
slv,El Salvador,2023,15.4554,73.1,1.775,6309624
slv,El Salvador,2024,15.7861,73.3,1.768,6338193
smr,San Marino,1960,15.9127,72.1,2.428,15428
smr,San Marino,1961,16.9601,72.3,2.684,15799
smr,San Marino,1962,18.0725,72.5,2.434,16183
smr,San Marino,1963,19.2516,72.6,2.401,16580
smr,San Marino,1964,20.5043,72.7,2.368,16977
smr,San Marino,1965,21.8332,72.8,2.334,17305
smr,San Marino,1966,23.2442,72.9,2.326,17523
smr,San Marino,1967,24.7396,73.1,2.305,17688
smr,San Marino,1968,26.3274,73.2,2.299,17861
smr,San Marino,1969,28.0109,73.4,2.312,18026
smr,San Marino,1970,29.7956,73.5,2.316,18168
smr,San Marino,1971,30.3886,73.7,2.326,18419
smr,San Marino,1972,31.6857,73.9,2.286,18787
smr,San Marino,1973,34.1866,74.1,2.227,18992
smr,San Marino,1974,36.2651,74.4,2.134,19030
smr,San Marino,1975,35.5542,74.6,2.053,19046
smr,San Marino,1976,37.958,74.8,1.947,19110
smr,San Marino,1977,38.6537,74.9,1.868,20017
smr,San Marino,1978,39.546,75.1,1.771,21026
smr,San Marino,1979,41.5117,75.3,1.634,21320
smr,San Marino,1980,42.6108,75.5,1.525,21585
smr,San Marino,1981,42.7179,75.8,1.412,21840
smr,San Marino,1982,42.6814,76,1.304,22055
smr,San Marino,1983,43.0153,76.3,1.248,22229
smr,San Marino,1984,44.2416,76.5,1.198,22346
smr,San Marino,1985,45.3175,76.8,1.17,22485
smr,San Marino,1986,46.4401,77.1,1.147,22636
smr,San Marino,1987,47.7481,77.4,1.135,22686
smr,San Marino,1988,49.5712,77.7,1.14,22843
smr,San Marino,1989,51.0402,78.1,1.145,23154
smr,San Marino,1990,51.8555,78.4,1.162,23475
smr,San Marino,1991,51.7919,78.7,1.167,23797
smr,San Marino,1992,51.3114,79,1.15,24125
smr,San Marino,1993,54.8648,79.3,1.123,24472
smr,San Marino,1994,57.7736,79.6,1.138,24823
smr,San Marino,1995,62.2387,79.8,1.166,25158
smr,San Marino,1996,64.4819,80,1.212,25482
smr,San Marino,1997,65.3468,80.2,1.243,25800
smr,San Marino,1998,69.1213,80.4,1.263,26125
smr,San Marino,1999,74.1532,80.6,1.288,26459
smr,San Marino,2000,74.5388,80.9,1.404,26799
smr,San Marino,2001,77.4005,81.1,1.519,27143
smr,San Marino,2002,76.3657,81.3,1.432,27491
smr,San Marino,2003,78.0143,81.6,1.296,27843
smr,San Marino,2004,77.0873,82,1.298,28203
smr,San Marino,2005,77.6036,82.3,1.198,28572
smr,San Marino,2006,79.2907,82.7,1.242,28942
smr,San Marino,2007,81.8464,83.1,1.257,29316
smr,San Marino,2008,79.9515,83.5,1.521,29701
smr,San Marino,2009,68.3112,83.9,1.358,30090
smr,San Marino,2010,63.8498,84.2,1.459,30624
smr,San Marino,2011,59.7073,84.6,1.456,32169
smr,San Marino,2012,54.0934,84.9,1.289,33467
smr,San Marino,2013,54.3645,85.2,1.483,33620
smr,San Marino,2014,54.6208,85.4,1.259,33725
smr,San Marino,2015,55.4614,85.6,1.196,33901
smr,San Marino,2016,56.4118,85.8,1.127,34161
smr,San Marino,2017,55.3469,85.9,1.054,34378
smr,San Marino,2018,55.0396,86.1,1.077,34529
smr,San Marino,2019,55.948,86.3,1.096,34653
smr,San Marino,2020,52.0679,84,1.113,34769
smr,San Marino,2021,60.2011,84.7,1.125,34572
smr,San Marino,2022,65.9124,84,1.136,34090
smr,San Marino,2023,68.3481,85.1,1.149,33733
smr,San Marino,2024,70.2729,85.2,1.158,33581
som,Somalia,1960,3.181,52.3,7.25,2876331
som,Somalia,1961,3.2499,52.3,7.252,2952054
som,Somalia,1962,3.3074,52.4,7.255,3030091
som,Somalia,1963,3.3462,52.4,7.258,3110361
som,Somalia,1964,2.9086,52.4,7.261,3192796
som,Somalia,1965,2.6446,52.5,7.261,3277874
som,Somalia,1966,2.9379,52.5,7.257,3365106
som,Somalia,1967,3.0255,52.5,7.248,3454537
som,Somalia,1968,2.9938,52.5,7.231,3546590
som,Somalia,1969,2.5495,52.6,7.209,3641015
som,Somalia,1970,2.6948,53.2,7.182,3738448
som,Somalia,1971,2.7147,53.7,7.151,3837691
som,Somalia,1972,3.0911,54.6,7.118,3939436
som,Somalia,1973,2.6727,54.7,7.086,4045592
som,Somalia,1974,2.5924,54.4,7.057,4151842
som,Somalia,1975,2.7791,52.4,7.033,4257535
som,Somalia,1976,2.4725,52.6,7.016,4365812
som,Somalia,1977,2.5045,55.5,7.004,4484050
som,Somalia,1978,2.3693,55.6,7.13,4814892
som,Somalia,1979,2.0579,55.6,7.161,5449117
som,Somalia,1980,1.9712,55.2,7.178,5936154
som,Somalia,1981,2.0284,54.8,7.227,5982849
som,Somalia,1982,2.0685,54.3,7.252,6003840
som,Somalia,1983,1.8394,53.1,7.277,6198430
som,Somalia,1984,1.9168,52.2,7.3,6428389
som,Somalia,1985,2.1057,52.1,7.327,6693289
som,Somalia,1986,2.044,52.1,7.349,6974788
som,Somalia,1987,2.2186,52.2,7.373,7228302
som,Somalia,1988,2.1681,50.3,7.398,7235360
som,Somalia,1989,2.1293,52.5,7.424,7114817
som,Somalia,1990,2.0731,52.2,7.44,7082811
som,Somalia,1991,2.0418,51,7.47,6813760
som,Somalia,1992,1.9078,51.8,7.5,6495107
som,Somalia,1993,1.9175,53.8,7.526,6681399
som,Somalia,1994,1.4947,53,7.544,7026797
som,Somalia,1995,1.4882,53.6,7.581,7285007
som,Somalia,1996,1.5368,53.7,7.621,7554474
som,Somalia,1997,1.4867,53.4,7.662,7824525
som,Somalia,1998,1.5069,54.1,7.656,8155417
som,Somalia,1999,1.5405,54.3,7.657,8492059
som,Somalia,2000,1.5743,54.4,7.645,8838713
som,Somalia,2001,1.6112,54.7,7.636,9198493
som,Somalia,2002,1.6621,54.8,7.626,9550063
som,Somalia,2003,1.717,55.2,7.603,9909157
som,Somalia,2004,1.7673,55,7.568,10280998
som,Somalia,2005,1.8238,55.5,7.527,10644228
som,Somalia,2006,1.8801,56.5,7.49,10975502
som,Somalia,2007,1.9428,57.1,7.457,11322582
som,Somalia,2008,2.0126,58.1,7.415,11663084
som,Somalia,2009,2.0959,58.7,7.376,11961201
som,Somalia,2010,2.1862,52.4,7.322,12261756
som,Somalia,2011,2.3161,42.6,7.268,12348830
som,Somalia,2012,2.4489,53.5,7.211,12461160
som,Somalia,2013,2.631,61,7.14,12869594
som,Somalia,2014,2.7662,61.4,7.061,13339491
som,Somalia,2015,2.9522,62,6.975,13806963
som,Somalia,2016,3.0405,62.5,6.878,14348740
som,Somalia,2017,3.3558,63.1,6.766,14916629
som,Somalia,2018,3.3059,63.7,6.662,15452487
som,Somalia,2019,3.2766,64.1,6.56,16030971
som,Somalia,2020,3.0678,63,6.453,16651191
som,Somalia,2021,3.0599,59.6,6.353,17271431
som,Somalia,2022,3.0497,64.4,6.255,17801897
som,Somalia,2023,3.0819,64.8,6.132,18358615
som,Somalia,2024,3.0946,65.02,6.013,19009151
srb,Serbia,1960,8.7562,62.5,2.155,6702962
srb,Serbia,1961,9.0139,62.8,2.133,6771394
srb,Serbia,1962,9.5195,63.3,2.109,6838635
srb,Serbia,1963,10.6577,63.7,2.084,6904162
srb,Serbia,1964,11.7578,64,2.067,6968213
srb,Serbia,1965,11.983,64.4,2.057,7031133
srb,Serbia,1966,13.0245,64.8,2.041,7093227
srb,Serbia,1967,13.2343,65.1,2.02,7154389
srb,Serbia,1968,13.4556,65.3,2.005,7214020
srb,Serbia,1969,14.9957,65.6,1.986,7271051
srb,Serbia,1970,15.4147,65.9,1.973,7324425
srb,Serbia,1971,16.8697,66.2,1.96,7375140
srb,Serbia,1972,17.6095,66.5,1.952,7424739
srb,Serbia,1973,18.6139,66.8,1.94,7473514
srb,Serbia,1974,20.2061,67.1,1.93,7522485
srb,Serbia,1975,20.7672,67.4,1.923,7572438
srb,Serbia,1976,21.8341,67.6,1.913,7622703
srb,Serbia,1977,23.5899,67.9,1.901,7671484
srb,Serbia,1978,24.8118,68,1.889,7716931
srb,Serbia,1979,27.0141,68.1,1.875,7758212
srb,Serbia,1980,27.0682,68.3,1.863,7796280
srb,Serbia,1981,27.6604,68.3,1.852,7827856
srb,Serbia,1982,27.9958,68.3,1.842,7849649
srb,Serbia,1983,27.5546,68.3,1.832,7864593
srb,Serbia,1984,28.1452,68.4,1.814,7875051
srb,Serbia,1985,28.2574,68.6,1.8,7881548
srb,Serbia,1986,29.3354,68.8,1.778,7884579
srb,Serbia,1987,28.9791,69,1.749,7885359
srb,Serbia,1988,28.6886,69.3,1.72,7884456
srb,Serbia,1989,29.3295,69.7,1.685,7881274
srb,Serbia,1990,26.2643,70.1,1.649,7874594
srb,Serbia,1991,23.3751,69.4,1.612,7867067
srb,Serbia,1992,16.9058,70,1.573,7859809
srb,Serbia,1993,11.8032,70.6,1.544,7849725
srb,Serbia,1994,12.1717,70.5,1.505,7837158
srb,Serbia,1995,12.9692,70.5,1.468,7823284
srb,Serbia,1996,13.8612,70.5,1.436,7807721
srb,Serbia,1997,15.2278,70.6,1.398,7789182
srb,Serbia,1998,16.1486,70.6,1.37,7765922
srb,Serbia,1999,14.4274,68.6,1.354,7734365
srb,Serbia,2000,15.4899,71.4,1.48,7694605
srb,Serbia,2001,16.6636,71.8,1.58,7651927
srb,Serbia,2002,17.8922,72.1,1.57,7616743
srb,Serbia,2003,15.9817,72.3,1.59,7590935
srb,Serbia,2004,14.9507,72.5,1.57,7565841
srb,Serbia,2005,15.9739,72.8,1.45,7539133
srb,Serbia,2006,14.9894,73,1.43,7511394
srb,Serbia,2007,15.1324,73.3,1.38,7482989
srb,Serbia,2008,15.4124,73.5,1.4,7454279
srb,Serbia,2009,15.1698,73.8,1.44,7425347
srb,Serbia,2010,14.6845,74.1,1.4,7395864
srb,Serbia,2011,15.0961,74.4,1.4,7364859
srb,Serbia,2012,15.5192,74.6,1.45,7324623
srb,Serbia,2013,28.7764,74.8,1.43,7276180
srb,Serbia,2014,14.3261,75,1.46,7227203
srb,Serbia,2015,31.1226,75.2,1.46,7177253
srb,Serbia,2016,15.0266,75.4,1.46,7126083
srb,Serbia,2017,15.1162,75.6,1.49,7073507
srb,Serbia,2018,35.034,75.7,1.49,7020019
srb,Serbia,2019,36.1914,75.8,1.52,6966153
srb,Serbia,2020,21.0005,74.7,1.48,6907812
srb,Serbia,2021,21.9037,73.3,1.52,6835430
srb,Serbia,2022,21.9737,75.3,1.59,6791213
srb,Serbia,2023,22.9613,76,1.62,6773201
srb,Serbia,2024,23.982,76.1,1.64,6736216
ssd,South Sudan,1960,13.4296,48,7.161,2931559
ssd,South Sudan,1961,13.6992,48.1,7.178,2976724
ssd,South Sudan,1962,13.9206,48.2,7.195,3024308
ssd,South Sudan,1963,14.0622,47.5,7.196,3072669
ssd,South Sudan,1964,12.2047,47.6,7.22,3129918
ssd,South Sudan,1965,11.0798,47.7,7.222,3189835
ssd,South Sudan,1966,12.2896,47.8,7.254,3236423
ssd,South Sudan,1967,12.6367,47.9,7.257,3277648
ssd,South Sudan,1968,12.4852,48,7.264,3321528
ssd,South Sudan,1969,10.6162,48.1,7.281,3365533
ssd,South Sudan,1970,11.2039,48.2,7.286,3409614
ssd,South Sudan,1971,11.2692,48.3,7.296,3468646
ssd,South Sudan,1972,12.8122,48.4,7.311,3542497
ssd,South Sudan,1973,11.0612,49.1,7.311,3627383
ssd,South Sudan,1974,10.7121,49.1,7.314,3723259
ssd,South Sudan,1975,11.4661,49.2,7.326,3821494
ssd,South Sudan,1976,10.1857,49.2,7.331,3921910
ssd,South Sudan,1977,10.3014,49.2,7.325,4024032
ssd,South Sudan,1978,9.7305,49.2,7.329,4127657
ssd,South Sudan,1979,8.4387,49.2,7.32,4232605
ssd,South Sudan,1980,8.071,49.2,7.328,4339030
ssd,South Sudan,1981,8.2922,49.2,7.332,4447272
ssd,South Sudan,1982,8.4433,49.2,7.343,4557686
ssd,South Sudan,1983,7.4966,48.5,7.342,4661574
ssd,South Sudan,1984,7.8003,48.5,7.346,4750627
ssd,South Sudan,1985,8.5556,48.5,7.357,4834296
ssd,South Sudan,1986,8.2923,48.6,7.378,4921240
ssd,South Sudan,1987,8.9869,48.8,7.386,4962395
ssd,South Sudan,1988,8.769,49,7.376,4848029
ssd,South Sudan,1989,8.5989,49.8,7.374,4713229
ssd,South Sudan,1990,8.3589,50.1,7.377,4737633
ssd,South Sudan,1991,8.22,50.4,7.377,4836677
ssd,South Sudan,1992,7.2053,50.6,7.37,4909749
ssd,South Sudan,1993,7.19,50.9,7.36,4956002
ssd,South Sudan,1994,5.6278,51.2,7.346,5071184
ssd,South Sudan,1995,5.5276,51.3,7.337,5225836
ssd,South Sudan,1996,5.5837,51.7,7.321,5356925
ssd,South Sudan,1997,5.2451,50.6,7.199,5509136
ssd,South Sudan,1998,5.1573,51.3,7.078,5620068
ssd,South Sudan,1999,5.1043,52.3,6.937,5771628
ssd,South Sudan,2000,5.0518,52.8,6.803,6032267
ssd,South Sudan,2001,5.0164,53.7,6.654,6308391
ssd,South Sudan,2002,5.0143,54,6.515,6596806
ssd,South Sudan,2003,5.012,54.2,6.353,6903127
ssd,South Sudan,2004,5.0013,54.5,6.19,7233041
ssd,South Sudan,2005,4.9824,54.8,6.022,7590143
ssd,South Sudan,2006,4.9395,54.4,5.853,7976526
ssd,South Sudan,2007,4.9049,54.9,5.704,8388788
ssd,South Sudan,2008,4.8705,55.4,5.569,8817647
ssd,South Sudan,2009,4.8364,55.3,5.446,9243556
ssd,South Sudan,2010,4.3601,56,5.318,9745953
ssd,South Sudan,2011,3.9307,56.2,5.193,10288109
ssd,South Sudan,2012,3.5436,56.2,5.061,10756240
ssd,South Sudan,2013,3.1946,56.1,4.939,11166275
ssd,South Sudan,2014,2.88,56.1,4.818,11235073
ssd,South Sudan,2015,2.5964,56.3,4.695,11107561
ssd,South Sudan,2016,2.3407,56.2,4.579,10830102
ssd,South Sudan,2017,2.1813,56.2,4.483,10259154
ssd,South Sudan,2018,3.4004,56.2,4.37,10122977
ssd,South Sudan,2019,4.0226,56.4,4.26,10423384
ssd,South Sudan,2020,4.3187,55.8,4.16,10698467
ssd,South Sudan,2021,7.0583,56,4.047,10865780
ssd,South Sudan,2022,6.9673,56.3,3.964,11021177
ssd,South Sudan,2023,7.1871,56.4,3.864,11483374
ssd,South Sudan,2024,5.1786,56.5,3.785,11943408
stp,Sao Tome and Principe,1960,2.9453,49.6,6.242,68012
stp,Sao Tome and Principe,1961,3.1637,50.4,6.263,68707
stp,Sao Tome and Principe,1962,3.3663,51.3,6.284,69403
stp,Sao Tome and Principe,1963,3.5662,52.2,6.306,70112
stp,Sao Tome and Principe,1964,3.757,53,6.327,70865
stp,Sao Tome and Principe,1965,3.9321,53.8,6.349,71680
stp,Sao Tome and Principe,1966,4.1544,54.6,6.371,72576
stp,Sao Tome and Principe,1967,4.3287,55.4,6.394,73596
stp,Sao Tome and Principe,1968,4.4938,56.2,6.419,74765
stp,Sao Tome and Principe,1969,4.665,57,6.444,76083
stp,Sao Tome and Principe,1970,4.8272,57.8,6.468,77626
stp,Sao Tome and Principe,1971,4.9829,58.5,6.49,79330
stp,Sao Tome and Principe,1972,4.9787,59.2,6.51,81041
stp,Sao Tome and Principe,1973,4.9514,59.8,6.525,82798
stp,Sao Tome and Principe,1974,5.1233,60.4,6.534,84672
stp,Sao Tome and Principe,1975,5.2645,60.9,6.534,86708
stp,Sao Tome and Principe,1976,5.1884,61.4,6.524,88922
stp,Sao Tome and Principe,1977,6.2035,61.8,6.504,91301
stp,Sao Tome and Principe,1978,6.1871,62.2,6.473,93794
stp,Sao Tome and Principe,1979,6.9928,62.6,6.434,96252
stp,Sao Tome and Principe,1980,6.7418,62.8,6.386,98544
stp,Sao Tome and Principe,1981,6.2275,62.9,6.333,100615
stp,Sao Tome and Principe,1982,6.5213,63.1,6.276,102508
stp,Sao Tome and Principe,1983,6.2851,63,6.217,104380
stp,Sao Tome and Principe,1984,5.9097,63.1,6.158,106394
stp,Sao Tome and Principe,1985,6.445,63.2,6.101,108658
stp,Sao Tome and Principe,1986,6.0121,60.6,6.046,111150
stp,Sao Tome and Principe,1987,5.7968,63.4,5.992,113919
stp,Sao Tome and Principe,1988,5.9149,63.6,5.938,116939
stp,Sao Tome and Principe,1989,6.1191,63.2,5.884,119979
stp,Sao Tome and Principe,1990,6.0069,63.6,5.828,122980
stp,Sao Tome and Principe,1991,5.9766,63.9,5.769,125697
stp,Sao Tome and Principe,1992,5.9335,63.9,5.704,128110
stp,Sao Tome and Principe,1993,5.9225,64,5.635,130467
stp,Sao Tome and Principe,1994,5.9782,64,5.562,132732
stp,Sao Tome and Principe,1995,6.0251,64.3,5.554,134895
stp,Sao Tome and Principe,1996,6.0462,64.2,5.474,136962
stp,Sao Tome and Principe,1997,6.0404,64.1,5.396,138922
stp,Sao Tome and Principe,1998,6.13,63.9,5.304,140751
stp,Sao Tome and Principe,1999,6.2264,63.8,5.228,142442
stp,Sao Tome and Principe,2000,6.2032,64.4,5.157,144018
stp,Sao Tome and Principe,2001,6.1522,64.5,5.097,146375
stp,Sao Tome and Principe,2002,6.1015,64.6,5.062,149922
stp,Sao Tome and Principe,2003,6.0512,64.9,5.013,153814
stp,Sao Tome and Principe,2004,6.0014,65,4.962,157705
stp,Sao Tome and Principe,2005,5.952,64.6,4.939,161639
stp,Sao Tome and Principe,2006,5.9029,65,4.933,165638
stp,Sao Tome and Principe,2007,5.8543,65.2,4.957,169700
stp,Sao Tome and Principe,2008,5.8061,65.5,4.906,173793
stp,Sao Tome and Principe,2009,5.7583,66.4,4.838,177853
stp,Sao Tome and Principe,2010,5.7108,66.5,4.769,181802
stp,Sao Tome and Principe,2011,6.0068,67,4.718,185649
stp,Sao Tome and Principe,2012,6.3182,67.5,4.664,189439
stp,Sao Tome and Principe,2013,6.6456,67.7,4.584,193148
stp,Sao Tome and Principe,2014,6.9901,67.8,4.485,196767
stp,Sao Tome and Principe,2015,7.3524,68.1,4.354,200291
stp,Sao Tome and Principe,2016,7.7334,68.5,4.203,203689
stp,Sao Tome and Principe,2017,8.1343,68.9,4.069,206970
stp,Sao Tome and Principe,2018,8.3605,69.3,3.977,210187
stp,Sao Tome and Principe,2019,8.4008,69.5,3.9,213392
stp,Sao Tome and Principe,2020,8.461,67,3.827,217435
stp,Sao Tome and Principe,2021,8.4459,67,3.759,221961
stp,Sao Tome and Principe,2022,8.2977,69.1,3.695,226305
stp,Sao Tome and Principe,2023,8.1639,70.3,3.644,230871
stp,Sao Tome and Principe,2024,8.0742,70.5,3.596,235536
sur,Suriname,1960,8.7498,62.6,6.59,263918
sur,Suriname,1961,8.9709,62.8,6.583,272791
sur,Suriname,1962,9.1951,63.1,6.572,283912
sur,Suriname,1963,9.4256,63.5,6.508,297034
sur,Suriname,1964,9.6594,63.9,6.426,309041
sur,Suriname,1965,9.8996,64.3,6.321,320000
sur,Suriname,1966,10.1446,64.8,6.198,331135
sur,Suriname,1967,10.3947,65.3,6.038,342679
sur,Suriname,1968,10.6497,65.8,5.863,354616
sur,Suriname,1969,10.9083,66.3,5.696,366906
sur,Suriname,1970,11.175,66.7,5.529,379442
sur,Suriname,1971,11.9326,67.2,5.356,391932
sur,Suriname,1972,12.6199,67.6,5.176,397413
sur,Suriname,1973,13.3118,67.9,5.007,395772
sur,Suriname,1974,12.5579,68.1,4.811,393676
sur,Suriname,1975,14.0005,68.3,4.629,391170
sur,Suriname,1976,15.4186,68.4,4.445,388289
sur,Suriname,1977,17.13,68.6,4.256,385067
sur,Suriname,1978,18.154,68.8,4.08,381502
sur,Suriname,1979,17.1541,68.9,3.925,377602
sur,Suriname,1980,15.7454,69,3.791,375377
sur,Suriname,1981,16.9303,69.1,3.752,375459
sur,Suriname,1982,16.2756,69.3,3.821,376555
sur,Suriname,1983,15.6631,69.5,3.865,378746
sur,Suriname,1984,15.3464,69.8,3.796,382193
sur,Suriname,1985,17.3941,70.1,3.711,386972
sur,Suriname,1986,16.9286,69.9,3.61,392330
sur,Suriname,1987,15.4781,70,3.53,396911
sur,Suriname,1988,16.5581,70.2,3.461,402227
sur,Suriname,1989,17.0283,69.5,3.387,408409
sur,Suriname,1990,16.1055,70.7,3.225,412493
sur,Suriname,1991,16.4305,70.7,3.094,415013
sur,Suriname,1992,16.3954,70.6,3.013,417589
sur,Suriname,1993,15.2345,70.5,2.943,419352
sur,Suriname,1994,15.662,70.6,2.899,422375
sur,Suriname,1995,15.4602,70.8,2.897,429606
sur,Suriname,1996,15.3637,70.8,2.92,438830
sur,Suriname,1997,15.9836,70.8,2.952,448067
sur,Suriname,1998,16.0949,70.7,2.986,457406
sur,Suriname,1999,15.6192,70.7,3.016,466916
sur,Suriname,2000,15.691,70.9,3.046,476643
sur,Suriname,2001,16.084,70.9,3.057,486560
sur,Suriname,2002,16.2652,70.9,2.956,496551
sur,Suriname,2003,17.0145,71,2.839,506414
sur,Suriname,2004,18.2449,71.2,2.738,513923
sur,Suriname,2005,18.9167,71.5,2.712,519313
sur,Suriname,2006,19.8484,71.7,2.727,524997
sur,Suriname,2007,20.6817,71.9,2.735,531016
sur,Suriname,2008,21.3464,72,2.727,537245
sur,Suriname,2009,21.7926,72.2,2.712,543568
sur,Suriname,2010,22.7151,72.4,2.688,549923
sur,Suriname,2011,23.7695,72.6,2.667,556269
sur,Suriname,2012,24.1329,72.6,2.669,562633
sur,Suriname,2013,24.562,72.7,2.651,569020
sur,Suriname,2014,24.3528,72.7,2.62,575373
sur,Suriname,2015,23.2688,72.8,2.57,581627
sur,Suriname,2016,21.8951,72.9,2.5,587757
sur,Suriname,2017,22.0149,73,2.431,593713
sur,Suriname,2018,22.8807,73,2.381,599513
sur,Suriname,2019,22.9089,73,2.347,605768
sur,Suriname,2020,19.0433,72.2,2.314,612317
sur,Suriname,2021,18.4117,67.9,2.295,617896
sur,Suriname,2022,18.6954,72.1,2.274,623164
sur,Suriname,2023,18.9957,73.1,2.249,628886
sur,Suriname,2024,19.3644,73.3,2.231,634431
svk,Slovak Republic,1960,12.696,69.8,3.04,4124442
svk,Slovak Republic,1961,13.0943,70.2,2.96,4185342
svk,Slovak Republic,1962,13.2071,70.3,2.83,4235790
svk,Slovak Republic,1963,12.8838,70.5,2.92,4278462
svk,Slovak Republic,1964,13.3973,70.6,2.89,4323292
svk,Slovak Republic,1965,13.8065,70.6,2.78,4365047
svk,Slovak Republic,1966,14.3306,70.6,2.66,4402202
svk,Slovak Republic,1967,14.8932,70.6,2.48,4436104
svk,Slovak Republic,1968,15.5425,70.4,2.39,4466440
svk,Slovak Republic,1969,15.8719,70.1,2.43,4495038
svk,Slovak Republic,1970,16.1522,69.9,2.41,4525871
svk,Slovak Republic,1971,16.629,70,2.43,4560418
svk,Slovak Republic,1972,17.1234,70.2,2.49,4599800
svk,Slovak Republic,1973,17.5731,70.2,2.56,4643676
svk,Slovak Republic,1974,18.066,70.2,2.61,4690645
svk,Slovak Republic,1975,18.4446,70.3,2.55,4739166
svk,Slovak Republic,1976,18.5843,70.4,2.55,4788510
svk,Slovak Republic,1977,19.2688,70.5,2.49,4837712
svk,Slovak Republic,1978,19.3563,70.5,2.47,4885727
svk,Slovak Republic,1979,19.3786,70.6,2.45,4933447
svk,Slovak Republic,1980,19.7932,70.6,2.32,4976655
svk,Slovak Republic,1981,19.5937,70.7,2.29,5014958
svk,Slovak Republic,1982,19.8919,70.7,2.28,5051807
svk,Slovak Republic,1983,20.1098,70.7,2.28,5086445
svk,Slovak Republic,1984,20.4974,70.7,2.26,5119386
svk,Slovak Republic,1985,20.5756,70.8,2.26,5151166
svk,Slovak Republic,1986,21.3371,71,2.2,5180088
svk,Slovak Republic,1987,21.7579,71.1,2.14,5205880
svk,Slovak Republic,1988,22.1008,71.1,2.13,5229676
svk,Slovak Republic,1989,22.2503,71.1,2.07,5249931
svk,Slovak Republic,1990,21.6394,71,2.09,5266078
svk,Slovak Republic,1991,18.4747,71.2,2.05,5284874
svk,Slovak Republic,1992,17.2484,71.5,1.93,5306436
svk,Slovak Republic,1993,17.3488,71.9,1.87,5326360
svk,Slovak Republic,1994,17.4498,72.3,1.67,5343231
svk,Slovak Republic,1995,17.5514,72.5,1.52,5354282
svk,Slovak Republic,1996,17.6535,72.7,1.47,5362428
svk,Slovak Republic,1997,19.1413,72.8,1.43,5369779
svk,Slovak Republic,1998,20.7545,72.9,1.37,5374796
svk,Slovak Republic,1999,22.5036,73,1.33,5378104
svk,Slovak Republic,2000,24.4001,73.3,1.3,5379999
svk,Slovak Republic,2001,26.4564,73.6,1.2,5379437
svk,Slovak Republic,2002,28.6861,73.8,1.19,5377688
svk,Slovak Republic,2003,31.1037,74,1.2,5376196
svk,Slovak Republic,2004,33.725,74.2,1.25,5376038
svk,Slovak Republic,2005,38.745,74.3,1.27,5376695
svk,Slovak Republic,2006,42.2823,74.4,1.25,5376846
svk,Slovak Republic,2007,43.46,74.6,1.27,5376999
svk,Slovak Republic,2008,44.7232,74.9,1.34,5379120
svk,Slovak Republic,2009,44.6582,75.2,1.44,5385073
svk,Slovak Republic,2010,26.6282,75.5,1.43,5391851
svk,Slovak Republic,2011,27.6354,75.9,1.45,5398109
svk,Slovak Republic,2012,25.3587,76.3,1.34,5404871
svk,Slovak Republic,2013,26.021,76.5,1.34,5410422
svk,Slovak Republic,2014,25.3719,76.8,1.37,5415230
svk,Slovak Republic,2015,25.9025,76.9,1.4,5420278
svk,Slovak Republic,2016,26.2023,77.1,1.48,5427259
svk,Slovak Republic,2017,27.0241,77.2,1.52,5435700
svk,Slovak Republic,2018,28.5511,77.4,1.54,5443232
svk,Slovak Republic,2019,29.2795,77.7,1.57,5450626
svk,Slovak Republic,2020,28.0985,76.9,1.59,5455024
svk,Slovak Republic,2021,27.9311,74.6,1.63,5442759
svk,Slovak Republic,2022,25.304,76.9,1.57,5473197
svk,Slovak Republic,2023,25.8765,78.2,1.49,5518055
svk,Slovak Republic,2024,26.4328,78.4,1.46,5506760
svn,Slovenia,1960,14.6301,66.1,2.185,1605074
svn,Slovenia,1961,15.8558,66.5,2.27,1618560
svn,Slovenia,1962,16.4127,66.8,2.276,1633081
svn,Slovenia,1963,18.1508,67.2,2.269,1647437
svn,Slovenia,1964,19.7051,67.4,2.305,1661346
svn,Slovenia,1965,19.6469,67.6,2.432,1675318
svn,Slovenia,1966,20.5625,67.9,2.465,1689636
svn,Slovenia,1967,21.0588,68.1,2.37,1703870
svn,Slovenia,1968,22.2189,68.3,2.253,1716926
svn,Slovenia,1969,24.1921,68.3,2.174,1728683
svn,Slovenia,1970,26.3222,68.4,2.109,1739861
svn,Slovenia,1971,28.0972,68.6,2.157,1752711
svn,Slovenia,1972,29.3765,69,2.165,1768217
svn,Slovenia,1973,31.0654,69.4,2.204,1784572
svn,Slovenia,1974,33.8513,69.8,2.125,1801036
svn,Slovenia,1975,35.494,70,2.175,1817598
svn,Slovenia,1976,36.049,70.2,2.201,1834357
svn,Slovenia,1977,38.4143,70.3,2.166,1851321
svn,Slovenia,1978,41.3741,70.4,2.196,1868518
svn,Slovenia,1979,44.2014,70.6,2.215,1885906
svn,Slovenia,1980,43.7847,70.9,2.11,1903069
svn,Slovenia,1981,43.3548,71,1.961,1914592
svn,Slovenia,1982,42.5679,71,1.93,1917975
svn,Slovenia,1983,42.4228,71.1,1.81,1923354
svn,Slovenia,1984,42.8651,71.3,1.74,1932706
svn,Slovenia,1985,42.9215,71.5,1.71,1941472
svn,Slovenia,1986,43.905,71.9,1.67,1964835
svn,Slovenia,1987,43.3715,72.2,1.65,1988021
svn,Slovenia,1988,39.8873,72.6,1.63,1993516
svn,Slovenia,1989,36.683,73,1.52,1995458
svn,Slovenia,1990,33.7361,73.3,1.46,1998007
svn,Slovenia,1991,31.026,73.3,1.42,1999193
svn,Slovenia,1992,28.5336,73.4,1.33,1995859
svn,Slovenia,1993,26.2414,73.6,1.33,1990811
svn,Slovenia,1994,27.1057,74,1.32,1988262
svn,Slovenia,1995,27.9984,74.3,1.29,1988095
svn,Slovenia,1996,28.9206,74.6,1.28,1986793
svn,Slovenia,1997,29.8732,74.9,1.25,1984398
svn,Slovenia,1998,29.4788,75.2,1.23,1980064
svn,Slovenia,1999,30.0342,75.5,1.21,1981194
svn,Slovenia,2000,30.3275,75.9,1.26,1986816
svn,Slovenia,2001,30.6236,76.1,1.21,1989679
svn,Slovenia,2002,30.9227,76.4,1.21,1991572
svn,Slovenia,2003,30.5284,76.6,1.2,1992490
svn,Slovenia,2004,37.3855,77,1.25,1993545
svn,Slovenia,2005,38.7035,77.5,1.26,1996914
svn,Slovenia,2006,40.0711,77.9,1.31,2003114
svn,Slovenia,2007,42.1613,78.3,1.38,2014158
svn,Slovenia,2008,43.4164,78.6,1.53,2025085
svn,Slovenia,2009,43.7011,79,1.53,2035608
svn,Slovenia,2010,43.7622,79.3,1.57,2044612
svn,Slovenia,2011,43.3885,79.6,1.56,2048804
svn,Slovenia,2012,41.5976,79.9,1.58,2053321
svn,Slovenia,2013,41.3748,80.1,1.55,2056441
svn,Slovenia,2014,42.3929,80.4,1.58,2058401
svn,Slovenia,2015,42.5522,80.6,1.57,2059947
svn,Slovenia,2016,43.8337,80.9,1.58,2061373
svn,Slovenia,2017,44.8609,81,1.62,2062410
svn,Slovenia,2018,47.6855,81.3,1.6,2069481
svn,Slovenia,2019,48.7085,81.5,1.61,2083439
svn,Slovenia,2020,51.1135,80.4,1.59,2102419
svn,Slovenia,2021,53.8064,80.6,1.64,2113494
svn,Slovenia,2022,53.8374,81.1,1.55,2115228
svn,Slovenia,2023,54.7573,81.6,1.51,2118396
svn,Slovenia,2024,55.4751,81.8,1.52,2118697
swe,Sweden,1960,20.6164,73.3,2.17,7484596
swe,Sweden,1961,21.552,73.5,2.21,7519998
swe,Sweden,1962,22.2095,73.6,2.25,7561515
swe,Sweden,1963,23.1219,73.7,2.33,7604199
swe,Sweden,1964,24.3783,73.9,2.47,7661191
swe,Sweden,1965,24.9212,74,2.39,7733007
swe,Sweden,1966,25.0467,74.1,2.37,7805592
swe,Sweden,1967,25.5978,74.2,2.28,7866404
swe,Sweden,1968,26.1462,74.2,2.07,7912128
swe,Sweden,1969,27.1573,74.3,1.93,7968011
swe,Sweden,1970,28.4375,74.6,1.92,8042780
swe,Sweden,1971,28.3663,74.7,1.96,8098102
swe,Sweden,1972,28.7518,74.8,1.91,8122425
swe,Sweden,1973,29.6492,74.9,1.87,8137169
swe,Sweden,1974,30.3334,75,1.87,8160639
swe,Sweden,1975,30.8215,75,1.77,8192641
swe,Sweden,1976,31.059,75.1,1.68,8222395
swe,Sweden,1977,31.2983,75.4,1.64,8251695
swe,Sweden,1978,31.5395,75.5,1.6,8275788
swe,Sweden,1979,31.7825,75.6,1.66,8293748
swe,Sweden,1980,32.0274,75.8,1.68,8310469
swe,Sweden,1981,32.2742,76,1.63,8320458
swe,Sweden,1982,32.6634,76.4,1.62,8325183
swe,Sweden,1983,33.0572,76.7,1.61,8328915
swe,Sweden,1984,33.4558,76.8,1.66,8336487
swe,Sweden,1985,33.8592,76.8,1.74,8350244
swe,Sweden,1986,34.2675,77,1.8,8369683
swe,Sweden,1987,34.6807,77.1,1.84,8397648
swe,Sweden,1988,35.8755,77.2,1.96,8436347
swe,Sweden,1989,37.1114,77.6,2.01,8492816
swe,Sweden,1990,38.3899,77.7,2.13,8558567
swe,Sweden,1991,39.7124,77.9,2.11,8616959
swe,Sweden,1992,41.0805,78.1,2.09,8667574
swe,Sweden,1993,40.2929,78.3,1.99,8718036
swe,Sweden,1994,39.5204,78.7,1.88,8780190
swe,Sweden,1995,38.7627,78.9,1.73,8826302
swe,Sweden,1996,39.956,79.1,1.6,8840327
swe,Sweden,1997,41.1861,79.3,1.52,8845524
swe,Sweden,1998,42.4541,79.4,1.5,8850609
swe,Sweden,1999,43.7611,79.5,1.5,8857686
swe,Sweden,2000,45.1083,79.8,1.54,8872101
swe,Sweden,2001,46.6095,79.9,1.57,8896022
swe,Sweden,2002,47.7262,80,1.65,8925047
swe,Sweden,2003,43.8958,80.2,1.71,8958431
swe,Sweden,2004,45.0641,80.5,1.75,8993808
swe,Sweden,2005,45.5122,80.6,1.77,9029771
swe,Sweden,2006,48.2201,80.8,1.85,9080623
swe,Sweden,2007,51.1106,81,1.88,9148274
swe,Sweden,2008,52.8001,81.2,1.91,9219900
swe,Sweden,2009,53.1318,81.4,1.94,9298740
swe,Sweden,2010,53.9565,81.6,1.98,9378232
swe,Sweden,2011,54.5177,81.7,1.9,9449259
swe,Sweden,2012,55.7958,81.8,1.91,9519487
swe,Sweden,2013,57.2539,82,1.89,9600620
swe,Sweden,2014,58.6101,82.2,1.88,9696433
swe,Sweden,2015,60.6363,82.3,1.85,9799481
swe,Sweden,2016,61.5875,82.4,1.85,9923280
swe,Sweden,2017,61.5469,82.5,1.78,10057862
swe,Sweden,2018,62.232,82.7,1.76,10175405
swe,Sweden,2019,63.4569,83,1.71,10279125
swe,Sweden,2020,64.6739,82.4,1.67,10353686
swe,Sweden,2021,64.7074,83,1.67,10416131
swe,Sweden,2022,64.9539,83.1,1.53,10487338
swe,Sweden,2023,64.5738,83.3,1.45,10551494
swe,Sweden,2024,64.9986,83.4,1.43,10606999
swz,Eswatini,1960,0.29,40,6.752,345337
swz,Eswatini,1961,0.3173,40.4,6.774,353264
swz,Eswatini,1962,0.3728,40.9,6.794,361365
swz,Eswatini,1963,0.3819,41.3,6.804,369759
swz,Eswatini,1964,0.4252,41.9,6.789,378656
swz,Eswatini,1965,0.4765,42.4,6.794,388336
swz,Eswatini,1966,0.4816,42.9,6.802,398766
swz,Eswatini,1967,0.5112,43.5,6.766,409031
swz,Eswatini,1968,0.4723,43.9,6.761,419147
swz,Eswatini,1969,0.4773,44.4,6.761,429875
swz,Eswatini,1970,0.5994,44.9,6.749,441216
swz,Eswatini,1971,0.6018,45.5,6.739,453183
swz,Eswatini,1972,0.6561,46.1,6.722,465788
swz,Eswatini,1973,0.6565,46.7,6.715,479038
swz,Eswatini,1974,0.756,47.3,6.71,492988
swz,Eswatini,1975,0.9727,48,6.707,507673
swz,Eswatini,1976,1.0627,48.6,6.701,523330
swz,Eswatini,1977,1.0356,49.2,6.676,540348
swz,Eswatini,1978,1.0112,49.8,6.647,558446
swz,Eswatini,1979,0.9934,50.3,6.607,577199
swz,Eswatini,1980,0.9758,50.9,6.574,596644
swz,Eswatini,1981,1.0579,51.4,6.539,616808
swz,Eswatini,1982,1.0727,52,6.491,637652
swz,Eswatini,1983,1.0516,51.5,6.432,658957
swz,Eswatini,1984,1.0613,52.9,6.36,680783
swz,Eswatini,1985,1.0632,53.6,6.282,706196
swz,Eswatini,1986,1.2304,54.1,6.106,734732
swz,Eswatini,1987,1.3267,54.7,5.902,763811
swz,Eswatini,1988,1.4061,55.3,5.693,799798
swz,Eswatini,1989,1.5266,55.9,5.479,837800
swz,Eswatini,1990,1.6682,56.4,5.295,872428
swz,Eswatini,1991,1.6388,56.7,5.132,908189
swz,Eswatini,1992,1.6377,56.9,4.981,943416
swz,Eswatini,1993,1.6484,57.2,4.815,971318
swz,Eswatini,1994,1.6937,57.2,4.662,971212
swz,Eswatini,1995,1.9576,57,4.523,970433
swz,Eswatini,1996,2.2627,56.3,4.378,989841
swz,Eswatini,1997,2.6153,55.5,4.235,1006635
swz,Eswatini,1998,3.0229,54.2,4.125,1019653
swz,Eswatini,1999,3.4939,52.4,4.089,1030782
swz,Eswatini,2000,4.0384,50,4.03,1041414
swz,Eswatini,2001,4.0636,47.3,3.944,1051064
swz,Eswatini,2002,4.0891,45.2,3.854,1059441
swz,Eswatini,2003,4.1146,42.7,3.796,1066700
swz,Eswatini,2004,4.1403,40.7,3.76,1073159
swz,Eswatini,2005,4.1662,40.4,3.704,1079022
swz,Eswatini,2006,4.1923,41.8,3.632,1084436
swz,Eswatini,2007,4.2185,43.5,3.58,1090705
swz,Eswatini,2008,4.2449,44.5,3.567,1098091
swz,Eswatini,2009,4.2714,45.5,3.504,1105153
swz,Eswatini,2010,4.5305,48.1,3.375,1111650
swz,Eswatini,2011,4.8052,50.8,3.317,1117833
swz,Eswatini,2012,5.0967,52,3.266,1123863
swz,Eswatini,2013,5.4058,53.3,3.237,1129990
swz,Eswatini,2014,5.7336,54.7,3.181,1136299
swz,Eswatini,2015,6.0814,56.1,3.122,1142813
swz,Eswatini,2016,6.4502,57.5,3.068,1149507
swz,Eswatini,2017,6.4951,58.4,3.018,1158195
swz,Eswatini,2018,6.4519,58.9,2.971,1168929
swz,Eswatini,2019,6.7809,59.2,2.925,1179874
swz,Eswatini,2020,6.5158,57,2.888,1192729
swz,Eswatini,2021,6.6622,55.6,2.841,1206593
swz,Eswatini,2022,6.6687,59.3,2.801,1218917
swz,Eswatini,2023,6.8334,60.8,2.753,1230506
swz,Eswatini,2024,6.9443,60.99,2.718,1242822
syc,Seychelles,1960,4.4577,62,5.313,43230
syc,Seychelles,1961,4.2034,62,5.422,44108
syc,Seychelles,1962,4.4606,62,5.513,45063
syc,Seychelles,1963,4.8871,62.1,5.606,46075
syc,Seychelles,1964,4.9265,62.4,5.694,47140
syc,Seychelles,1965,4.4027,62.7,5.716,48270
syc,Seychelles,1966,4.3131,63,6.126,49456
syc,Seychelles,1967,4.6243,63.3,5.895,50667
syc,Seychelles,1968,5.0693,63.6,5.614,51885
syc,Seychelles,1969,4.7856,64,5.479,53081
syc,Seychelles,1970,5.1585,64.3,5.307,54252
syc,Seychelles,1971,5.8195,64.7,5.689,55511
syc,Seychelles,1972,6.0425,65.2,5.155,56889
syc,Seychelles,1973,6.4637,65.8,4.784,58300
syc,Seychelles,1974,6.4123,66.3,5.099,59739
syc,Seychelles,1975,6.4638,66.8,4.752,61218
syc,Seychelles,1976,7.3563,67.4,4.086,62743
syc,Seychelles,1977,7.8189,67.9,3.754,64104
syc,Seychelles,1978,8.3533,68.4,3.919,64987
syc,Seychelles,1979,9.44,69,3.66,65603
syc,Seychelles,1980,9.0019,69.4,3.79,66260
syc,Seychelles,1981,8.8971,69.8,3.665,66950
syc,Seychelles,1982,8.9938,69.7,3.131,67650
syc,Seychelles,1983,9.1023,70.3,3.218,68360
syc,Seychelles,1984,9.7849,70.5,3.24,69083
syc,Seychelles,1985,10.94,70.5,3.091,69823
syc,Seychelles,1986,11.1347,70.5,3.074,70564
syc,Seychelles,1987,11.5203,70.5,2.922,71338
syc,Seychelles,1988,12.3899,70.7,2.789,72210
syc,Seychelles,1989,13.9805,70.5,2.671,73118
syc,Seychelles,1990,15.3839,70.5,2.607,73983
syc,Seychelles,1991,15.7849,70.4,2.692,74817
syc,Seychelles,1992,16.992,70.4,2.526,75617
syc,Seychelles,1993,18.0354,70.3,2.582,76409
syc,Seychelles,1994,17.4237,70.6,2.597,77261
syc,Seychelles,1995,17.3705,71,2.361,78126
syc,Seychelles,1996,18.702,71.2,2.311,78882
syc,Seychelles,1997,21.0152,71.2,2.1,79650
syc,Seychelles,1998,21.6007,71.6,2.04,80722
syc,Seychelles,1999,21.7115,71.8,2.04,82021
syc,Seychelles,2000,21.4157,72,2.08,83318
syc,Seychelles,2001,21.1239,72.1,1.98,84606
syc,Seychelles,2002,20.836,72.2,2.04,85857
syc,Seychelles,2003,20.5521,72.3,2.06,87034
syc,Seychelles,2004,20.2721,72.3,2.01,88156
syc,Seychelles,2005,19.9959,72.4,2.2,89266
syc,Seychelles,2006,19.7234,72.5,2.11,90373
syc,Seychelles,2007,20.5152,72.6,2.24,91468
syc,Seychelles,2008,21.3387,72.8,2.33,92547
syc,Seychelles,2009,22.1952,72.9,2.38,93628
syc,Seychelles,2010,23.0862,73.2,2.13,94971
syc,Seychelles,2011,24.0129,73.4,2.3,97024
syc,Seychelles,2012,24.9768,73.5,2.32,99543
syc,Seychelles,2013,25.9794,73.8,2.21,102093
syc,Seychelles,2014,25.5638,74,2.19,104654
syc,Seychelles,2015,25.1548,74.3,2.26,107230
syc,Seychelles,2016,24.7524,74.6,2.33,109821
syc,Seychelles,2017,24.3565,74.9,2.34,112427
syc,Seychelles,2018,23.9669,75.4,2.34,115040
syc,Seychelles,2019,25.0649,75.9,2.31,117650
syc,Seychelles,2020,21.9343,75.8,2.2,120291
syc,Seychelles,2021,21.8785,72.2,2.38,122987
syc,Seychelles,2022,20.4178,75,2.2,125522
syc,Seychelles,2023,20.8974,75.1,2.18,127951
syc,Seychelles,2024,21.3399,75.2,1.85,130418
syr,Syria,1960,6.3124,59.5,7.505,4673500
syr,Syria,1961,6.3831,59.9,7.502,4815466
syr,Syria,1962,7.7602,60.3,7.51,4959340
syr,Syria,1963,7.1594,60.6,7.511,5110467
syr,Syria,1964,7.2727,60.9,7.525,5269087
syr,Syria,1965,6.9266,61.2,7.532,5435267
syr,Syria,1966,6.0882,61.4,7.552,5609047
syr,Syria,1967,6.242,61.6,7.556,5790198
syr,Syria,1968,6.1778,62.1,7.569,5978742
syr,Syria,1969,7.0116,62.4,7.586,6175166
syr,Syria,1970,6.2059,62.7,7.621,6380609
syr,Syria,1971,6.4803,63,7.6,6598094
syr,Syria,1972,7.6997,63.4,7.573,6826024
syr,Syria,1973,6.6911,62.5,7.548,7060321
syr,Syria,1974,7.8934,64.1,7.52,7302160
syr,Syria,1975,8.9652,64.5,7.486,7554364
syr,Syria,1976,9.4568,64.9,7.448,7817320
syr,Syria,1977,8.8762,65.2,7.418,8090501
syr,Syria,1978,9.1749,65.6,7.345,8372759
syr,Syria,1979,9.0364,65.8,7.247,8661909
syr,Syria,1980,9.6141,66.2,7.119,8957663
syr,Syria,1981,10.4917,66.5,6.974,9260189
syr,Syria,1982,10.5934,63.7,6.811,9572511
syr,Syria,1983,10.4865,67.4,6.692,9904809
syr,Syria,1984,9.6459,67.7,6.586,10258398
syr,Syria,1985,10.0197,68,6.484,10625672
syr,Syria,1986,9.2195,68.3,6.365,11002844
syr,Syria,1987,9.074,68.5,6.201,11388923
syr,Syria,1988,10.0162,68.8,5.999,11782264
syr,Syria,1989,9.1517,68.9,5.777,12179060
syr,Syria,1990,9.8388,69.1,5.561,12579208
syr,Syria,1991,10.1418,69.2,5.342,12980821
syr,Syria,1992,10.9068,69.3,5.141,13385571
syr,Syria,1993,11.0617,69.5,4.994,13795686
syr,Syria,1994,11.274,69.8,4.856,14208583
syr,Syria,1995,11.499,70,4.697,14616801
syr,Syria,1996,11.9461,70.2,4.536,15018104
syr,Syria,1997,12.3455,70.5,4.371,15417542
syr,Syria,1998,12.7582,70.8,4.25,15820413
syr,Syria,1999,13.1848,71.1,4.144,16228061
syr,Syria,2000,13.6255,71.3,4.068,16637888
syr,Syria,2001,14.0811,71.6,3.976,17051338
syr,Syria,2002,14.5518,71.9,3.865,17468332
syr,Syria,2003,15.0383,72.2,3.763,17889296
syr,Syria,2004,15.2361,72.6,3.679,18336875
syr,Syria,2005,15.4366,73,3.605,18814091
syr,Syria,2006,15.6397,73.2,3.562,19637022
syr,Syria,2007,15.5991,73.6,3.538,20884125
syr,Syria,2008,15.5587,73.9,3.481,21636564
syr,Syria,2009,15.5183,74.2,3.415,21976969
syr,Syria,2010,14.2961,74.5,3.355,22482421
syr,Syria,2011,13.1701,74.2,3.285,22878098
syr,Syria,2012,12.1328,68.9,3.221,22759763
syr,Syria,2013,11.1772,66.4,3.165,21666917
syr,Syria,2014,10.2969,65.5,3.117,20273659
syr,Syria,2015,9.4859000000000009,67,3.067,19424618
syr,Syria,2016,8.7388,67.6,3.012,19193834
syr,Syria,2017,8.0505,69.7,2.972,19224668
syr,Syria,2018,7.4165,72.3,2.932,19577845
syr,Syria,2019,6.8324,74.1,2.878,20353534
syr,Syria,2020,6.2942,74.4,2.837,21049429
syr,Syria,2021,5.7985,74.2,2.798,21628839
syr,Syria,2022,5.3418,76.1,2.746,22462173
syr,Syria,2023,5.024,75.4,2.712,23594623
syr,Syria,2024,4.9487,75.92,2.7,24672760
tcd,Chad,1960,2.2148,45.2,6.25,3049838
tcd,Chad,1961,2.2151,45.3,6.268,3111947
tcd,Chad,1962,2.3351,45.4,6.285,3175598
tcd,Chad,1963,2.2328,45.5,6.301,3240905
tcd,Chad,1964,2.1612,45.5,6.318,3307479
tcd,Chad,1965,2.1544,45.6,6.337,3374220
tcd,Chad,1966,2.079,44.9,6.362,3440903
tcd,Chad,1967,2.0562,45,6.393,3508512
tcd,Chad,1968,2.0196,45.1,6.432,3578231
tcd,Chad,1969,2.0978,45.2,6.477,3651113
tcd,Chad,1970,2.1484,45.2,6.528,3727828
tcd,Chad,1971,2.1482,44.7,6.582,3807316
tcd,Chad,1972,1.964,45.3,6.85,3893252
tcd,Chad,1973,1.8345,46,6.869,3985909
tcd,Chad,1974,2.0449,46.1,6.864,4078356
tcd,Chad,1975,2.3549,46.3,6.876,4167234
tcd,Chad,1976,2.2791,45.9,6.893,4251297
tcd,Chad,1977,2.0715,46,6.896,4331667
tcd,Chad,1978,2.0269,46.1,6.891,4411366
tcd,Chad,1979,1.5664,46.2,6.905,4505384
tcd,Chad,1980,1.4581,46.3,6.908,4515453
tcd,Chad,1981,1.3594,46.2,6.942,4520959
tcd,Chad,1982,1.4439,46.1,6.961,4738483
tcd,Chad,1983,1.6623000000000001,46.2,6.979,4979130
tcd,Chad,1984,1.7647,46.3,7.015,5045145
tcd,Chad,1985,1.9143,47,7.037,5096269
tcd,Chad,1986,2.0108,46.8,7.067,5251069
tcd,Chad,1987,2.0661,45.6,7.105,5438309
tcd,Chad,1988,2.2214,47.6,7.154,5625602
tcd,Chad,1989,2.2721,48.1,7.186,5819586
tcd,Chad,1990,2.3577,48.1,7.219,5982833
tcd,Chad,1991,2.4689,48.3,7.261,6205676
tcd,Chad,1992,2.5526,48.6,7.296,6474656
tcd,Chad,1993,2.2107,48.9,7.337,6629146
tcd,Chad,1994,2.3826,49.1,7.31,6783450
tcd,Chad,1995,2.3326,49.5,7.29,7089064
tcd,Chad,1996,2.3039,49.5,7.292,7410108
tcd,Chad,1997,2.3755,49.5,7.274,7670366
tcd,Chad,1998,2.4785,49.5,7.266,7938840
tcd,Chad,1999,2.3988,49.8,7.262,8222705
tcd,Chad,2000,2.3185,49.7,7.249,8512093
tcd,Chad,2001,2.5233,50.1,7.231,8804124
tcd,Chad,2002,2.6647,50.4,7.201,9116192
tcd,Chad,2003,2.9579,50.7,7.179,9487833
tcd,Chad,2004,3.1165,51.1,7.16,9920036
tcd,Chad,2005,3.2835,51.6,7.134,10328092
tcd,Chad,2006,3.4595,51.8,7.118,10706424
tcd,Chad,2007,3.6449,52.8,7.092,11081660
tcd,Chad,2008,3.8403,53.3,7.063,11476296
tcd,Chad,2009,4.0461,54,7.021,11893754
tcd,Chad,2010,4.263,54.4,6.99,12312575
tcd,Chad,2011,4.4915,54.7,6.948,12754997
tcd,Chad,2012,4.4918,55.2,6.905,13210998
tcd,Chad,2013,4.4921,55.5,6.839,13691079
tcd,Chad,2014,4.4924,55.8,6.781,14188678
tcd,Chad,2015,4.4927,56,6.706,14647621
tcd,Chad,2016,4.493,56.5,6.623,15114655
tcd,Chad,2017,4.4932,56.8,6.537,15622759
tcd,Chad,2018,4.4935,57,6.464,16156531
tcd,Chad,2019,4.5144,57.3,6.412,16685223
tcd,Chad,2020,4.5353,56.5,6.346,17224679
tcd,Chad,2021,4.5564,57.8,6.255,17828273
tcd,Chad,2022,4.5775,57.7,6.215,18455316
tcd,Chad,2023,4.5529,58,6.12,19319064
tcd,Chad,2024,4.4915,58.11,6.028,20299123
tgo,Togo,1960,2.0591,42.6,6.79668,1673110
tgo,Togo,1961,2.1594,42.8,6.82064,1702717
tgo,Togo,1962,2.1776,43,6.85691,1732959
tgo,Togo,1963,2.2297,43.2,6.89306,1765072
tgo,Togo,1964,2.4705,43.6,6.91595,1803440
tgo,Togo,1965,2.7333,44,6.93729,1853771
tgo,Togo,1966,2.9011,44.6,6.95608,1918513
tgo,Togo,1967,2.9712,45.1,6.95885,1995890
tgo,Togo,1968,3.0258,45.6,6.97046,2080226
tgo,Togo,1969,3.25,46.1,7.0149,2164814
tgo,Togo,1970,3.1005,46.6,7.03499,2244773
tgo,Togo,1971,3.2116,47.1,7.0637,2317976
tgo,Togo,1972,3.2186,47.6,7.06862,2384994
tgo,Togo,1973,2.9911,48.1,7.08101,2448749
tgo,Togo,1974,3.0274,48.7,7.08978,2511760
tgo,Togo,1975,2.921,49.1,7.08829,2574622
tgo,Togo,1976,2.8244,49.7,7.06268,2637796
tgo,Togo,1977,2.8969,50.2,7.02536,2701894
tgo,Togo,1978,3.0978,50.9,6.9827,2768148
tgo,Togo,1979,3.1844,51.5,6.935,2839854
tgo,Togo,1980,2.9412,52,6.87556,2920894
tgo,Togo,1981,2.8507,52.5,6.80861,3013043
tgo,Togo,1982,2.7418,53,6.72484,3115042
tgo,Togo,1983,2.571,53.4,6.63334,3222899
tgo,Togo,1984,2.6913,53.8,6.54195,3332837
tgo,Togo,1985,2.7561,54.1,6.45737,3441091
tgo,Togo,1986,2.7959,54.5,6.38166,3547952
tgo,Togo,1987,2.6885,54.8,6.30388,3657508
tgo,Togo,1988,2.9425,55.1,6.2284,3769742
tgo,Togo,1989,3.057,55.4,6.14857,3883411
tgo,Togo,1990,3.2319,55.8,6.06713,3998761
tgo,Togo,1991,3.142,55.9,5.9867,4115560
tgo,Togo,1992,2.9528,56.1,5.88577,4233617
tgo,Togo,1993,2.5262,56.1,5.78215,4207453
tgo,Togo,1994,2.9014,56.1,5.67227,4222940
tgo,Togo,1995,2.9986,56.1,5.56459,4410832
tgo,Togo,1996,3.1489,56,5.45892,4577860
tgo,Togo,1997,3.4407,55.8,5.3626,4725030
tgo,Togo,1998,3.2885,55.8,5.28787,4860913
tgo,Togo,1999,3.2971,55.9,5.22611,5000269
tgo,Togo,2000,3.2001,55.8,5.1652,5140037
tgo,Togo,2001,3.1517,55.9,5.12801,5277382
tgo,Togo,2002,3.1892,56.2,5.09187,5413274
tgo,Togo,2003,3.3323,56.7,5.04796,5552167
tgo,Togo,2004,3.2453,57.2,4.99471,5696508
tgo,Togo,2005,3.0454,57.5,5.03782,5844631
tgo,Togo,2006,3.0553,58,5.0762,6010668
tgo,Togo,2007,3.0843,58.4,5.102,6188344
tgo,Togo,2008,3.1136,58.6,5.1002,6368812
tgo,Togo,2009,3.1432,59,5.10428,6551865
tgo,Togo,2010,3.173,59.5,5.08732,6732590
tgo,Togo,2011,3.2031,60.2,4.98423,6916474
tgo,Togo,2012,3.2231,60.7,4.85379,7100736
tgo,Togo,2013,3.2432,61.3,4.75361,7285442
tgo,Togo,2014,3.2635,61.7,4.7016,7472450
tgo,Togo,2015,3.2839,61.9,4.66157,7663195
tgo,Togo,2016,3.8931,62.3,4.63394,7858289
tgo,Togo,2017,4.6154,62.6,4.57623,8057140
tgo,Togo,2018,5.4716,63.1,4.51307,8258778
tgo,Togo,2019,5.3208,63.5,4.45041,8463068
tgo,Togo,2020,5.1741,63.4,4.38631,8669720
tgo,Togo,2021,5.0315,63.3,4.32387,8878379
tgo,Togo,2022,5.1976,64.1,4.25318,9089738
tgo,Togo,2023,5.4031,64.5,4.1924,9304337
tgo,Togo,2024,5.5633,64.71,4.12167,9515236
tha,Thailand,1960,2.7395,59.4,6.325,26851747
tha,Thailand,1961,2.7643,59.9,6.324,27650334
tha,Thailand,1962,2.858,59.8,6.331,28481040
tha,Thailand,1963,2.9667,59.7,6.342,29342322
tha,Thailand,1964,3.0383,60.2,6.309,30232141
tha,Thailand,1965,3.1455,60.7,6.258,31149337
tha,Thailand,1966,3.3689,60.7,6.182,32086071
tha,Thailand,1967,3.4988,60.9,6.077,33037801
tha,Thailand,1968,3.6345,61.2,5.928,34002560
tha,Thailand,1969,3.7787,61.7,5.704,34973782
tha,Thailand,1970,4.3237,62.6,5.452,35954408
tha,Thailand,1971,4.3739,63.1,5.253,36937387
tha,Thailand,1972,4.3957,63,5.077,37933929
tha,Thailand,1973,4.6707,62.9,4.845,38947787
tha,Thailand,1974,4.7183,63.3,4.598,39952891
tha,Thailand,1975,4.7944,64.3,4.364,40940005
tha,Thailand,1976,5.0785,65.6,4.119,41896504
tha,Thailand,1977,5.4161,66,3.865,42843974
tha,Thailand,1978,5.7977,66.2,3.617,43788976
tha,Thailand,1979,5.9307,66.2,3.451,44718434
tha,Thailand,1980,6.0333,66.4,3.293,45650022
tha,Thailand,1981,6.5577,67,3.127,46575855
tha,Thailand,1982,6.5992,67.6,2.943,47494577
tha,Thailand,1983,6.6411,68.4,2.755,48423309
tha,Thailand,1984,6.6832,69.8,2.582,49351708
tha,Thailand,1985,6.7256,70.8,2.45,50270753
tha,Thailand,1986,6.7682,71.5,2.358,51177834
tha,Thailand,1987,6.8112,71.7,2.255,52074105
tha,Thailand,1988,6.8544,71.8,2.171,52969595
tha,Thailand,1989,7.2482,71.8,2.136,53848956
tha,Thailand,1990,7.6647,71.9,2.065,54738329
tha,Thailand,1991,8.4092,71.8,2.036,55637434
tha,Thailand,1992,9.2261,71.6,2.008,56528834
tha,Thailand,1993,9.4602,71.4,1.967,57408198
tha,Thailand,1994,9.7002,70.9,1.928,58260854
tha,Thailand,1995,10.1079,70.6,1.888,59098232
tha,Thailand,1996,10.5329,71.2,1.865,59920064
tha,Thailand,1997,10.5318,72.4,1.845,60724584
tha,Thailand,1998,10.5307,72.3,1.815,61522630
tha,Thailand,1999,10.0644,71.3,1.768,62299043
tha,Thailand,2000,9.9285,71,1.734,63007815
tha,Thailand,2001,10.5565,71.2,1.711,63651141
tha,Thailand,2002,11.2242,71.4,1.688,64266437
tha,Thailand,2003,11.924,71.8,1.673,64868166
tha,Thailand,2004,12.6675,71.7,1.665,65452047
tha,Thailand,2005,13.4114,72.5,1.644,66017420
tha,Thailand,2006,14.1989,73.2,1.631,66567687
tha,Thailand,2007,14.1475,73.7,1.616,67102394
tha,Thailand,2008,14.9512,74.3,1.587,67619830
tha,Thailand,2009,15.4635,74.9,1.565,68121080
tha,Thailand,2010,15.9566,75.1,1.562,68579447
tha,Thailand,2011,16.196,75.5,1.571,69007208
tha,Thailand,2012,17.4599,75.9,1.563,69436098
tha,Thailand,2013,17.7373,76.2,1.526,69845114
tha,Thailand,2014,17.7066,76.4,1.484,70216367
tha,Thailand,2015,18.5337,76.6,1.451,70540795
tha,Thailand,2016,18.4658,76.7,1.4,70859841
tha,Thailand,2017,18.7744,77.4,1.363,71160187
tha,Thailand,2018,18.5345,77.8,1.323,71376079
tha,Thailand,2019,18.594,77.7,1.285,71522271
tha,Thailand,2020,18.9941,77.8,1.259,71641484
tha,Thailand,2021,19.1926,76.8,1.234,71727332
tha,Thailand,2022,19.5596,76.5,1.221,71735329
tha,Thailand,2023,20.2537,77.5,1.212,71702435
tha,Thailand,2024,20.7753,77.7,1.204,71668011
tjk,Tajikistan,1960,8.4169,54.2,6.235,2112131
tjk,Tajikistan,1961,8.6767,54.8,6.353,2181805
tjk,Tajikistan,1962,8.7015,55.5,6.479,2255026
tjk,Tajikistan,1963,8.312,56.1,6.62,2331736
tjk,Tajikistan,1964,9.1868,56.7,6.68,2411260
tjk,Tajikistan,1965,9.5152,57.4,6.743,2492998
tjk,Tajikistan,1966,9.7871,58,6.815,2577184
tjk,Tajikistan,1967,10.0315,58.7,6.886,2664130
tjk,Tajikistan,1968,10.4314,59.3,6.912,2753848
tjk,Tajikistan,1969,10.3953,59.9,6.911,2845273
tjk,Tajikistan,1970,11.0013,60.5,6.911,2936779
tjk,Tajikistan,1971,11.0919,61,6.911,3028837
tjk,Tajikistan,1972,10.9508,61.6,6.893,3123691
tjk,Tajikistan,1973,11.6619,62.1,6.841,3222290
tjk,Tajikistan,1974,11.3814,62.7,6.772,3324499
tjk,Tajikistan,1975,11.1076,63.2,6.692,3430425
tjk,Tajikistan,1976,10.8404,63.6,6.601,3540076
tjk,Tajikistan,1977,10.5797,64.1,6.494,3653265
tjk,Tajikistan,1978,10.3252,64.6,6.4,3768508
tjk,Tajikistan,1979,10.0769,65,6.311,3882691
tjk,Tajikistan,1980,9.8345,65.3,6.212,3995256
tjk,Tajikistan,1981,9.5634,65.5,6.117,4109022
tjk,Tajikistan,1982,9.2952,65.6,6.034,4227171
tjk,Tajikistan,1983,9.3206,65.6,5.981,4350874
tjk,Tajikistan,1984,9.1333,65.8,5.956,4480026
tjk,Tajikistan,1985,8.9031,66.2,5.944,4619003
tjk,Tajikistan,1986,8.7743,66.5,5.906,4772139
tjk,Tajikistan,1987,8.2632,66.6,5.839,4939059
tjk,Tajikistan,1988,8.9866,66.6,5.754,5114989
tjk,Tajikistan,1989,8.036,66.6,5.609,5267249
tjk,Tajikistan,1990,7.7309,66.5,5.456,5398768
tjk,Tajikistan,1991,6.9208,66,5.276,5541205
tjk,Tajikistan,1992,4.732,63,5.056,5649400
tjk,Tajikistan,1993,3.9407,58.1,4.921,5724993
tjk,Tajikistan,1994,3.0325,64,4.792,5825368
tjk,Tajikistan,1995,2.5892,64.4,4.664,5948584
tjk,Tajikistan,1996,2.16,64.3,3.94,6066523
tjk,Tajikistan,1997,2.1488,66.4,4.06,6139829
tjk,Tajikistan,1998,2.2228,66.9,4.07,6176397
tjk,Tajikistan,1999,2.2715,67.7,3.85,6208370
tjk,Tajikistan,2000,2.5035,68.1,3.49,6284735
tjk,Tajikistan,2001,2.7592,68.2,3.49,6407377
tjk,Tajikistan,2002,3.0411,68.5,3.47,6531669
tjk,Tajikistan,2003,3.3517,68.7,3.42,6658575
tjk,Tajikistan,2004,4.4393,69.1,3.507,6790547
tjk,Tajikistan,2005,4.631,69.6,3.398,6924720
tjk,Tajikistan,2006,4.831,70.1,3.341,7057566
tjk,Tajikistan,2007,5.0397,70.6,3.367,7194477
tjk,Tajikistan,2008,5.4701,71.1,3.388,7338403
tjk,Tajikistan,2009,5.9374,71.4,3.43,7490230
tjk,Tajikistan,2010,6.0956,71.7,3.457,7652141
tjk,Tajikistan,2011,6.2581,72,3.456,7824785
tjk,Tajikistan,2012,6.425,72.4,3.421,8014084
tjk,Tajikistan,2013,6.5962,72.8,3.433,8216724
tjk,Tajikistan,2014,6.7721,72.9,3.459,8425552
tjk,Tajikistan,2015,6.9526,72.7,3.459,8643840
tjk,Tajikistan,2016,7.2464,72.6,3.384,8865631
tjk,Tajikistan,2017,7.5727,72.9,3.29,9085946
tjk,Tajikistan,2018,7.9544,73.3,3.294,9307333
tjk,Tajikistan,2019,8.3435,73.3,3.281,9529966
tjk,Tajikistan,2020,8.5146,71.9,3.211,9749310
tjk,Tajikistan,2021,9.1116,70.8,3.17,9966908
tjk,Tajikistan,2022,9.6325,71.3,3.127,10182222
tjk,Tajikistan,2023,10.2235,71.8,3.072,10389799
tjk,Tajikistan,2024,10.8718,71.9,3.036,10590927
tkm,Turkmenistan,1960,8.2392,56.7,6.59,1643457
tkm,Turkmenistan,1961,8.5723,57.4,6.689,1695400
tkm,Turkmenistan,1962,8.6775,58,6.756,1749214
tkm,Turkmenistan,1963,8.3673,58.5,6.788,1804272
tkm,Turkmenistan,1964,9.336,59.2,6.787,1859997
tkm,Turkmenistan,1965,9.7636,59.8,6.756,1915916
tkm,Turkmenistan,1966,10.1391,60.3,6.703,1971737
tkm,Turkmenistan,1967,10.4923,60.8,6.635,2027403
tkm,Turkmenistan,1968,11.0144,61.2,6.56,2083069
tkm,Turkmenistan,1969,11.0807,61.5,6.482,2139024
tkm,Turkmenistan,1970,11.8422,61.8,6.404,2195616
tkm,Turkmenistan,1971,12.0564,62,6.323,2253119
tkm,Turkmenistan,1972,12.0216,62.1,6.2,2311430
tkm,Turkmenistan,1973,12.927,62.3,6.152,2370919
tkm,Turkmenistan,1974,12.6955,62.5,6.087,2432028
tkm,Turkmenistan,1975,12.4682,62.6,6.004,2494570
tkm,Turkmenistan,1976,12.2449,62.8,5.901,2558521
tkm,Turkmenistan,1977,12.0257,63,5.77,2623948
tkm,Turkmenistan,1978,11.8103,63.2,5.61,2691088
tkm,Turkmenistan,1979,11.5988,63.4,5.457,2760358
tkm,Turkmenistan,1980,11.3912,63.6,5.303,2832203
tkm,Turkmenistan,1981,11.2316,63.9,5.162,2907187
tkm,Turkmenistan,1982,11.082,64.2,5.042,2985557
tkm,Turkmenistan,1983,11.0183,64.4,4.967,3067534
tkm,Turkmenistan,1984,10.6493,64.6,4.964,3154079
tkm,Turkmenistan,1985,10.4369,64.7,4.966,3247534
tkm,Turkmenistan,1986,10.4708,64.9,4.936,3347809
tkm,Turkmenistan,1987,10.4575,65.2,4.842,3452731
tkm,Turkmenistan,1988,11.1484,65.5,4.675,3559363
tkm,Turkmenistan,1989,9.9932,65.8,4.463,3662459
tkm,Turkmenistan,1990,9.7954,66,4.288,3760562
tkm,Turkmenistan,1991,9.1464,65.7,4.145,3855894
tkm,Turkmenistan,1992,7.6257,65.4,3.957,3944689
tkm,Turkmenistan,1993,7.5913,64.9,3.778,4032407
tkm,Turkmenistan,1994,6.1638,64.7,3.623,4116662
tkm,Turkmenistan,1995,5.6297,64.6,3.491,4191203
tkm,Turkmenistan,1996,5.7603,64.6,3.292,4263819
tkm,Turkmenistan,1997,5.039,64.9,3.18,4336730
tkm,Turkmenistan,1998,5.3213,65.4,3.075,4410507
tkm,Turkmenistan,1999,6.1064,66.1,2.976,4492170
tkm,Turkmenistan,2000,6.4405,66.5,2.9,4582677
tkm,Turkmenistan,2001,6.7165,66.8,2.814,4675409
tkm,Turkmenistan,2002,6.7009,66.8,2.71,4769465
tkm,Turkmenistan,2003,6.8445,66.8,2.667,4863865
tkm,Turkmenistan,2004,7.0593,66.9,2.674,4958093
tkm,Turkmenistan,2005,7.7671,67.1,2.706,5052257
tkm,Turkmenistan,2006,8.3874,67.4,2.724,5147105
tkm,Turkmenistan,2007,9.0592,67.7,2.734,5244046
tkm,Turkmenistan,2008,10.0964,68.3,2.75,5345029
tkm,Turkmenistan,2009,10.3959,69,2.794,5451592
tkm,Turkmenistan,2010,11.0027,69.4,2.848,5564356
tkm,Turkmenistan,2011,12.3557,69.6,2.9,5683417
tkm,Turkmenistan,2012,13.4315,69.6,2.955,5808546
tkm,Turkmenistan,2013,14.4755,69.6,3.007,5939341
tkm,Turkmenistan,2014,15.6092,69.5,3.023,6075283
tkm,Turkmenistan,2015,16.2481,69.5,3.033,6215770
tkm,Turkmenistan,2016,16.8641,69.6,2.99,6360041
tkm,Turkmenistan,2017,17.5545,69.7,2.934,6507061
tkm,Turkmenistan,2018,18.227,69.9,2.875,6655524
tkm,Turkmenistan,2019,18.9526,70.2,2.834,6803944
tkm,Turkmenistan,2020,19.6493,69.1,2.793,6949912
tkm,Turkmenistan,2021,20.4493,68.7,2.754,7092043
tkm,Turkmenistan,2022,21.3022,70.5,2.728,7230193
tkm,Turkmenistan,2023,22.2315,71.1,2.69,7364438
tkm,Turkmenistan,2024,22.3403,71.2,2.661,7494498
tls,Timor-Leste,1960,0.7155,41.2,6.319,468118
tls,Timor-Leste,1961,0.7433,41.6,6.273,475291
tls,Timor-Leste,1962,0.7726,42,6.218,482774
tls,Timor-Leste,1963,0.7995,42.5,6.155,490564
tls,Timor-Leste,1964,0.8279,42.9,6.084,498659
tls,Timor-Leste,1965,0.855,43.4,6.008,507034
tls,Timor-Leste,1966,0.8826,43.9,5.932,515696
tls,Timor-Leste,1967,0.9089,44.5,5.858,524648
tls,Timor-Leste,1968,0.9366,45,5.788,533875
tls,Timor-Leste,1969,0.962,45.6,5.722,543356
tls,Timor-Leste,1970,0.9871,46.1,5.655,553069
tls,Timor-Leste,1971,1.0136,46.7,5.58,562966
tls,Timor-Leste,1972,1.0388,47.2,5.492,572962
tls,Timor-Leste,1973,1.0645,47.8,5.392,582855
tls,Timor-Leste,1974,1.1133,48.3,5.287,590827
tls,Timor-Leste,1975,1.1632,43.7,5.19,598158
tls,Timor-Leste,1976,1.2142,45.7,5.119,607620
tls,Timor-Leste,1977,1.267,46.2,5.085,618315
tls,Timor-Leste,1978,1.3227,46,5.094,628775
tls,Timor-Leste,1979,1.3783,45.8,5.142,638719
tls,Timor-Leste,1980,1.4349,48.8,5.219,649871
tls,Timor-Leste,1981,1.4941,50.4,5.525,660493
tls,Timor-Leste,1982,1.5559,51.4,5.555,669149
tls,Timor-Leste,1983,1.6184,52,5.586,677707
tls,Timor-Leste,1984,1.6817,53.3,5.614,686777
tls,Timor-Leste,1985,1.7466,54.1,5.65,696665
tls,Timor-Leste,1986,1.8156,54.9,5.672,707185
tls,Timor-Leste,1987,1.8843,55.8,5.682,718476
tls,Timor-Leste,1988,1.9536,56.3,5.716,730745
tls,Timor-Leste,1989,2.0277,56.6,5.762,744856
tls,Timor-Leste,1990,2.1006,57.4,5.811,760345
tls,Timor-Leste,1991,2.2515,57.6,5.835,778278
tls,Timor-Leste,1992,2.3993,58.3,5.867,799318
tls,Timor-Leste,1993,2.5523,58.6,5.879,821437
tls,Timor-Leste,1994,2.6595,59.5,5.912,844493
tls,Timor-Leste,1995,2.766,59.9,5.936,868146
tls,Timor-Leste,1996,2.9173,61.6,5.941,892282
tls,Timor-Leste,1997,2.9522,61,5.955,917184
tls,Timor-Leste,1998,2.812,61.5,5.963,942530
tls,Timor-Leste,1999,1.9945,56.7,5.97,834697
tls,Timor-Leste,2000,3.3,63.6,5.934,745088
tls,Timor-Leste,2001,3.5168,64.1,5.918,812249
tls,Timor-Leste,2002,3.4421,64.8,5.899,879159
tls,Timor-Leste,2003,3.369,65.4,5.846,916878
tls,Timor-Leste,2004,3.2974,66.3,5.741,929074
tls,Timor-Leste,2005,3.2274,66.6,5.611,948311
tls,Timor-Leste,2006,3.1589,67,5.474,976597
tls,Timor-Leste,2007,3.0918,67.5,5.333,1004889
tls,Timor-Leste,2008,3.1827,68.1,5.171,1032429
tls,Timor-Leste,2009,3.2763,68.3,4.994,1058782
tls,Timor-Leste,2010,3.3726,68.5,4.816,1084679
tls,Timor-Leste,2011,3.4718,68.4,4.614,1110207
tls,Timor-Leste,2012,3.5739,68.4,4.404,1134885
tls,Timor-Leste,2013,3.679,68.6,4.208,1158695
tls,Timor-Leste,2014,3.7871,68.8,3.999,1181903
tls,Timor-Leste,2015,3.8063,68.9,3.779,1205131
tls,Timor-Leste,2016,3.8468,69,3.582,1228312
tls,Timor-Leste,2017,3.6548,69.1,3.399,1251703
tls,Timor-Leste,2018,3.5853,69.1,3.244,1275959
tls,Timor-Leste,2019,4.3398,69.3,3.116,1300945
tls,Timor-Leste,2020,5.6184,69.3,3.011,1326053
tls,Timor-Leste,2021,5.8115,69.1,2.892,1350139
tls,Timor-Leste,2022,4.5531,69.7,2.801,1369295
tls,Timor-Leste,2023,3.6875,69.9,2.707,1384286
tls,Timor-Leste,2024,3.5647,70.11,2.627,1400638
ton,Tonga,1960,3.4544,61.3,6.651,66170
ton,Tonga,1961,3.4502,61.6,6.61,68037
ton,Tonga,1962,3.4456,61.9,6.571,69940
ton,Tonga,1963,3.4406,62.2,6.517,71885
ton,Tonga,1964,3.4352,62.5,6.464,73879
ton,Tonga,1965,3.4315,62.8,6.408,75924
ton,Tonga,1966,3.4274,63.1,6.349,78002
ton,Tonga,1967,3.423,63.3,6.293,79814
ton,Tonga,1968,3.4181,63.6,6.226,81353
ton,Tonga,1969,3.4128,63.8,6.166,82885
ton,Tonga,1970,3.4112,64,6.071,84401
ton,Tonga,1971,3.4051,64.3,5.958,85896
ton,Tonga,1972,3.4007,64.5,5.862,87356
ton,Tonga,1973,3.3958,64.6,5.801,88805
ton,Tonga,1974,3.4964,64.9,5.765,90683
ton,Tonga,1975,3.566,65.1,5.746,93017
ton,Tonga,1976,3.5431,65.3,5.726,95325
ton,Tonga,1977,3.6313,65.5,5.699,96725
ton,Tonga,1978,3.6053,65.8,5.684,97204
ton,Tonga,1979,3.5865,66.1,5.647,97544
ton,Tonga,1980,4.0839,66.5,5.599,97769
ton,Tonga,1981,4.8388,66.9,5.554,97909
ton,Tonga,1982,5.6357,67.3,5.497,97980
ton,Tonga,1983,6.0279,67.9,5.45,97998
ton,Tonga,1984,7.7029,68.5,5.407,97990
ton,Tonga,1985,8.327,69.1,5.344,97984
ton,Tonga,1986,8.9696,69.6,5.273,98010
ton,Tonga,1987,9.2502,70,5.192,98376
ton,Tonga,1988,9.1053,70.2,5.103,98969
ton,Tonga,1989,9.3507,70.4,5.006,99403
ton,Tonga,1990,9.7784,70.6,4.929,99700
ton,Tonga,1991,10.3768,70.7,4.852,99895
ton,Tonga,1992,10.3792,70.8,4.787,100022
ton,Tonga,1993,10.747,70.9,4.726,100103
ton,Tonga,1994,11.2588,70.9,4.658,100166
ton,Tonga,1995,11.877,71.1,4.563,100225
ton,Tonga,1996,11.868,71.1,4.455,100275
ton,Tonga,1997,11.7558,71.1,4.378,100674
ton,Tonga,1998,11.9489,71.1,4.309,101388
ton,Tonga,1999,12.1704,71.1,4.228,102046
ton,Tonga,2000,12.5344,71.2,4.159,102677
ton,Tonga,2001,12.4395,71.3,4.127,103288
ton,Tonga,2002,12.3453,71.4,4.138,103874
ton,Tonga,2003,12.2519,71.4,4.175,104464
ton,Tonga,2004,12.1591,71.5,4.186,105071
ton,Tonga,2005,12.0671,71.6,4.195,105671
ton,Tonga,2006,11.9757,71.7,4.141,106253
ton,Tonga,2007,11.885,71.7,4.086,106726
ton,Tonga,2008,11.7951,71.7,4.012,107020
ton,Tonga,2009,11.7058,69.1,3.946,107203
ton,Tonga,2010,11.2724,71.7,3.879,107400
ton,Tonga,2011,10.8552,71.7,3.829,107570
ton,Tonga,2012,10.4533,71.7,3.768,107460
ton,Tonga,2013,10.0664,71.7,3.696,107078
ton,Tonga,2014,9.6937,71.8,3.619,106609
ton,Tonga,2015,9.3349,71.9,3.54,106095
ton,Tonga,2016,9.8133,71.9,3.463,105524
ton,Tonga,2017,10.3162,72,3.388,105356
ton,Tonga,2018,10.8449,72.1,3.326,105567
ton,Tonga,2019,11.4007,72.2,3.274,105669
ton,Tonga,2020,11.985,71.6,3.234,105704
ton,Tonga,2021,12.5992,69.6,3.198,105490
ton,Tonga,2022,12.3607,71.4,3.171,105042
ton,Tonga,2023,12.672,71.7,3.129,104597
ton,Tonga,2024,13.2805,71.9,3.1,104175
tto,Trinidad and Tobago,1960,17.6941,63.6,5.405,844943
tto,Trinidad and Tobago,1961,18.3416,63.9,5.405,863144
tto,Trinidad and Tobago,1962,18.3719,64.2,5.358,880194
tto,Trinidad and Tobago,1963,18.5603,64.3,5.242,896804
tto,Trinidad and Tobago,1964,18.8773,64.5,5.081,912963
tto,Trinidad and Tobago,1965,19.0583,64.6,4.88,928425
tto,Trinidad and Tobago,1966,19.5233,64.7,4.62,942937
tto,Trinidad and Tobago,1967,19.5442,64.8,4.35,956418
tto,Trinidad and Tobago,1968,20.2574,64.9,4.106,969006
tto,Trinidad and Tobago,1969,20.5805,65,3.856,980706
tto,Trinidad and Tobago,1970,21.235,65.1,3.709,991471
tto,Trinidad and Tobago,1971,21.0222,65.2,3.612,1002585
tto,Trinidad and Tobago,1972,21.6837,65.4,3.551,1014921
tto,Trinidad and Tobago,1973,21.5281,65.6,3.466,1027851
tto,Trinidad and Tobago,1974,21.9762,66,3.319,1040761
tto,Trinidad and Tobago,1975,21.7923,66.3,3.214,1053469
tto,Trinidad and Tobago,1976,22.9127,66.6,3.138,1066311
tto,Trinidad and Tobago,1977,24.0216,66.9,3.121,1079554
tto,Trinidad and Tobago,1978,25.9079,67.2,3.129,1093380
tto,Trinidad and Tobago,1979,26.2289,67.4,3.126,1107639
tto,Trinidad and Tobago,1980,27.892,67.7,3.145,1121744
tto,Trinidad and Tobago,1981,29.8998,67.8,3.133,1135132
tto,Trinidad and Tobago,1982,30.096,68,3.108,1147927
tto,Trinidad and Tobago,1983,27.228,68.1,3.07,1160534
tto,Trinidad and Tobago,1984,26.7524,68.2,3.017,1172984
tto,Trinidad and Tobago,1985,25.5531,68.4,2.988,1187366
tto,Trinidad and Tobago,1986,24.5039,68.6,2.903,1203124
tto,Trinidad and Tobago,1987,23.311,68.8,2.775,1217364
tto,Trinidad and Tobago,1988,22.5521,68.9,2.646,1230069
tto,Trinidad and Tobago,1989,20.6407,69,2.526,1241600
tto,Trinidad and Tobago,1990,18.8913,69,2.394,1252208
tto,Trinidad and Tobago,1991,17.2901,69.1,2.29,1262171
tto,Trinidad and Tobago,1992,15.8247,69.1,2.213,1271674
tto,Trinidad and Tobago,1993,15.4618,69.1,2.129,1280466
tto,Trinidad and Tobago,1994,15.6301,69,2.064,1288341
tto,Trinidad and Tobago,1995,16.1751,69.1,1.967,1295169
tto,Trinidad and Tobago,1996,17.1473,69,1.894,1300928
tto,Trinidad and Tobago,1997,18.26,69.1,1.831,1305836
tto,Trinidad and Tobago,1998,19.5656,69.2,1.784,1310225
tto,Trinidad and Tobago,1999,20.9509,69.3,1.76,1314708
tto,Trinidad and Tobago,2000,22.1979,69.6,1.732,1319774
tto,Trinidad and Tobago,2001,22.9123,69.9,1.705,1325567
tto,Trinidad and Tobago,2002,24.5014,70.3,1.672,1332011
tto,Trinidad and Tobago,2003,27.7818,70.5,1.648,1338709
tto,Trinidad and Tobago,2004,29.7206,70.9,1.627,1345380
tto,Trinidad and Tobago,2005,32.578,71.3,1.625,1352034
tto,Trinidad and Tobago,2006,36.6647,71.7,1.624,1358698
tto,Trinidad and Tobago,2007,38.143,72.1,1.622,1365377
tto,Trinidad and Tobago,2008,39.1707,72.4,1.617,1372084
tto,Trinidad and Tobago,2009,37.3166,72.8,1.618,1379056
tto,Trinidad and Tobago,2010,38.2547,73.1,1.614,1386654
tto,Trinidad and Tobago,2011,37.8462,73.5,1.611,1394983
tto,Trinidad and Tobago,2012,40.1686,73.8,1.609,1403809
tto,Trinidad and Tobago,2013,41.3461,73.9,1.603,1412653
tto,Trinidad and Tobago,2014,42.7214,73.9,1.602,1421131
tto,Trinidad and Tobago,2015,42.344,73.8,1.598,1429188
tto,Trinidad and Tobago,2016,39.0867,73.7,1.601,1437026
tto,Trinidad and Tobago,2017,37.1282,73.7,1.594,1445261
tto,Trinidad and Tobago,2018,36.693,73.8,1.588,1470518
tto,Trinidad and Tobago,2019,36.7366,73.7,1.578,1484894
tto,Trinidad and Tobago,2020,33.3989,72.8,1.572,1481024
tto,Trinidad and Tobago,2021,33.0742,69.5,1.559,1487717
tto,Trinidad and Tobago,2022,33.475,71.5,1.544,1495921
tto,Trinidad and Tobago,2023,33.9104,73.2,1.532,1502932
tto,Trinidad and Tobago,2024,34.4494,73.3,1.536,1507782
tun,Tunisia,1960,3.0665,49.1,7.157,4267288
tun,Tunisia,1961,3.1989,49.6,7.159,4316278
tun,Tunisia,1962,3.0832,50.2,7.168,4369136
tun,Tunisia,1963,3.4081,50.9,7.17,4427131
tun,Tunisia,1964,3.4446,51.5,7.166,4489869
tun,Tunisia,1965,3.5215,52.2,7.113,4561385
tun,Tunisia,1966,3.4985,52.9,7.055,4652287
tun,Tunisia,1967,3.3706,53.6,6.952,4760970
tun,Tunisia,1968,3.5849,54.4,6.806,4879899
tun,Tunisia,1969,3.6128,54.9,6.623,5004697
tun,Tunisia,1970,4.061,55.9,6.426,5131396
tun,Tunisia,1971,4.3619,56.7,6.29,5261658
tun,Tunisia,1972,4.9968,57.6,6.187,5396557
tun,Tunisia,1973,4.8233,58.4,6.12,5537242
tun,Tunisia,1974,5.0602,59.3,6.048,5684674
tun,Tunisia,1975,5.258,60.1,5.972,5839262
tun,Tunisia,1976,5.4995,60.9,5.873,5996994
tun,Tunisia,1977,5.5192,61.7,5.681,6155931
tun,Tunisia,1978,5.7077,62.4,5.401,6309390
tun,Tunisia,1979,5.9009,63.2,5.184,6456419
tun,Tunisia,1980,6.1387,63.7,5.033,6606195
tun,Tunisia,1981,6.6085,64.6,5.023,6758284
tun,Tunisia,1982,6.6334,65.2,4.89,6908642
tun,Tunisia,1983,6.9284,65.9,4.771,7053800
tun,Tunisia,1984,7.2819,66.5,4.664,7220044
tun,Tunisia,1985,7.5981,67.1,4.521,7409903
tun,Tunisia,1986,7.7097,67.6,4.361,7600301
tun,Tunisia,1987,7.8229,68,4.104,7789987
tun,Tunisia,1988,7.9378,68.4,3.833,7974440
tun,Tunisia,1989,8.0544,68.7,3.569,8151660
tun,Tunisia,1990,8.1727,69,3.441,8324509
tun,Tunisia,1991,8.2033,69.2,3.31,8501827
tun,Tunisia,1992,8.234,69.5,3.189,8682512
tun,Tunisia,1993,8.2648,69.8,3.058,8857910
tun,Tunisia,1994,8.2958,70.1,2.874,9018448
tun,Tunisia,1995,8.3269,70.3,2.67,9161258
tun,Tunisia,1996,8.6116,70.5,2.488,9294432
tun,Tunisia,1997,8.9061,70.8,2.338,9421270
tun,Tunisia,1998,9.2107,71,2.197,9541667
tun,Tunisia,1999,9.5257,71.2,2.082,9655963
tun,Tunisia,2000,9.8515,71.5,2.025,9764935
tun,Tunisia,2001,10.0436,71.7,1.975,9869677
tun,Tunisia,2002,10.2395,72,1.941,9971515
tun,Tunisia,2003,10.4392,72.2,1.956,10071632
tun,Tunisia,2004,10.6429,72.5,1.95,10166163
tun,Tunisia,2005,10.8504,72.7,1.953,10255472
tun,Tunisia,2006,11.4127,72.9,1.952,10346410
tun,Tunisia,2007,12.0042,73.1,1.957,10441702
tun,Tunisia,2008,12.6263,73.4,1.975,10542635
tun,Tunisia,2009,13.2806,73.6,2.004,10650681
tun,Tunisia,2010,13.9689,73.8,2.075,10765980
tun,Tunisia,2011,14.1647,74,2.189,10886035
tun,Tunisia,2012,14.3632,74.3,2.277,11009647
tun,Tunisia,2013,14.5646,74.5,2.31,11141361
tun,Tunisia,2014,14.7687,74.7,2.316,11274288
tun,Tunisia,2015,14.9758,74.9,2.306,11402264
tun,Tunisia,2016,15.1246,75.1,2.275,11528674
tun,Tunisia,2017,15.2748,75.3,2.205,11650498
tun,Tunisia,2018,15.4266,75.5,2.133,11765514
tun,Tunisia,2019,15.5799,75.8,2.1,11875081
tun,Tunisia,2020,15.7347,72.7,2,11974057
tun,Tunisia,2021,15.891,70.4,1.8,12048622
tun,Tunisia,2022,16.2206,74.9,1.847,12119334
tun,Tunisia,2023,16.1191,75.6,1.832,12200431
tun,Tunisia,2024,16.2348,75.8,1.818,12277109
tur,Turkey,1960,3.8787,53.6,6.383,28329898
tur,Turkey,1961,3.8426,54.2,6.419,29119238
tur,Turkey,1962,3.9814,54.8,6.382,29916147
tur,Turkey,1963,4.2611,55.4,6.339,30726841
tur,Turkey,1964,4.3444,56.1,6.291,31543072
tur,Turkey,1965,4.3634,56.7,6.22,32345220
tur,Turkey,1966,4.7805,57.2,6.152,33177672
tur,Turkey,1967,4.8824,58,6.057,34050421
tur,Turkey,1968,5.0997,58.6,5.962,34921684
tur,Turkey,1969,5.2562,59.2,5.872,35787774
tur,Turkey,1970,5.3973,59.8,5.775,36638465
tur,Turkey,1971,5.6733,60.4,5.671,37518611
tur,Turkey,1972,5.9225,60.9,5.548,38430221
tur,Turkey,1973,6.0051,61.3,5.41,39329533
tur,Turkey,1974,6.2617,61.7,5.243,40210234
tur,Turkey,1975,6.5997,61.9,5.087,41053126
tur,Turkey,1976,7.0622,62.2,4.931,41899984
tur,Turkey,1977,7.1648,62.7,4.784,42773298
tur,Turkey,1978,7.1494,63,4.691,43645306
tur,Turkey,1979,6.9353,63,4.579,44510429
tur,Turkey,1980,6.6595,63.1,4.453,45408815
tur,Turkey,1981,7.1348,63.5,4.351,46321190
tur,Turkey,1982,7.5059,64.3,4.205,47322096
tur,Turkey,1983,7.8289,65.1,4.056,48447410
tur,Turkey,1984,8.3287,65.8,3.911,49574069
tur,Turkey,1985,8.6991,66.6,3.779,50687115
tur,Turkey,1986,9.2409,67.4,3.658,51777772
tur,Turkey,1987,10.1023,67.9,3.542,52843670
tur,Turkey,1988,10.1343,68.1,3.445,53909626
tur,Turkey,1989,10.1664,67.9,3.336,54976723
tur,Turkey,1990,10.1987,68.1,3.107,56015628
tur,Turkey,1991,10.231,68.4,3.003,57009887
tur,Turkey,1992,10.2635,68.6,2.939,57990118
tur,Turkey,1993,10.2961,68.8,2.916,58999167
tur,Turkey,1994,10.3287,69,2.874,60033836
tur,Turkey,1995,10.4315,69.3,2.835,61024503
tur,Turkey,1996,10.5353,69.9,2.779,61951134
tur,Turkey,1997,10.6401,70.4,2.744,62852966
tur,Turkey,1998,10.746,70.9,2.707,63734383
tur,Turkey,1999,10.8529,70.9,2.63,64591923
tur,Turkey,2000,10.9609,72.2,2.487,65425961
tur,Turkey,2001,11.07,72.9,2.392,66245128
tur,Turkey,2002,11.1801,73.5,2.268,67048795
tur,Turkey,2003,10.6282,73.9,2.202,67831730
tur,Turkey,2004,13.0612,74.4,2.197,68592617
tur,Turkey,2005,13.8848,74.6,2.197,69329557
tur,Turkey,2006,13.9533,74.7,2.193,70045349
tur,Turkey,2007,14.7125,75,2.16,70750586
tur,Turkey,2008,16.2764,75.8,2.15,71562338
tur,Turkey,2009,16.1058,76.9,2.1,72464848
tur,Turkey,2010,16.3785,77.3,2.08,73346769
tur,Turkey,2011,17.9168,77.2,2.05,74215203
tur,Turkey,2012,18.6084,77.2,2.11,75197198
tur,Turkey,2013,19.3649,76.8,2.11,76403031
tur,Turkey,2014,20.2248,76.5,2.19,78036154
tur,Turkey,2015,20.2621,76.4,2.16,80014226
tur,Turkey,2016,21.2482,76.3,2.11,81652088
tur,Turkey,2017,45.3208,76.7,2.08,83083662
tur,Turkey,2018,46.2304,77.1,2,84415969
tur,Turkey,2019,46.4169,77.4,1.89,85357672
tur,Turkey,2020,24.7676,76.2,1.77,86091692
tur,Turkey,2021,27.1651,75.4,1.71,86686253
tur,Turkey,2022,28.9386,76.9,1.63,87058473
tur,Turkey,2023,30.2943,76.1,1.51,87270501
tur,Turkey,2024,31.1885,76.3,1.48,87473805
tuv,Tuvalu,1960,5.4144,49.5,5.146,5598
tuv,Tuvalu,1961,5.465,49.8,5.089,5648
tuv,Tuvalu,1962,5.512,50.2,5.004,5699
tuv,Tuvalu,1963,5.5659,50.5,4.914,5751
tuv,Tuvalu,1964,5.6162,50.9,4.826,5752
tuv,Tuvalu,1965,5.6663,51.3,4.726,5715
tuv,Tuvalu,1966,5.7164,51.6,4.637,5686
tuv,Tuvalu,1967,5.7665,52,4.494,5652
tuv,Tuvalu,1968,5.8164,52.3,4.361,5624
tuv,Tuvalu,1969,5.8731,52.7,4.227,5631
tuv,Tuvalu,1970,5.9228,53.1,4.081,5663
tuv,Tuvalu,1971,5.9896,53.4,3.944,5685
tuv,Tuvalu,1972,5.9843,52.3,3.806,5692
tuv,Tuvalu,1973,7.9298,54.1,3.712,5681
tuv,Tuvalu,1974,9.0512,54.4,3.633,5822
tuv,Tuvalu,1975,8.9681,54.6,3.578,6117
tuv,Tuvalu,1976,8.9158,54.9,3.554,6404
tuv,Tuvalu,1977,9.0546,55.1,3.555,6686
tuv,Tuvalu,1978,9.4759,55.4,3.59,6957
tuv,Tuvalu,1979,9.5833,55.6,3.645,7184
tuv,Tuvalu,1980,8.7892,55.8,3.73,7366
tuv,Tuvalu,1981,8.0644,56.1,3.804,7526
tuv,Tuvalu,1982,6.4071,56.4,3.877,7664
tuv,Tuvalu,1983,6.2861,56.7,3.912,7789
tuv,Tuvalu,1984,6.6398,57.1,3.946,7902
tuv,Tuvalu,1985,6.4003,57.5,3.973,8046
tuv,Tuvalu,1986,6.2526,57.9,3.973,8217
tuv,Tuvalu,1987,6.7474,58.4,3.941,8371
tuv,Tuvalu,1988,7.3122,58.9,3.881,8518
tuv,Tuvalu,1989,7.0459,59.3,3.797,8662
tuv,Tuvalu,1990,8.0141,59.7,3.75,8798
tuv,Tuvalu,1991,8.1798,60,3.789,8928
tuv,Tuvalu,1992,8.3046,60.3,3.86,9038
tuv,Tuvalu,1993,8.5553,60.5,3.922,9126
tuv,Tuvalu,1994,9.3492,60.7,3.923,9207
tuv,Tuvalu,1995,8.8077,60.9,3.963,9280
tuv,Tuvalu,1996,8.226,61,3.951,9342
tuv,Tuvalu,1997,8.9932,61.2,3.952,9400
tuv,Tuvalu,1998,10.3272,61.3,3.951,9451
tuv,Tuvalu,1999,10.11,61.5,3.919,9496
tuv,Tuvalu,2000,9.9484,58.4,3.841,9544
tuv,Tuvalu,2001,9.9058,61.8,3.749,9586
tuv,Tuvalu,2002,10.7637,62,3.637,9623
tuv,Tuvalu,2003,10.2122,62.2,3.579,9695
tuv,Tuvalu,2004,9.8514,62.3,3.553,9816
tuv,Tuvalu,2005,9.2697,62.4,3.546,9940
tuv,Tuvalu,2006,9.3713,62.6,3.525,10056
tuv,Tuvalu,2007,9.9007,62.7,3.446,10182
tuv,Tuvalu,2008,10.41,62.8,3.415,10321
tuv,Tuvalu,2009,9.6171,62.9,3.425,10461
tuv,Tuvalu,2010,9.2506,62.9,3.442,10614
tuv,Tuvalu,2011,9.7292,63,3.463,10780
tuv,Tuvalu,2012,9.3881,63,3.47,10934
tuv,Tuvalu,2013,9.7366,63,3.389,11001
tuv,Tuvalu,2014,9.7516,63.1,3.33,10984
tuv,Tuvalu,2015,10.7881,63.2,3.308,10963
tuv,Tuvalu,2016,11.4331,63.2,3.297,10930
tuv,Tuvalu,2017,11.7788,63.4,3.301,10869
tuv,Tuvalu,2018,12.0733,63.4,3.328,10751
tuv,Tuvalu,2019,13.9628,63.6,3.331,10581
tuv,Tuvalu,2020,13.5999,63.1,3.309,10399
tuv,Tuvalu,2021,14.1236,61.6,3.277,10194
tuv,Tuvalu,2022,14.5068,63.1,3.244,9992
tuv,Tuvalu,2023,15.3358,63.3,3.208,9816
tuv,Tuvalu,2024,16.6327,63.49,3.174,9646
tza,Tanzania,1960,1.4875,47.5,6.536,9901419
tza,Tanzania,1961,1.4096,47.7,6.562,10187886
tza,Tanzania,1962,1.4936,48,6.605,10487756
tza,Tanzania,1963,1.5189,48.2,6.647,10799528
tza,Tanzania,1964,1.6187,48.5,6.68,11127826
tza,Tanzania,1965,1.6262,48.8,6.727,11470728
tza,Tanzania,1966,1.7513,49.2,6.804,11827459
tza,Tanzania,1967,1.7744,49.5,6.864,12200109
tza,Tanzania,1968,1.8323,49.9,6.9,12602076
tza,Tanzania,1969,1.7974,50.3,6.954,13036700
tza,Tanzania,1970,1.8236,50.7,7.001,13492677
tza,Tanzania,1971,1.8387,51.1,7.044,13971451
tza,Tanzania,1972,1.8959,51.5,7.052,14479308
tza,Tanzania,1973,1.8902,51.9,7.062,15010101
tza,Tanzania,1974,1.8715,52.3,7.123,15561630
tza,Tanzania,1975,1.9111,52.7,7.101,16138361
tza,Tanzania,1976,1.9767,53.2,7.086,16736211
tza,Tanzania,1977,1.9421,53.6,7.072,17352929
tza,Tanzania,1978,1.9179,53.9,7.06,17976566
tza,Tanzania,1979,1.9015,54.5,7.043,18592038
tza,Tanzania,1980,1.8797,54.8,6.991,19189769
tza,Tanzania,1981,1.9155,55.1,6.93,19784703
tza,Tanzania,1982,1.9421,55.4,6.868,20398571
tza,Tanzania,1983,1.9542,55.6,6.805,21079874
tza,Tanzania,1984,2,55.8,6.715,21779066
tza,Tanzania,1985,2.0397,56,6.598,22501693
tza,Tanzania,1986,2.1206,56.1,6.488,23258959
tza,Tanzania,1987,2.2156,55.9,6.406,24030378
tza,Tanzania,1988,2.3052,55.7,6.379,24769686
tza,Tanzania,1989,2.3922,55.4,6.303,25438759
tza,Tanzania,1990,2.5373,55,6.201,26110207
tza,Tanzania,1991,2.5573,54.6,6.135,26780436
tza,Tanzania,1992,2.4605,53.9,6.078,27457588
tza,Tanzania,1993,2.3674,53.6,5.997,28332692
tza,Tanzania,1994,2.2778,53.2,5.894,29442356
tza,Tanzania,1995,2.1916,53,5.822,30383497
tza,Tanzania,1996,2.1087,52.8,5.826,30945762
tza,Tanzania,1997,2.0289,52.8,5.836,31578089
tza,Tanzania,1998,1.9521,53.1,5.811,32420458
tza,Tanzania,1999,1.8782,53.7,5.747,33300330
tza,Tanzania,2000,1.8071,54.3,5.67,34260139
tza,Tanzania,2001,1.9758,55,5.617,35198299
tza,Tanzania,2002,2.1602,55.5,5.57,36121304
tza,Tanzania,2003,2.3619,56.1,5.578,37089555
tza,Tanzania,2004,2.5824,56.8,5.597,38109668
tza,Tanzania,2005,2.8234,57.9,5.579,39182076
tza,Tanzania,2006,3.087,59.2,5.511,40294902
tza,Tanzania,2007,3.3752,60.6,5.403,41435512
tza,Tanzania,2008,3.5111,61.4,5.324,42570728
tza,Tanzania,2009,3.6526,61.9,5.26,43633982
tza,Tanzania,2010,3.7998,62.4,5.225,44758488
tza,Tanzania,2011,3.9529,62.8,5.141,46029367
tza,Tanzania,2012,3.9848,63.6,5.137,47374260
tza,Tanzania,2013,4.017,64.6,5.156,48824128
tza,Tanzania,2014,4.0495,65.4,5.122,50351512
tza,Tanzania,2015,4.0822,66,5.025,52020962
tza,Tanzania,2016,4.1151,66.5,5.006,53824013
tza,Tanzania,2017,4.1484,67.1,4.988,55652890
tza,Tanzania,2018,4.1819,67.7,4.932,57437145
tza,Tanzania,2019,4.2952,68.3,4.866,59174891
tza,Tanzania,2020,4.2523,67.2,4.801,60972798
tza,Tanzania,2021,4.3056,65.2,4.734,62830412
tza,Tanzania,2022,4.372,68.9,4.671,64711821
tza,Tanzania,2023,4.463,69.4,4.606,66617606
tza,Tanzania,2024,4.577,69.61,4.541,68560157
uga,Uganda,1960,3.1985,46.9,6.905,7640973
uga,Uganda,1961,3.0649,47,6.927,7862217
uga,Uganda,1962,3.0934,47.1,6.959,8092231
uga,Uganda,1963,3.3183,47.3,6.984,8333663
uga,Uganda,1964,3.4434,47.5,7.012,8586363
uga,Uganda,1965,3.4003,47.7,7.042,8849203
uga,Uganda,1966,3.4901,47.9,7.066,9122864
uga,Uganda,1967,3.5658,48.1,7.102,9408924
uga,Uganda,1968,3.5236,48.3,7.13,9708632
uga,Uganda,1969,3.7481,48.5,7.115,10014858
uga,Uganda,1970,3.6554,48.8,7.149,10321603
uga,Uganda,1971,3.6322,49,7.181,10618206
uga,Uganda,1972,3.5334,49.3,7.185,10885796
uga,Uganda,1973,3.4209,49.6,7.193,11144236
uga,Uganda,1974,3.3155,49.8,7.192,11424846
uga,Uganda,1975,3.1514,50.1,7.201,11725240
uga,Uganda,1976,3.0543,50.4,7.194,12037294
uga,Uganda,1977,2.9926,50.7,7.183,12359669
uga,Uganda,1978,2.752,50.8,7.163,12692113
uga,Uganda,1979,2.3438,51.1,7.142,13002163
uga,Uganda,1980,2.1865,49.4,7.113,13275741
uga,Uganda,1981,2.3093,49.5,7.118,13556452
uga,Uganda,1982,2.5,49.6,7.11,13873631
uga,Uganda,1983,2.6141,49.5,7.068,14221881
uga,Uganda,1984,2.4421,49.2,7.024,14607677
uga,Uganda,1985,2.3704,48.7,7.037,15023681
uga,Uganda,1986,2.3248,48.1,7.083,15467579
uga,Uganda,1987,2.375,48.7,7.12,15954170
uga,Uganda,1988,2.5164,48.1,7.102,16470483
uga,Uganda,1989,2.6459,47.4,7.045,17010698
uga,Uganda,1990,2.5582,46.9,7.014,17569897
uga,Uganda,1991,2.4735,46.3,6.943,18155901
uga,Uganda,1992,2.3916,46.2,6.913,18785032
uga,Uganda,1993,2.3912,46.1,6.886,19445161
uga,Uganda,1994,2.3908,46.1,6.899,20108801
uga,Uganda,1995,2.3905,46.4,6.871,20665667
uga,Uganda,1996,2.3901,46.6,6.835,21231550
uga,Uganda,1997,2.3712,47.1,6.856,21856046
uga,Uganda,1998,2.3524,47.6,6.837,22515806
uga,Uganda,1999,2.3337,48.1,6.825,23257281
uga,Uganda,2000,2.408,48.5,6.788,24000150
uga,Uganda,2001,2.4847,49.5,6.757,24745676
uga,Uganda,2002,2.5638,50.4,6.735,25532870
uga,Uganda,2003,2.657,51.7,6.671,26352124
uga,Uganda,2004,2.7535,53.3,6.612,27154515
uga,Uganda,2005,2.8535,55.2,6.525,27963289
uga,Uganda,2006,3.0118,55.9,6.429,28794003
uga,Uganda,2007,3.1788,56.4,6.326,29653430
uga,Uganda,2008,3.355,57.4,6.202,30539553
uga,Uganda,2009,3.5411,58.4,6.124,31451151
uga,Uganda,2010,3.6295,59.3,6.019,32390802
uga,Uganda,2011,3.7201,60,5.885,33354543
uga,Uganda,2012,3.8129,60.6,5.729,34337438
uga,Uganda,2013,3.774,61.4,5.563,35337042
uga,Uganda,2014,3.7355,62.1,5.408,36395539
uga,Uganda,2015,3.6974,62.7,5.251,37531446
uga,Uganda,2016,3.6597,63.3,5.112,38799152
uga,Uganda,2017,3.6561,63.9,4.987,40177388
uga,Uganda,2018,3.6524,64.4,4.867,41565831
uga,Uganda,2019,3.6488,64.9,4.744,42999637
uga,Uganda,2020,3.6333,64.6,4.621,44457152
uga,Uganda,2021,3.6427,61.6,4.51,45910930
uga,Uganda,2022,3.697,65.1,4.388,47312719
uga,Uganda,2023,3.7867,65.6,4.283,48656601
uga,Uganda,2024,3.9099,65.79,4.165,50015092
ukr,Ukraine,1960,3.6163,70.6,2.285,42824093
ukr,Ukraine,1961,3.951,70.9,2.197,43399766
ukr,Ukraine,1962,4.1362,70.8,2.154,43943674
ukr,Ukraine,1963,4.2121,71.3,2.111,44462372
ukr,Ukraine,1964,4.0855,71.8,2.014,44951156
ukr,Ukraine,1965,4.5853,71.7,1.943,45386892
ukr,Ukraine,1966,4.8221,71.7,2.037,45802519
ukr,Ukraine,1967,5.0359,71.6,2.04,46215988
ukr,Ukraine,1968,5.2403,71.5,2.031,46614325
ukr,Ukraine,1969,5.5315,71.1,2.012,46976256
ukr,Ukraine,1970,5.5939,70.9,2.078,47261306
ukr,Ukraine,1971,6.009,71,2.113,47573287
ukr,Ukraine,1972,6.1493,70.9,2.127,47946893
ukr,Ukraine,1973,6.1629,71,2.044,48277121
ukr,Ukraine,1974,6.7314,70.9,2.064,48576570
ukr,Ukraine,1975,6.8609,70.5,2.049,48865229
ukr,Ukraine,1976,6.9929,70.3,2.044,49120842
ukr,Ukraine,1977,7.1274,70.1,1.983,49336481
ukr,Ukraine,1978,7.2644,70,1.969,49521243
ukr,Ukraine,1979,7.4042,69.8,1.957,49721381
ukr,Ukraine,1980,7.5466,69.8,1.949,49955152
ukr,Ukraine,1981,7.8138,69.9,1.915,50189281
ukr,Ukraine,1982,8.0949,70.1,1.951,50402724
ukr,Ukraine,1983,8.4851,70,2.099,50637029
ukr,Ukraine,1984,8.7284,69.9,2.081,50887599
ukr,Ukraine,1985,8.7178,70.3,2.033,51108770
ukr,Ukraine,1986,8.8094,71.2,2.117,51318745
ukr,Ukraine,1987,9.1088,71.3,2.07,51515732
ukr,Ukraine,1988,9.2373,71.2,2.042,51724853
ukr,Ukraine,1989,9.6764,71.1,1.927,51917817
ukr,Ukraine,1990,9.2966,70.6,1.845,52054092
ukr,Ukraine,1991,8.5776,69.9,1.773,52170961
ukr,Ukraine,1992,7.8012,69.2,1.674,52323671
ukr,Ukraine,1993,7.8449,68.4,1.564,52350126
ukr,Ukraine,1994,8.0245,67.8,1.471,52075998
ukr,Ukraine,1995,8.2082,67.1,1.399,51665539
ukr,Ukraine,1996,6.8601,67.3,1.333,51226109
ukr,Ukraine,1997,6.1238,67.9,1.271,50786885
ukr,Ukraine,1998,5.4666,68.5,1.206,50379731
ukr,Ukraine,1999,4.8799,68.3,1.127,49976446
ukr,Ukraine,2000,5.6096,68.1,1.108,49556660
ukr,Ukraine,2001,6.4485,68.2,1.092,49106855
ukr,Ukraine,2002,7.4129,68.1,1.127,48677281
ukr,Ukraine,2003,8.2994,68,1.173,48315136
ukr,Ukraine,2004,9.2913,67.9,1.215,47979507
ukr,Ukraine,2005,11.0247,67.7,1.221,47585556
ukr,Ukraine,2006,11.9346,67.9,1.297,47278694
ukr,Ukraine,2007,11.3454,68,1.343,47062798
ukr,Ukraine,2008,12.9903,68.4,1.444,46819175
ukr,Ukraine,2009,12.0344,69.6,1.47,46623731
ukr,Ukraine,2010,12.8369,70.4,1.436,46456003
ukr,Ukraine,2011,13.3374,71,1.464,46307853
ukr,Ukraine,2012,13.892,71.2,1.528,46210056
ukr,Ukraine,2013,14.674,71.4,1.515,46126770
ukr,Ukraine,2014,14.1194,71.7,1.466,45972380
ukr,Ukraine,2015,12.7266,72.8,1.387,45784896
ukr,Ukraine,2016,12.8974,73.2,1.391,45616832
ukr,Ukraine,2017,14.1381,73.1,1.3,45436041
ukr,Ukraine,2018,14.78,73.4,1.233,45208907
ukr,Ukraine,2019,16.2289,73.4,1.218,44957458
ukr,Ukraine,2020,15.5705,72.3,1.208,44680014
ukr,Ukraine,2021,16.2572,70.8,1.148,44298640
ukr,Ukraine,2022,12.5594,68.4,0.897,41048766
ukr,Ukraine,2023,14.4996,72.5,0.977,37732836
ukr,Ukraine,2024,14.8666,73.78,0.988,37860221
ury,Uruguay,1960,11.0434,68.2,2.827,2529957
ury,Uruguay,1961,11.1038,68.5,2.846,2562044
ury,Uruguay,1962,10.7537,68.7,2.866,2593298
ury,Uruguay,1963,10.5614,68.6,2.884,2623766
ury,Uruguay,1964,10.6051,68.5,2.863,2653180
ury,Uruguay,1965,10.4832,68.4,2.84,2681169
ury,Uruguay,1966,10.7142,68.4,2.819,2707646
ury,Uruguay,1967,10.1786,68.3,2.784,2732277
ury,Uruguay,1968,10.1749,68.3,2.771,2754606
ury,Uruguay,1969,10.6856,68.2,2.769,2773974
ury,Uruguay,1970,11.0003,68.2,2.772,2790807
ury,Uruguay,1971,10.8651,68.2,2.767,2806462
ury,Uruguay,1972,10.5174,68.2,2.782,2821644
ury,Uruguay,1973,10.6628,68.7,2.855,2837133
ury,Uruguay,1974,10.972,69.1,2.957,2853944
ury,Uruguay,1975,11.4851,69.5,3.017,2872320
ury,Uruguay,1976,11.8294,69.6,3.005,2891392
ury,Uruguay,1977,11.8736,69.8,2.899,2909461
ury,Uruguay,1978,12.4323,70.2,2.829,2925715
ury,Uruguay,1979,13.0248,70.4,2.711,2939903
ury,Uruguay,1980,13.6758,70.7,2.59,2951953
ury,Uruguay,1981,14.5038,71.3,2.534,2963246
ury,Uruguay,1982,13.4844,71.8,2.512,2975492
ury,Uruguay,1983,12.874,71.8,2.486,2988778
ury,Uruguay,1984,12.884,71.9,2.471,3002488
ury,Uruguay,1985,13.1438,72.3,2.47,3017037
ury,Uruguay,1986,14.2715,72.5,2.47,3032845
ury,Uruguay,1987,15.3392,72.5,2.486,3049896
ury,Uruguay,1988,15.6542,72.5,2.503,3067961
ury,Uruguay,1989,16.1538,72.8,2.498,3086255
ury,Uruguay,1990,16.5503,73.1,2.477,3104403
ury,Uruguay,1991,17.033,73.3,2.454,3122354
ury,Uruguay,1992,18.2834,73.4,2.432,3139702
ury,Uruguay,1993,18.6737,73.3,2.408,3156345
ury,Uruguay,1994,19.9303,73.6,2.425,3172834
ury,Uruguay,1995,19.5439,73.6,2.401,3189440
ury,Uruguay,1996,20.5204,73.8,2.364,3206324
ury,Uruguay,1997,22.0311,74.1,2.328,3223345
ury,Uruguay,1998,22.931,74.1,2.271,3239280
ury,Uruguay,1999,22.4678,74.2,2.248,3254015
ury,Uruguay,2000,21.9769,74.7,2.196,3266206
ury,Uruguay,2001,21.0906,74.9,2.161,3274251
ury,Uruguay,2002,19.4377,75,2.16,3278867
ury,Uruguay,2003,19.5965,75,2.116,3281186
ury,Uruguay,2004,20.5837,75.3,2.093,3283148
ury,Uruguay,2005,22.1211,75.6,2.097,3285771
ury,Uruguay,2006,23.0302,75.8,2.07,3289506
ury,Uruguay,2007,25.12,75.8,2.048,3295153
ury,Uruguay,2008,27.5808,76.2,2.03,3302177
ury,Uruguay,2009,29.5892,76.5,2.018,3310091
ury,Uruguay,2010,29.7067,76.4,2.011,3318580
ury,Uruguay,2011,31.9601,76.4,1.987,3326825
ury,Uruguay,2012,31.9351,76.5,2.012,3335401
ury,Uruguay,2013,33.2278,76.8,2.034,3345337
ury,Uruguay,2014,35.0709,77,2.026,3356334
ury,Uruguay,2015,35.5786,77,2.041,3368017
ury,Uruguay,2016,34.9188,77,1.966,3379283
ury,Uruguay,2017,36.2609,77.2,1.824,3388438
ury,Uruguay,2018,35.6688,77.2,1.681,3394534
ury,Uruguay,2019,35.0644,77.5,1.567,3397206
ury,Uruguay,2020,32.4287,77.9,1.497,3398968
ury,Uruguay,2021,32.9215,75.1,1.446,3396695
ury,Uruguay,2022,33.8524,76.2,1.425,3390913
ury,Uruguay,2023,34.275,77.4,1.409,3388081
ury,Uruguay,2024,35.3559,77.6,1.397,3386588
usa,USA,1960,39.1728,69.9,3.654,180274555
usa,USA,1961,39.1489,70.3,3.62,183489485
usa,USA,1962,40.5703,70.2,3.461,186724272
usa,USA,1963,41.4033,70,3.319,189825226
usa,USA,1964,42.8624,70.2,3.19,192819452
usa,USA,1965,44.7023,70.3,2.913,195653774
usa,USA,1966,46.7286,70.2,2.721,198265406
usa,USA,1967,47.0576,70.5,2.558,200699911
usa,USA,1968,49.0139,70.2,2.464,203011019
usa,USA,1969,50.3194,70.5,2.456,205300033
usa,USA,1970,50.7173,70.8,2.48,207796339
usa,USA,1971,51.8251,71.2,2.266,210426432
usa,USA,1972,55.3431,71.3,2.01,212842573
usa,USA,1973,56.3394,71.5,1.879,215006551
usa,USA,1974,54.2721,72.1,1.835,217076476
usa,USA,1975,54.7319,72.6,1.774,219129301
usa,USA,1976,56.4424,72.9,1.738,221168758
usa,USA,1977,56.6554,73.3,1.79,223259419
usa,USA,1978,56.8734,73.5,1.76,225396096
usa,USA,1979,58.654,73.8,1.808,227575084
usa,USA,1980,55.862,73.8,1.8395,229858655
usa,USA,1981,54.8604,74.1,1.812,232201617
usa,USA,1982,55.7148,74.5,1.8275,234583152
usa,USA,1983,57.5796,74.6,1.799,236986365
usa,USA,1984,59.8802,74.7,1.8065,239353967
usa,USA,1985,61.0621,74.7,1.844,241690443
usa,USA,1986,62.8312,74.8,1.8375,243953807
usa,USA,1987,64.7542,75,1.872,246161291
usa,USA,1988,65.8149,75,1.934,248393235
usa,USA,1989,66.8825,75.3,2.014,250675053
usa,USA,1990,65.0778,75.5,2.081,253373387
usa,USA,1991,64.3845,75.6,2.0625,256471422
usa,USA,1992,64.4017,75.8,2.046,259606019
usa,USA,1993,65.7326,75.6,2.0195,262633231
usa,USA,1994,66.8866,75.8,2.0015,265474810
usa,USA,1995,67.9014,75.9,1.978,268205795
usa,USA,1996,68.9856,76.2,1.976,270860696
usa,USA,1997,71,76.5,1.971,273468013
usa,USA,1998,72.9478,76.7,1.999,276119333
usa,USA,1999,74.666,76.7,2.0075,278785484
usa,USA,2000,75.5239,76.8,2.056,281484131
usa,USA,2001,75.5043,76.9,2.0305,284279639
usa,USA,2002,75.69,77,2.0205,287084338
usa,USA,2003,76.8387,77.2,2.0475,289908100
usa,USA,2004,75.9894,77.6,2.0515,292786253
usa,USA,2005,77.6196,77.6,2.057,295716664
usa,USA,2006,78.9625,77.8,2.108,298730209
usa,USA,2007,78.441,78.1,2.12,301844226
usa,USA,2008,76.3393,78.2,2.072,304970333
usa,USA,2009,77.3725,78.5,2.002,308023454
usa,USA,2010,75.4596,78.7,1.931,311062790
usa,USA,2011,76.3888,78.8,1.8945,314105078
usa,USA,2012,76.6871,78.9,1.8805,317115355
usa,USA,2013,76.2201,78.9,1.8575,320110759
usa,USA,2014,76.7055,78.9,1.8625,323115377
usa,USA,2015,79.629,78.8,1.8435,326126497
usa,USA,2016,83.3226,78.7,1.8205,329179427
usa,USA,2017,84.3805,78.7,1.7655,332204660
usa,USA,2018,88.271,78.8,1.7295,335056497
usa,USA,2019,94.1268,78.9,1.706,337790067
usa,USA,2020,96.5305,77.1,1.6415,339436159
usa,USA,2021,96.972,76.4,1.664,340161441
usa,USA,2022,89.9494,77.6,1.6565,341534046
usa,USA,2023,92.9521,78.5,1.6165,343477335
usa,USA,2024,94.6228,78.7,1.6265,345426571
uzb,Uzbekistan,1960,3.1795,61.2,6.613,8209109
uzb,Uzbekistan,1961,3.2936,61.9,6.752,8517711
uzb,Uzbekistan,1962,3.3199,62.5,6.878,8854368
uzb,Uzbekistan,1963,3.1875,63,6.808,9202246
uzb,Uzbekistan,1964,3.5383,63.6,6.823,9557611
uzb,Uzbekistan,1965,3.6816,64.2,6.81,9921681
uzb,Uzbekistan,1966,3.8011,64.7,6.66,10289294
uzb,Uzbekistan,1967,3.9115,65.1,6.567,10659180
uzb,Uzbekistan,1968,4.0817,65.5,6.394,11032155
uzb,Uzbekistan,1969,4.0802,65.8,6.338,11403150
uzb,Uzbekistan,1970,4.3301,66,6.313,11762638
uzb,Uzbekistan,1971,4.3519,66.2,6.284,12111511
uzb,Uzbekistan,1972,4.2831,66.2,6.246,12465106
uzb,Uzbekistan,1973,4.5434,66.3,6.162,12831047
uzb,Uzbekistan,1974,4.4389,66.3,6.053,13209011
uzb,Uzbekistan,1975,4.3367000000000004,66.4,5.918,13598521
uzb,Uzbekistan,1976,4.2369,66.4,5.749,13998620
uzb,Uzbekistan,1977,4.1395,66.5,5.54,14408822
uzb,Uzbekistan,1978,4.0442,66.6,5.281,14816349
uzb,Uzbekistan,1979,3.9512,66.7,5.159,15215587
uzb,Uzbekistan,1980,3.8602,66.9,5.039,15619936
uzb,Uzbekistan,1981,3.8561,67,4.905,16035032
uzb,Uzbekistan,1982,3.8481,67.1,4.817,16462736
uzb,Uzbekistan,1983,3.8453,67.2,4.714,16908400
uzb,Uzbekistan,1984,3.564,67.3,4.729,17378846
uzb,Uzbekistan,1985,3.5213,67.3,4.691,17875339
uzb,Uzbekistan,1986,3.3486,67.4,4.675,18395621
uzb,Uzbekistan,1987,3.2047,67.6,4.532,18930070
uzb,Uzbekistan,1988,3.3696,67.9,4.263,19460630
uzb,Uzbekistan,1989,3.3291,68.2,4.102,19977183
uzb,Uzbekistan,1990,3.1522,68.3,4.122,20464956
uzb,Uzbekistan,1991,3.0151,68.1,4.19,20962910
uzb,Uzbekistan,1992,2.5738,67.7,4.056,21485090
uzb,Uzbekistan,1993,2.4218,67.3,3.863,21987955
uzb,Uzbekistan,1994,2.2165,67,3.66,22463291
uzb,Uzbekistan,1995,2.1242,67,3.566,22917589
uzb,Uzbekistan,1996,2.0927,67.1,3.393,23351981
uzb,Uzbekistan,1997,2.1366,67.4,3.186,23758960
uzb,Uzbekistan,1998,2.1675,67.7,2.985,24134929
uzb,Uzbekistan,1999,1.7425,68.1,2.831,24476008
uzb,Uzbekistan,2000,1.4009,68.3,2.696,24787054
uzb,Uzbekistan,2001,1.4427,68.4,2.61,25090283
uzb,Uzbekistan,2002,1.4858,68.6,2.575,25399980
uzb,Uzbekistan,2003,1.4126,68.8,2.503,25711259
uzb,Uzbekistan,2004,1.5873,69,2.496,26029350
uzb,Uzbekistan,2005,1.7837,69,2.438,26356975
uzb,Uzbekistan,2006,2.0044,68.9,2.461,26699043
uzb,Uzbekistan,2007,2.2524,69.2,2.573,27076008
uzb,Uzbekistan,2008,2.531,69.6,2.635,27494774
uzb,Uzbekistan,2009,2.8441,69.9,2.559,27939328
uzb,Uzbekistan,2010,3.196,70.1,2.442,28385506
uzb,Uzbekistan,2011,3.5914,70.2,2.354,28823196
uzb,Uzbekistan,2012,4.0357,70.4,2.337,29261903
uzb,Uzbekistan,2013,4.5349,70.7,2.445,29724065
uzb,Uzbekistan,2014,5.096,70.9,2.546,30222994
uzb,Uzbekistan,2015,5.7264,71.1,2.583,30749346
uzb,Uzbekistan,2016,6.4349,71.2,2.564,31284568
uzb,Uzbekistan,2017,7.2309,71.4,2.57,31819178
uzb,Uzbekistan,2018,8.1255,71.6,2.713,32373490
uzb,Uzbekistan,2019,9.1307,71.7,2.869,32964701
uzb,Uzbekistan,2020,10.2603,71.2,3.062,33586372
uzb,Uzbekistan,2021,11.5297,71.6,3.273,34243696
uzb,Uzbekistan,2022,12.0178,72.1,3.396,34938955
uzb,Uzbekistan,2023,14.9748,72.5,3.5,35652307
uzb,Uzbekistan,2024,15.637,72.6,3.486,36361859
vct,St. Vincent and the Grenadines,1960,3.5783,57.6,7.247,84388
vct,St. Vincent and the Grenadines,1961,3.6568,58.9,7.157,85870
vct,St. Vincent and the Grenadines,1962,3.714,59.9,7.033,87236
vct,St. Vincent and the Grenadines,1963,3.4117,60.5,6.921,88523
vct,St. Vincent and the Grenadines,1964,3.4717,60.9,6.828,89749
vct,St. Vincent and the Grenadines,1965,3.4368,61.3,6.735,90927
vct,St. Vincent and the Grenadines,1966,3.3736,62,6.639,92052
vct,St. Vincent and the Grenadines,1967,2.9964,62.8,6.533,93124
vct,St. Vincent and the Grenadines,1968,3.1335,63.6,6.416,94123
vct,St. Vincent and the Grenadines,1969,3.1626,64,6.275,95058
vct,St. Vincent and the Grenadines,1970,3.4375,64.2,6.116,95964
vct,St. Vincent and the Grenadines,1971,3.4934,64.5,5.946,96872
vct,St. Vincent and the Grenadines,1972,4.338,65.1,5.774,97790
vct,St. Vincent and the Grenadines,1973,3.8036,65.9,5.587,98691
vct,St. Vincent and the Grenadines,1974,3.4211,66.7,5.379,99556
vct,St. Vincent and the Grenadines,1975,3.1178,67.3,5.165,100387
vct,St. Vincent and the Grenadines,1976,3.3956,67.8,4.949,101197
vct,St. Vincent and the Grenadines,1977,3.4458,68.1,4.748,101999
vct,St. Vincent and the Grenadines,1978,3.7331,68.4,4.554,102775
vct,St. Vincent and the Grenadines,1979,3.8105,68.6,4.291,103478
vct,St. Vincent and the Grenadines,1980,3.8551,68.9,3.923,104213
vct,St. Vincent and the Grenadines,1981,4.2011,69.2,3.845,105073
vct,St. Vincent and the Grenadines,1982,4.503,69.6,3.743,105969
vct,St. Vincent and the Grenadines,1983,4.6677,70.1,3.561,106838
vct,St. Vincent and the Grenadines,1984,5.0447,70.5,3.283,107687
vct,St. Vincent and the Grenadines,1985,5.4219,70.9,3.081,108506
vct,St. Vincent and the Grenadines,1986,5.759,71.2,2.924,109281
vct,St. Vincent and the Grenadines,1987,5.8401,71.2,2.819,110001
vct,St. Vincent and the Grenadines,1988,6.781,71.6,2.753,110658
vct,St. Vincent and the Grenadines,1989,7.0301,71.7,2.73,111272
vct,St. Vincent and the Grenadines,1990,7.4728,71.7,2.731,111812
vct,St. Vincent and the Grenadines,1991,7.5322,71.6,2.747,112222
vct,St. Vincent and the Grenadines,1992,7.9943,71.3,2.759,112509
vct,St. Vincent and the Grenadines,1993,8.3202,71.1,2.737,112735
vct,St. Vincent and the Grenadines,1994,8.2057,71,2.678,112918
vct,St. Vincent and the Grenadines,1995,8.835,71,2.609,113047
vct,St. Vincent and the Grenadines,1996,8.9448,71.2,2.526,113119
vct,St. Vincent and the Grenadines,1997,9.2577,71.4,2.433,113141
vct,St. Vincent and the Grenadines,1998,9.6341,71.5,2.345,113180
vct,St. Vincent and the Grenadines,1999,9.8814,71.7,2.307,113366
vct,St. Vincent and the Grenadines,2000,10.0282,71.8,2.306,113545
vct,St. Vincent and the Grenadines,2001,10.2035,72.1,2.3,113501
vct,St. Vincent and the Grenadines,2002,10.7695,72.1,2.218,113347
vct,St. Vincent and the Grenadines,2003,11.5148,72.4,2.142,113141
vct,St. Vincent and the Grenadines,2004,12.0136,72.6,2.087,112835
vct,St. Vincent and the Grenadines,2005,12.3481,72.9,2.068,112450
vct,St. Vincent and the Grenadines,2006,13.2634,73.3,2.033,112014
vct,St. Vincent and the Grenadines,2007,13.7588,73.5,2.063,111531
vct,St. Vincent and the Grenadines,2008,13.8783,73.6,2.15,111028
vct,St. Vincent and the Grenadines,2009,13.7455,73.8,2.174,110508
vct,St. Vincent and the Grenadines,2010,13.1951,73.8,2.144,109959
vct,St. Vincent and the Grenadines,2011,13.1883,73.7,2.076,109349
vct,St. Vincent and the Grenadines,2012,13.4177,73.6,2.113,108736
vct,St. Vincent and the Grenadines,2013,13.8245,73.5,2.106,108135
vct,St. Vincent and the Grenadines,2014,14.0754,73.9,2.141,107535
vct,St. Vincent and the Grenadines,2015,14.545,74.2,2.133,106960
vct,St. Vincent and the Grenadines,2016,15.235,74.3,2.055,106349
vct,St. Vincent and the Grenadines,2017,15.5561,74.4,1.94,105663
vct,St. Vincent and the Grenadines,2018,16.1628,74.5,1.9,104926
vct,St. Vincent and the Grenadines,2019,16.3894,74.5,1.864,104167
vct,St. Vincent and the Grenadines,2020,15.7869,74.2,1.83,103526
vct,St. Vincent and the Grenadines,2021,16.2247,74.1,1.808,102841
vct,St. Vincent and the Grenadines,2022,16.8598,74.9,1.791,102046
vct,St. Vincent and the Grenadines,2023,17.8845,75.1,1.775,101323
vct,St. Vincent and the Grenadines,2024,18.7417,75.31,1.761,100616
ven,Venezuela,1960,17.5537,64.3,6.382,8160090
ven,Venezuela,1961,17.4133,65,6.298,8455915
ven,Venezuela,1962,18.0332,65.2,6.231,8756870
ven,Venezuela,1963,18.2625,65.4,6.155,9064021
ven,Venezuela,1964,19.2295,65.4,6.071,9377712
ven,Venezuela,1965,19.2944,65.6,5.977,9697790
ven,Venezuela,1966,18.5466,65.7,5.87,10024854
ven,Venezuela,1967,18.3665,65.8,5.748,10358513
ven,Venezuela,1968,18.696,65.8,5.614,10697530
ven,Venezuela,1969,18.6444,65.8,5.469,11040280
ven,Venezuela,1970,19.4426,65.9,5.321,11387790
ven,Venezuela,1971,19.0827,66,5.174,11741008
ven,Venezuela,1972,18.7809,66,5.035,12099180
ven,Venezuela,1973,19.0441,66.2,4.906,12463537
ven,Venezuela,1974,19.2913,66.5,4.791,12835351
ven,Venezuela,1975,19.5626,67,4.686,13215892
ven,Venezuela,1976,20.2915,67.5,4.589,13606284
ven,Venezuela,1977,20.6744,68.1,4.494,14006812
ven,Venezuela,1978,20.1852,68.6,4.397,14416684
ven,Venezuela,1979,19.559,68.9,4.298,14834552
ven,Venezuela,1980,18.3501,69.1,4.2,15258218
ven,Venezuela,1981,18.3475,69.3,4.104,15687297
ven,Venezuela,1982,17.9858,69.7,4.014,16121874
ven,Venezuela,1983,17.6313,70.2,3.933,16562205
ven,Venezuela,1984,17.2837,70.6,3.861,17008841
ven,Venezuela,1985,16.943,70.9,3.794,17461434
ven,Venezuela,1986,16.609,71.2,3.73,17923536
ven,Venezuela,1987,16.2816,71.4,3.665,18394963
ven,Venezuela,1988,15.4605,71.5,3.597,18871020
ven,Venezuela,1989,14.6809,71.6,3.524,19348921
ven,Venezuela,1990,14.2756,71.7,3.448,19827010
ven,Venezuela,1991,13.8815,71.8,3.37,20304896
ven,Venezuela,1992,13.4982,71.8,3.292,20780948
ven,Venezuela,1993,12.5392,71.9,3.218,21254520
ven,Venezuela,1994,11.6482,71.9,3.147,21725188
ven,Venezuela,1995,10.8206,72.2,3.082,22193821
ven,Venezuela,1996,11.0189,72.6,3.022,22662113
ven,Venezuela,1997,11.2208,73,2.967,23131685
ven,Venezuela,1998,11.4265,73.4,2.912,23601337
ven,Venezuela,1999,10.3098,69.2,2.856,24066593
ven,Venezuela,2000,10.5807,73.6,2.79,24526708
ven,Venezuela,2001,10.8587,73.5,2.779,24979922
ven,Venezuela,2002,8.9483,73.6,2.739,25435671
ven,Venezuela,2003,7.5826,73.5,2.703,25892703
ven,Venezuela,2004,8.4929,73.9,2.639,26340838
ven,Venezuela,2005,10.6347,74.3,2.629,26785804
ven,Venezuela,2006,13.0262,74.4,2.595,27224686
ven,Venezuela,2007,14.2397,74.4,2.524,27649363
ven,Venezuela,2008,14.9721,74.3,2.475,28053696
ven,Venezuela,2009,14.3023,74.4,2.422,28438298
ven,Venezuela,2010,13.9905,74.6,2.396,28813101
ven,Venezuela,2011,14.6598,74.7,2.398,29185212
ven,Venezuela,2012,15.5466,74.8,2.379,29553826
ven,Venezuela,2013,15.7971,74.7,2.334,29912198
ven,Venezuela,2014,15.2316,74.3,2.296,30254079
ven,Venezuela,2015,14.2218,73.8,2.253,30573972
ven,Venezuela,2016,11.8741,73.2,2.217,30765720
ven,Venezuela,2017,10.2835,72.9,2.183,30565323
ven,Venezuela,2018,8.9014,72.7,2.151,29807592
ven,Venezuela,2019,6.8014,72.4,2.131,28938098
ven,Venezuela,2020,4.8013,71.8,2.116,28444077
ven,Venezuela,2021,5.1354,70.9,2.105,28237826
ven,Venezuela,2022,6.0894,71.6,2.088,28213017
ven,Venezuela,2023,6.6044,71.8,2.079,28300854
ven,Venezuela,2024,7.1706,72,2.077,28405543
vnm,Vietnam,1960,2.0117,57,6.273,32531933
vnm,Vietnam,1961,2.03,57.3,5.476,33409059
vnm,Vietnam,1962,2.1991,56.9,6.257,34288560
vnm,Vietnam,1963,2.1771,55.4,6.385,35249101
vnm,Vietnam,1964,2.1952,56.2,6.285,36201563
vnm,Vietnam,1965,2.1367,55.8,6.156,37129656
vnm,Vietnam,1966,2.0787,56.2,5.968,38024836
vnm,Vietnam,1967,1.7575,56.5,5.883,38895080
vnm,Vietnam,1968,1.6696,52.6,6.029,39734609
vnm,Vietnam,1969,1.7541,54.8,6.013,40582096
vnm,Vietnam,1970,1.7338,55,6.019,41475230
vnm,Vietnam,1971,1.7569,55.7,6.069,42449276
vnm,Vietnam,1972,1.8007,52.2,6.1,43429168
vnm,Vietnam,1973,1.7955,55.4,6.108,44409861
vnm,Vietnam,1974,1.7223,55.2,5.781,45413537
vnm,Vietnam,1975,1.6337,61.4,5.621,46482903
vnm,Vietnam,1976,1.8049,63.8,5.461,47684931
vnm,Vietnam,1977,1.9051,64.2,5.291,48954872
vnm,Vietnam,1978,1.8779,64.7,5.104,50249552
vnm,Vietnam,1979,1.9014,65,4.94,51378211
vnm,Vietnam,1980,1.7935,65.4,4.795,52490101
vnm,Vietnam,1981,1.9323,65.9,4.665,53738141
vnm,Vietnam,1982,2.1151,66.4,4.593,55011289
vnm,Vietnam,1983,2.2541,66.8,4.524,56337921
vnm,Vietnam,1984,2.4494,67.3,4.412,57706067
vnm,Vietnam,1985,2.5864,67.8,4.206,59060622
vnm,Vietnam,1986,2.6477,68.2,3.955,60347048
vnm,Vietnam,1987,2.7075,68.5,3.717,61584651
vnm,Vietnam,1988,2.8646,68.7,3.623,62843228
vnm,Vietnam,1989,3.079,68.9,3.641,64147348
vnm,Vietnam,1990,3.2095,69.2,3.602,65504552
vnm,Vietnam,1991,3.3322,69.5,3.524,66891775
vnm,Vietnam,1992,3.552,69.8,3.353,68260337
vnm,Vietnam,1993,3.7427,70.1,3.172,69586384
vnm,Vietnam,1994,3.9436,70.5,2.941,70854391
vnm,Vietnam,1995,4.1553,70.9,2.7,72049940
vnm,Vietnam,1996,4.3784,71.2,2.468,73156447
vnm,Vietnam,1997,4.6134,71.5,2.274,74226889
vnm,Vietnam,1998,4.583,71.9,2.098,75299660
vnm,Vietnam,1999,4.5527,72.3,1.999,76287452
vnm,Vietnam,2000,4.5226,72.7,2.028,77154011
vnm,Vietnam,2001,4.4928,72.9,2.023,77969361
vnm,Vietnam,2002,4.4631,73,2.006,78772224
vnm,Vietnam,2003,4.8471,73.2,1.999,79563777
vnm,Vietnam,2004,5.2641,73.4,1.968,80338971
vnm,Vietnam,2005,5.5624,73.5,1.887,81088313
vnm,Vietnam,2006,5.8777,73.7,1.873,82167897
vnm,Vietnam,2007,6.1082,73.8,1.911,83633375
vnm,Vietnam,2008,6.3477,73.9,1.933,85175788
vnm,Vietnam,2009,8.4291,74,1.92,86460018
vnm,Vietnam,2010,11.1931,74.2,1.906,87455152
vnm,Vietnam,2011,11.3509,74.4,1.927,88468314
vnm,Vietnam,2012,11.5108,74.6,1.967,89510356
vnm,Vietnam,2013,11.8433,74.7,1.98,90573104
vnm,Vietnam,2014,12.1853,74.9,2.09,91679578
vnm,Vietnam,2015,13.0945,75.1,2.1,92823254
vnm,Vietnam,2016,14.0716,75.2,2,94000117
vnm,Vietnam,2017,14.8419,75.4,1.985,95176977
vnm,Vietnam,2018,15.6543,75.6,1.88,96237319
vnm,Vietnam,2019,16.5536,75.7,1.943,97173776
vnm,Vietnam,2020,17.5046,75.9,1.957,98079191
vnm,Vietnam,2021,17.0394,75.1,1.942,98935098
vnm,Vietnam,2022,16.5866,75.7,1.927,99680655
vnm,Vietnam,2023,17.3101,76.1,1.913,100352192
vnm,Vietnam,2024,18.421,76.2,1.895,100987686
vut,Vanuatu,1960,3.1718,56,6.784,64431
vut,Vanuatu,1961,3.2022,56.3,6.729,66264
vut,Vanuatu,1962,3.2303,56.7,6.672,68174
vut,Vanuatu,1963,3.2602,57,6.623,70159
vut,Vanuatu,1964,3.2898,57.4,6.568,72219
vut,Vanuatu,1965,3.3191,57.7,6.524,74358
vut,Vanuatu,1966,3.3482,58,6.511,76590
vut,Vanuatu,1967,3.3791,58.4,6.509,78921
vut,Vanuatu,1968,3.4097,58.7,6.463,81314
vut,Vanuatu,1969,3.4399,59,6.41,83755
vut,Vanuatu,1970,3.472,59.4,6.346,86266
vut,Vanuatu,1971,3.5017,59.7,6.293,88862
vut,Vanuatu,1972,3.5332,59.9,6.228,91562
vut,Vanuatu,1973,3.5664,60.3,6.151,94362
vut,Vanuatu,1974,4.6321,60.8,6.057,97260
vut,Vanuatu,1975,4.269,61.2,5.976,100269
vut,Vanuatu,1976,4.2059,61.6,5.885,103388
vut,Vanuatu,1977,4.0264,62,5.806,106618
vut,Vanuatu,1978,4.5801,62.4,5.768,109963
vut,Vanuatu,1979,4.6082,62.8,5.733,113040
vut,Vanuatu,1980,3.9594,63.2,5.691,115660
vut,Vanuatu,1981,4.2072,63.6,5.651,118249
vut,Vanuatu,1982,4.4511,64.1,5.603,121035
vut,Vanuatu,1983,4.8688,64.5,5.547,123998
vut,Vanuatu,1984,5.2298,65,5.489,127109
vut,Vanuatu,1985,5.1975,65.3,5.433,130356
vut,Vanuatu,1986,5.0646,65.8,5.382,133720
vut,Vanuatu,1987,4.9525,65.3,5.328,137187
vut,Vanuatu,1988,4.8725,66.2,5.27,140756
vut,Vanuatu,1989,5.0306,66.2,5.211,144393
vut,Vanuatu,1990,5.5512,66.5,5.166,148063
vut,Vanuatu,1991,5.5733,66.4,5.13,151793
vut,Vanuatu,1992,5.5639,66.4,5.094,155608
vut,Vanuatu,1993,5.457,66.4,5.023,159463
vut,Vanuatu,1994,5.8007,66.4,4.937,163314
vut,Vanuatu,1995,5.7174,66.7,4.847,167137
vut,Vanuatu,1996,5.7163,66.7,4.752,170911
vut,Vanuatu,1997,5.8659,66.9,4.657,174626
vut,Vanuatu,1998,5.8395,67.1,4.603,178313
vut,Vanuatu,1999,5.7317,66.7,4.556,182048
vut,Vanuatu,2000,5.9255,67.8,4.537,186281
vut,Vanuatu,2001,5.5735,67.8,4.495,191031
vut,Vanuatu,2002,5.1451,68.5,4.382,195863
vut,Vanuatu,2003,5.2255,69.2,4.293,200746
vut,Vanuatu,2004,5.2928,69.3,4.214,205711
vut,Vanuatu,2005,5.4304,69,4.133,210760
vut,Vanuatu,2006,5.7391,69,4.1,215923
vut,Vanuatu,2007,5.7571,69,4.117,221276
vut,Vanuatu,2008,5.9184,69,4.159,226896
vut,Vanuatu,2009,5.9325,69.3,4.157,232731
vut,Vanuatu,2010,5.8549,69.4,4.126,238248
vut,Vanuatu,2011,5.8713,69.3,4.093,243474
vut,Vanuatu,2012,5.8878,69.4,4.059,248883
vut,Vanuatu,2013,5.9043,69.4,4.039,254482
vut,Vanuatu,2014,5.9209,69.3,3.999,260240
vut,Vanuatu,2015,5.9375,69.4,3.952,266101
vut,Vanuatu,2016,5.9542,69.6,3.915,272087
vut,Vanuatu,2017,5.9709,69.7,3.875,278507
vut,Vanuatu,2018,5.9876,69.9,3.834,285259
vut,Vanuatu,2019,6.0044,70.1,3.79,291985
vut,Vanuatu,2020,5.5734,69.8,3.738,298858
vut,Vanuatu,2021,5.3612,69.1,3.696,305868
vut,Vanuatu,2022,5.5099,70,3.647,313046
vut,Vanuatu,2023,5.3314,70.3,3.596,320409
vut,Vanuatu,2024,5.4183,70.5,3.569,327777
wsm,Samoa,1960,8.8899,62.7,7.779,112490
wsm,Samoa,1961,8.9653,63,7.771,115496
wsm,Samoa,1962,9.0455,63.4,7.759,118597
wsm,Samoa,1963,9.1225,63.7,7.729,121764
wsm,Samoa,1964,9.2017,60,7.703,124894
wsm,Samoa,1965,9.283,64.3,7.653,127978
wsm,Samoa,1966,9.3637,64.4,7.596,131073
wsm,Samoa,1967,9.4439,64.9,7.551,133764
wsm,Samoa,1968,9.5261,65.2,7.499,136020
wsm,Samoa,1969,9.6104,65.5,7.432,138233
wsm,Samoa,1970,9.6942,65.8,7.338,140400
wsm,Samoa,1971,9.7799,66.2,7.224,142503
wsm,Samoa,1972,9.8651,66.5,7.07,144538
wsm,Samoa,1973,9.9497,66.9,6.908,146516
wsm,Samoa,1974,8.7786,67.2,6.747,149431
wsm,Samoa,1975,8.3457,67.4,6.606,153344
wsm,Samoa,1976,9.0208,67.7,6.473,157113
wsm,Samoa,1977,8.8557,68,6.313,159753
wsm,Samoa,1978,9.3181,68.3,6.146,161375
wsm,Samoa,1979,10.4583,68.6,5.991,162882
wsm,Samoa,1980,9.75,68.9,5.861,164322
wsm,Samoa,1981,8.815,69.2,5.749,165678
wsm,Samoa,1982,8.6749,69.5,5.677,166484
wsm,Samoa,1983,8.6651,69.8,5.617,166714
wsm,Samoa,1984,8.7273,70.1,5.553,166796
wsm,Samoa,1985,9.0095,70.5,5.489,166849
wsm,Samoa,1986,9.4334,70.7,5.421,167061
wsm,Samoa,1987,9.399,71,5.316,167661
wsm,Samoa,1988,9.1781,71.2,5.207,168346
wsm,Samoa,1989,9.4262,71.3,5.107,168768
wsm,Samoa,1990,8.9158,71.3,5.007,169042
wsm,Samoa,1991,8.6564,71.3,4.912,169368
wsm,Samoa,1992,8.5589,71.6,4.865,170331
wsm,Samoa,1993,8.8079,71.6,4.826,171774
wsm,Samoa,1994,8.4894,71.6,4.792,173159
wsm,Samoa,1995,8.9588,71.7,4.767,174571
wsm,Samoa,1996,9.4983,71.7,4.739,176071
wsm,Samoa,1997,9.4598,71.7,4.695,177547
wsm,Samoa,1998,9.5725,71.7,4.645,178905
wsm,Samoa,1999,9.6849,71.7,4.572,180275
wsm,Samoa,2000,10.0995,71.7,4.523,181685
wsm,Samoa,2001,10.7221,71.8,4.477,183166
wsm,Samoa,2002,11.1988,71.9,4.444,184471
wsm,Samoa,2003,11.3145,71.9,4.392,185430
wsm,Samoa,2004,11.4315,72,4.343,186249
wsm,Samoa,2005,11.5496,72,4.322,186978
wsm,Samoa,2006,11.6689,72.2,4.322,187709
wsm,Samoa,2007,11.7895,72.4,4.358,188753
wsm,Samoa,2008,11.9114,72.5,4.417,190107
wsm,Samoa,2009,11.782,70.6,4.466,191513
wsm,Samoa,2010,11.6541,72.7,4.52,193023
wsm,Samoa,2011,11.5275,72.8,4.56,194713
wsm,Samoa,2012,11.4024,72.7,4.545,196498
wsm,Samoa,2013,11.2785,72.9,4.491,198268
wsm,Samoa,2014,11.2526,72.9,4.423,200037
wsm,Samoa,2015,11.5848,73,4.344,201782
wsm,Samoa,2016,12.4041,73,4.262,203499
wsm,Samoa,2017,12.4613,73.1,4.196,205415
wsm,Samoa,2018,12.256,73.2,4.136,207582
wsm,Samoa,2019,12.6675,72,4.061,209780
wsm,Samoa,2020,12.1484,72.5,4.002,211944
wsm,Samoa,2021,11.1915,71.1,3.94,213779
wsm,Samoa,2022,10.5247,72.5,3.883,215261
wsm,Samoa,2023,11.4195,72.6,3.829,216663
wsm,Samoa,2024,12.4178,72.7,3.801,218019
yem,Yemen,1960,3.6185,44.9,7.988,5532301
yem,Yemen,1961,3.5762,45.1,8,5655232
yem,Yemen,1962,3.5365,43.5,8.01,5782221
yem,Yemen,1963,3.5084,43.7,8.028,5911135
yem,Yemen,1964,3.467,43.9,8.071,6048006
yem,Yemen,1965,3.4347,44.3,8.101,6195593
yem,Yemen,1966,3.413,44.6,8.142,6351494
yem,Yemen,1967,3.3954,45.1,8.174,6516444
yem,Yemen,1968,3.3691,45.6,8.191,6690524
yem,Yemen,1969,3.3509,46.1,8.216,6875859
yem,Yemen,1970,3.8966,46.7,8.234,7065279
yem,Yemen,1971,4.4035,48.9,8.26,7257462
yem,Yemen,1972,4.5772,49.5,8.273,7460068
yem,Yemen,1973,4.9365,50.2,8.29,7672796
yem,Yemen,1974,5.0187,50.8,8.326,7896783
yem,Yemen,1975,5.1917,51.5,8.373,8133598
yem,Yemen,1976,5.7308,52.2,8.423,8384113
yem,Yemen,1977,6.0809,52.8,8.466,8648222
yem,Yemen,1978,6.3083,53.3,8.501,8926586
yem,Yemen,1979,6.3677,54,8.671,9224194
yem,Yemen,1980,6.1214,54.5,8.71,9543358
yem,Yemen,1981,6.2114,55.2,8.752,9882362
yem,Yemen,1982,6.0372,55.4,8.793,10241006
yem,Yemen,1983,6.0999,56.5,8.828,10621499
yem,Yemen,1984,6.0506,57,8.853,11025597
yem,Yemen,1985,5.727,57.5,8.864,11453825
yem,Yemen,1986,5.5807,55.8,8.858,11901040
yem,Yemen,1987,5.5286,58.5,8.833,12369912
yem,Yemen,1988,5.4869,58.9,8.786,12859708
yem,Yemen,1989,5.4004,59.3,8.713,13364174
yem,Yemen,1990,5.7727,59.7,8.606,13887862
yem,Yemen,1991,5.9437,60.2,8.459,14430201
yem,Yemen,1992,6.1859,60.7,8.272,14989494
yem,Yemen,1993,6.201,61.2,8.048,15563914
yem,Yemen,1994,6.3833,61.4,7.795,16149147
yem,Yemen,1995,6.5233,62.2,7.525,16740058
yem,Yemen,1996,6.6122,62.8,7.004,17313177
yem,Yemen,1997,6.7539,63.4,6.82,17873936
yem,Yemen,1998,6.925,64,6.639,18446013
yem,Yemen,1999,6.7442,64.5,6.489,19029420
yem,Yemen,2000,6.5681,65,6.317,19624141
yem,Yemen,2001,6.3967,65.6,6.143,20226147
yem,Yemen,2002,6.2297,66.1,5.971,20835086
yem,Yemen,2003,6.067,66.6,5.839,21456379
yem,Yemen,2004,5.9086,66.9,5.712,22095167
yem,Yemen,2005,5.7544,67.3,5.563,22790085
yem,Yemen,2006,5.6604,67.7,5.412,23543083
yem,Yemen,2007,5.568,68,5.261,24318082
yem,Yemen,2008,5.4771,68.3,5.113,25111941
yem,Yemen,2009,5.3876,68.6,5.004,25927724
yem,Yemen,2010,5.2997,69.2,4.81,26754387
yem,Yemen,2011,5.2131,69.2,4.63,27582897
yem,Yemen,2012,5.128,69.4,4.633,28433647
yem,Yemen,2013,5.0443,69.8,4.623,29312952
yem,Yemen,2014,4.9619,70,4.62,30226309
yem,Yemen,2015,3.498,69.6,4.617,31159379
yem,Yemen,2016,3.1056,69.2,4.613,32109010
yem,Yemen,2017,2.9118,69.2,4.61,33090921
yem,Yemen,2018,2.9134,68.2,4.607,34085182
yem,Yemen,2019,2.9353,68.8,4.603,35111408
yem,Yemen,2020,2.6444,67.9,4.6,36134863
yem,Yemen,2021,2.6634,68.6,4.597,37140230
yem,Yemen,2022,2.814,71,4.593,38222876
yem,Yemen,2023,2.7723,71.7,4.59,39390799
yem,Yemen,2024,2.7146,71.8,4.499,40583164
zaf,South Africa,1960,5.0057,55,6.105,16440172
zaf,South Africa,1961,5.0679,55.4,6.08,16908035
zaf,South Africa,1962,5.2082,55.7,6.046,17418522
zaf,South Africa,1963,5.4279,56.1,6.012,17954564
zaf,South Africa,1964,5.6484,56.4,5.955,18511361
zaf,South Africa,1965,5.8146,56.7,5.892,19089380
zaf,South Africa,1966,5.8978,56.9,5.907,19690087
zaf,South Africa,1967,6.1235,57.2,5.852,20314066
zaf,South Africa,1968,6.2059,57.5,5.782,20957287
zaf,South Africa,1969,6.3605,57.7,5.719,21614676
zaf,South Africa,1970,6.5071,58,5.634,22279984
zaf,South Africa,1971,6.6158,58.3,5.569,22942143
zaf,South Africa,1972,6.5456,58.6,5.49,23609456
zaf,South Africa,1973,6.6398,58.9,5.413,24294263
zaf,South Africa,1974,6.832,59.1,5.298,24989108
zaf,South Africa,1975,6.762,59.4,5.191,25690940
zaf,South Africa,1976,6.732,59.8,5.071,26395450
zaf,South Africa,1977,6.5419,60.1,4.942,27118952
zaf,South Africa,1978,6.5571,60.5,4.853,27869507
zaf,South Africa,1979,6.6256,61,4.818,28634162
zaf,South Africa,1980,6.8616,61.5,4.78,29518857
zaf,South Africa,1981,7.3921,62.1,4.712,30541044
zaf,South Africa,1982,7.4126,62.7,4.696,31615339
zaf,South Africa,1983,7.2423,63.3,4.626,32739304
zaf,South Africa,1984,7.574,64.1,4.566,33892788
zaf,South Africa,1985,7.4413,64.7,4.495,35042093
zaf,South Africa,1986,7.3814,65.3,4.409,36180515
zaf,South Africa,1987,7.5053,66.1,4.352,37326190
zaf,South Africa,1988,7.8512,66.8,4.18,38480649
zaf,South Africa,1989,8.0948,67.3,3.983,39628575
zaf,South Africa,1990,8.1136,67.7,3.724,40746268
zaf,South Africa,1991,7.9254,68,3.618,41687898
zaf,South Africa,1992,7.6806,68,3.479,42443509
zaf,South Africa,1993,7.6831,67.4,3.372,43297156
zaf,South Africa,1994,7.512,66.3,3.258,44004139
zaf,South Africa,1995,7.3448,65.6,3.172,44541554
zaf,South Africa,1996,7.1814,63.8,2.991,45123018
zaf,South Africa,1997,7.0215,62.4,2.734,45666838
zaf,South Africa,1998,6.8652,60.8,2.63,46223880
zaf,South Africa,1999,6.7124,59.9,2.559,46730335
zaf,South Africa,2000,6.563,59,2.413,47159719
zaf,South Africa,2001,7.1045,57.7,2.373,47566800
zaf,South Africa,2002,7.6906,56.4,2.324,48019415
zaf,South Africa,2003,8.3251,55.2,2.358,48500348
zaf,South Africa,2004,9.012,54.7,2.436,48991421
zaf,South Africa,2005,9.7555,54.4,2.512,49490033
zaf,South Africa,2006,10.5402,54.4,2.548,49998277
zaf,South Africa,2007,11.3879,54.9,2.545,50528584
zaf,South Africa,2008,12.3039,55.8,2.679,51114599
zaf,South Africa,2009,12.6382,56.9,2.501,51728516
zaf,South Africa,2010,12.9815,58.2,2.445,52344051
zaf,South Africa,2011,12.7853,59.7,2.436,52995205
zaf,South Africa,2012,12.592,61,2.447,53782567
zaf,South Africa,2013,12.4016,61.9,2.428,54678791
zaf,South Africa,2014,12.2141,62.5,2.424,55594838
zaf,South Africa,2015,12.1293,63.1,2.359,56723537
zaf,South Africa,2016,12.0956,63.7,2.261,57259551
zaf,South Africa,2017,12.1559,64.5,2.283,57635162
zaf,South Africa,2018,12.1392,65.1,2.27,58613001
zaf,South Africa,2019,11.9717,65.9,2.264,59587885
zaf,South Africa,2020,11.0524,64.4,2.257,60562381
zaf,South Africa,2021,11.4227,61.6,2.248,61502603
zaf,South Africa,2022,11.4776,65.7,2.227,62378410
zaf,South Africa,2023,11.4053,66.5,2.216,63212384
zaf,South Africa,2024,11.329,66.7,2.205,64007187
zmb,Zambia,1960,3.2813,42.6,6.947,3153729
zmb,Zambia,1961,3.2111,42.6,6.982,3254086
zmb,Zambia,1962,3.1118,42.8,7.012,3358099
zmb,Zambia,1963,3.1067,42.9,7.06,3465907
zmb,Zambia,1964,3.392,43.2,7.085,3577017
zmb,Zambia,1965,3.8325,43.6,7.116,3692086
zmb,Zambia,1966,3.7765,44.1,7.138,3812003
zmb,Zambia,1967,4.0904,44.6,7.154,3936343
zmb,Zambia,1968,4.0847,45.2,7.18,4065593
zmb,Zambia,1969,3.8131,45.8,7.18,4197116
zmb,Zambia,1970,3.8586,46.5,7.224,4321718
zmb,Zambia,1971,3.7815,47.1,7.26,4442525
zmb,Zambia,1972,4.0191,47.8,7.3,4569309
zmb,Zambia,1973,3.8511,48.5,7.339,4702693
zmb,Zambia,1974,3.9518,49.1,7.364,4842746
zmb,Zambia,1975,3.7459,49.7,7.421,4990086
zmb,Zambia,1976,3.7895,50.3,7.388,5143842
zmb,Zambia,1977,3.5295,50.8,7.353,5302480
zmb,Zambia,1978,3.4143,51.2,7.294,5465374
zmb,Zambia,1979,3.1916,51.6,7.222,5631728
zmb,Zambia,1980,3.2015,51.9,7.139,5802833
zmb,Zambia,1981,3.4792,52.2,7.073,5983289
zmb,Zambia,1982,3.3932,52.2,7.039,6178637
zmb,Zambia,1983,3.3194,52.3,7.007,6381038
zmb,Zambia,1984,3.2572,52.2,6.974,6580490
zmb,Zambia,1985,3.2804,52,6.928,6780953
zmb,Zambia,1986,3.2777,51.8,6.868,6986471
zmb,Zambia,1987,3.3039,51.2,6.798,7191282
zmb,Zambia,1988,3.5734,50.8,6.703,7391440
zmb,Zambia,1989,3.5016,50,6.635,7589216
zmb,Zambia,1990,3.5786,48.8,6.567,7786169
zmb,Zambia,1991,3.5272,47.7,6.458,7981650
zmb,Zambia,1992,3.3415,46.5,6.349,8176680
zmb,Zambia,1993,3.1656,45.7,6.298,8373921
zmb,Zambia,1994,3.4484,44.8,6.26,8576269
zmb,Zambia,1995,3.7565,43.9,6.232,8785763
zmb,Zambia,1996,4.0922,43.2,6.182,9004053
zmb,Zambia,1997,4.0722,42.9,6.124,9237063
zmb,Zambia,1998,4.0523,42.8,6.067,9482408
zmb,Zambia,1999,3.7867,42.8,5.998,9740005
zmb,Zambia,2000,3.5385,43.1,5.921,10017631
zmb,Zambia,2001,3.3065,42.8,5.848,10325185
zmb,Zambia,2002,3.0897,43.7,5.774,10647949
zmb,Zambia,2003,3.189,45.2,5.71,10983595
zmb,Zambia,2004,3.2914,47.2,5.698,11338198
zmb,Zambia,2005,3.1584,48.5,5.697,11718819
zmb,Zambia,2006,3.0308,49.8,5.679,12129553
zmb,Zambia,2007,3.0307,51.8,5.613,12565085
zmb,Zambia,2008,3.0307,53.6,5.53,13021324
zmb,Zambia,2009,3.0306,54.7,5.453,13490389
zmb,Zambia,2010,3.0305,55.4,5.359,13965594
zmb,Zambia,2011,3.0947,55.9,5.256,14437796
zmb,Zambia,2012,3.1602,56.7,5.136,14913629
zmb,Zambia,2013,3.2271,57.5,5.014,15398997
zmb,Zambia,2014,3.2955,58.1,4.89,15895315
zmb,Zambia,2015,3.3653,58.6,4.775,16399089
zmb,Zambia,2016,3.2876,59.1,4.669,16914423
zmb,Zambia,2017,3.2118,59.5,4.567,17441320
zmb,Zambia,2018,3.1377,59.8,4.492,17973569
zmb,Zambia,2019,3.0654,60.2,4.418,18513839
zmb,Zambia,2020,2.9947,59.2,4.323,19059395
zmb,Zambia,2021,2.9256,56.3,4.246,19603607
zmb,Zambia,2022,2.8581,60.9,4.175,20152938
zmb,Zambia,2023,2.9286,61.5,4.101,20723965
zmb,Zambia,2024,2.9625,61.69,4.036,21314956
zwe,Zimbabwe,1960,4.4319,54.6,7.195,3809389
zwe,Zimbabwe,1961,4.557,54.9,7.212,3930401
zwe,Zimbabwe,1962,4.5134,55.2,7.231,4055959
zwe,Zimbabwe,1963,4.3963,55.5,7.23,4185877
zwe,Zimbabwe,1964,4.5947,55.7,7.23,4320006
zwe,Zimbabwe,1965,4.7829,55.9,7.231,4458462
zwe,Zimbabwe,1966,4.6997,56.2,7.196,4601217
zwe,Zimbabwe,1967,4.8136,56.4,7.157,4748307
zwe,Zimbabwe,1968,4.49,56.6,7.114,4900440
zwe,Zimbabwe,1969,5.2606,57,7.036,5058181
zwe,Zimbabwe,1970,6.2592,57.3,6.982,5215918
zwe,Zimbabwe,1971,6.6279,57.7,6.939,5374712
zwe,Zimbabwe,1972,6.9907,58.2,6.942,5542445
zwe,Zimbabwe,1973,7.0318,58.4,6.942,5720404
zwe,Zimbabwe,1974,7.0196,58.9,6.879,5908328
zwe,Zimbabwe,1975,6.9055,59.3,6.832,6098658
zwe,Zimbabwe,1976,6.6874,59.2,6.771,6287105
zwe,Zimbabwe,1977,6.0742,59.1,6.713,6449512
zwe,Zimbabwe,1978,5.9529,57.7,6.658,6543575
zwe,Zimbabwe,1979,5.9448,58.4,6.59,6647556
zwe,Zimbabwe,1980,6.381,61.8,6.517,7041303
zwe,Zimbabwe,1981,6.9606,62.5,6.445,7498635
zwe,Zimbabwe,1982,6.9429,63.2,6.333,7796496
zwe,Zimbabwe,1983,6.8221,63.9,6.197,8098404
zwe,Zimbabwe,1984,6.4727,64.6,6.044,8391488
zwe,Zimbabwe,1985,6.6988,65.3,5.871,8686813
zwe,Zimbabwe,1986,6.6389,65.9,5.688,8982578
zwe,Zimbabwe,1987,6.4522,66.2,5.5,9284644
zwe,Zimbabwe,1988,6.7715,66.2,5.279,9583094
zwe,Zimbabwe,1989,6.9622,65.7,5.073,9864798
zwe,Zimbabwe,1990,7.1751,64.8,4.876,10137281
zwe,Zimbabwe,1991,7.4132,63.4,4.715,10404816
zwe,Zimbabwe,1992,6.5929,61.4,4.567,10702700
zwe,Zimbabwe,1993,6.585,59.4,4.391,10860288
zwe,Zimbabwe,1994,7.2069,57,4.284,10873148
zwe,Zimbabwe,1995,7.1926,54.7,4.153,10974599
zwe,Zimbabwe,1996,7.8512,52.5,4.11,11158360
zwe,Zimbabwe,1997,7.9605,50.7,4.075,11369827
zwe,Zimbabwe,1998,8.0815,49,4.067,11594297
zwe,Zimbabwe,1999,7.9285,47.7,4.056,11783458
zwe,Zimbabwe,2000,7.6398,46.7,4.009,11892055
zwe,Zimbabwe,2001,7.7183,46.4,3.983,11971901
zwe,Zimbabwe,2002,7.0161,46.2,3.925,12087653
zwe,Zimbabwe,2003,5.7945,45.9,3.862,12232323
zwe,Zimbabwe,2004,5.4273,46.5,3.776,12365896
zwe,Zimbabwe,2005,5.0885,47.7,3.693,12483432
zwe,Zimbabwe,2006,4.878,49.2,3.635,12636445
zwe,Zimbabwe,2007,4.6608,51.4,3.677,12804058
zwe,Zimbabwe,2008,3.8078,52.2,3.783,12959149
zwe,Zimbabwe,2009,4.2625,53.9,3.95,13142790
zwe,Zimbabwe,2010,5.0366,56.7,4.04,13356548
zwe,Zimbabwe,2011,5.6504,58.2,4.126,13595424
zwe,Zimbabwe,2012,5.5478,59.3,4.134,13817887
zwe,Zimbabwe,2013,5.447,60.4,4.111,14013808
zwe,Zimbabwe,2014,5.3481,61.5,4.011,14207359
zwe,Zimbabwe,2015,5.251,62.1,3.911,14399013
zwe,Zimbabwe,2016,5.1556,62.6,3.828,14600294
zwe,Zimbabwe,2017,5.062,63.3,3.768,14812482
zwe,Zimbabwe,2018,5.114,63.9,3.744,15034452
zwe,Zimbabwe,2019,5.1664,64.3,3.748,15271368
zwe,Zimbabwe,2020,4.6842,63.5,3.754,15526888
zwe,Zimbabwe,2021,4.9939,59.5,3.765,15797210
zwe,Zimbabwe,2022,5.2108,64.9,3.767,16069056
zwe,Zimbabwe,2023,5.3976,66.3,3.724,16340822
zwe,Zimbabwe,2024,5.41,66.62,3.674,16634373
